;record;Consenso Intersocietario sobre TTO;Consenso europeo ETA;DNI;CODIGO ID;BMI;FAMILY_HISTORY_THYROIDCANCER;HEADANDNECK_RADIATION_EXPOSURE;SMOKE;COMORBIDITIES_YES_NO;METHOD_DETECTION;PREOP_THYROID_FUNCTION;TiRADS_SUMA_CALC;TiRADS_TOTAL;WIDE_TUMORSIZE;HIGH_TUMORSIZE;TICKNESS_TUMORSIZE;RIGHT_LOBE;RIGHT_LOBE_LOCATION;LEFT_LOBE_LOCATION;ISTHMUS_LOCATION;LEFT_LOBE;ISTHMUS;PAAF_YESNO;BETHESDA;a. ¿Sintió la boca seca?;b. ¿Ha tenido problemas para tragar?;c. ¿Ha tenido la voz ronca?;d. ¿Tuvo la voz débil? ;e. ¿Tuvo algún bulto en la garganta?;f. ¿Le molestal la cicatriz en su cuello?;g. ¿Se ha sentido con frío?;h. ¿Ha tenido problemas para tolerar el calor?;i. ¿Tuvo oleadas de calor (bochornos)?;j. ¿Tuvo dolor en los músculos y/o articulaciones?;k. ¿Tuvo una sensación de hormigueo en las manos y/o pies?;l. ¿Ha tenido calambres en las piernas?;m. ¿Se sintió más lento de lo habitual?;n. ¿Ha subido de peso?;o. ¿Sintió dolor, irritación o sequedad en los ojos?;p. ¿Ha tenido problemas de piel (por ejemplo, picazón, sequedad?;q. ¿Sufrió palpitaciones?;r. ¿Tuvo dolores de cabeza?;s. ¿Tuvo ataques repentinos de cansancio?;t. ¿Tuvo problemas para pensar?;u. ¿Tuvo problemas de atención?;v. ¿Se sintió inquieto o agitado?;w. ¿Ha tenido problemas de ansiedad?;x. ¿Qué tanto estuvo interesado en tener relaciones sexuales?;AGE_AT_DIAGNOSIS;GENDER;Tumor_ancho;Tumor_alto;Tipo histologico_otro_especificar;Tipo Histológico;Subtipos_variante_papilar;Subtipos_variante_folicular;Unifocal;Multifocal;Invasion vascular;Invasion llinfatica;Invasion cervicales ;METS Cervicales (si o no o no se evalúa);Metastasis a distancia ;Reporte de Tiroiditis de Hashimoto en histopatologico ;T del AJCC 8 TNM_C;Metastasis del AJCC TNM_C;Nódulos del AJCC TNM_C;Calculadora AJCC 8 TNM_C;AJCC 8 MACIS (7 alto riesgo);Riesgo ATA;Fecha Ingreso;Fecha Egreso;Tipo de cirugia;Tipo de tiroidectomia;Tipo de reseccion;Vaciamiento_derecho_izq_checkbox;Vaciamiento_uni_bilateral;Vaciamiento_derecho_izq_radio;Vaciamiento_Derecho_nivel;Vaciamiento_Izq_nivel;Vaciamiento_nivel;Vaciamiento_tipo;Hospital de seguimiento ;¿Deséa excluir en esta fase el estudio?,
0;1;;;;1;;;;;;;;14;5;;;;;;;;;;Si;;;;;;;;;;;;;;;;;;;;;;;;;;;;;;;;;;;;;;;;;;;;;;;;;;;;;;;;;;;;;Debido a que este formulario fue por error o prueba (práctica).
1;10;;;;10;;;;;;;;;;;;;;;;;;;;;;;;;;;;;;;;;;;;;;;;;;;;;;;;;;;;;;;;;;;;;;;;;;;;;;;;;;;;;;;;
2;10-1;;;;10-1;;;;;;;;;;;;;;;;;;;;;;;;;;;;;;;;;;;;;;;;;;;;;;;;;;;;;;;;;;;;;;;;;;;;;;;;;;;;;;;;
3;11-1;;;0918058603;11-1;28.25;No;No;Nunca;No;Nódulo sintomático;Eutiroideo;11;5;8.30;1.90;5.00;;;Medio;;1;;Si;VI;Para nada;Para nada;Para nada;Para nada;Un poco;Para nada;Para nada;Para nada;Un poco;Un poco;Un poco;Para nada;Para nada;Para nada;Un poco;Un poco;Para nada;Para nada;Para nada;Para nada;Para nada;Un poco;Un poco;Un poco;45;Mujer;;;;;;;;;;;;;;;;;;;;;;;;;;;;;;;;;;
4;11-10;;;0704046705;11-10;30.68;No;No;Nunca;No;Nódulo sintomático;;8;5;73.00;39.00;59.00;1;;;;;;Si;VI;Para nada;Un poco;Bastante;Para nada;Bastante;;Un poco;Bastante;Un poco;Bastante;Un poco;Un poco;Bastante;Para nada;Para nada;Un poco;Bastante;Un poco;Un poco;Un poco;Para nada;Para nada;Para nada;Un poco;41;Mujer;;;;;;;;;;;;;;;;;;;;;;;;;;;;;;;;;;
5;11-11;;;0914964119;11-11;29.38;No;No;Nunca;Si;Tamizaje;Hipotiroideo;5;4;10.00;9.00;;1;Polo inferior;;;;;Si;V;Un poco;Para nada;Para nada;Para nada;Para nada;Para nada;Para nada;Bastante;Para nada;Para nada;Un poco;Para nada;Para nada;Para nada;Un poco;Para nada;Un poco;Un poco;Para nada;Para nada;Un poco;Para nada;Para nada;Para nada;52;Mujer;;;;;;;;;;;;;;;;;;;;;;;;;;;;;;;;;;
6;11-12;;;0909712218;11-12;52.34;No;No;Nunca;Si;Nódulo sintomático;Eutiroideo;8;5;42.00;23.00;6.00;;;;;1;;Si;V;Para nada;Para nada;Un poco;Un poco;Para nada;Para nada;Un poco;Un poco;Bastante;Bastante;Un poco;Un poco;Un poco;Para nada;Para nada;Para nada;Un poco;Para nada;Un poco;Un poco;Un poco;Un poco;Para nada;Para nada;59;Mujer;;;;;;;;;;;;;;;;;;;;;;;;;;;;;;;;;;
7;11-13;;;1202115596;11-13;22.77;No;No;Nunca;Si;Nódulo sintomático;Eutiroideo;4;4;29.00;17.00;;1;Medio;;;;;Si;VI;Para nada;Un poco;Un poco;Para nada;Para nada;Para nada;Un poco;Un poco;Un poco;Un poco;Para nada;Para nada;Para nada;Para nada;Un poco;Para nada;Para nada;Para nada;Un poco;Bastante;Un poco;Para nada;Para nada;Para nada;72;Mujer;;;;;;;;;;;;;;;;;;;;;;;;;;;;;;;;;;
8;11-14;;;0907736425;11-14;24.24;No;Si;Nunca;Si;Nódulo sintomático;Eutiroideo;8;5;10.00;10.00;;;;Polo inferior;;1;;Si;V;Un poco;Para nada;Un poco;Para nada;Para nada;Un poco;Para nada;Para nada;Para nada;Para nada;Para nada;Para nada;Para nada;Para nada;Un poco;Para nada;Para nada;Para nada;Para nada;Para nada;Para nada;Para nada;Un poco;Para nada;60;Mujer;;;;;;;;;;;;;;;;;;;;;;;;;;;;;;;;;;
9;11-15;;;0916170459;11-15;32.67;No;No;Nunca;Si;Imagen incidental;;4;4;17.00;1.00;2.00;1;Polo superior;;;;;Si;V;Un poco;Para nada;Un poco;Para nada;Para nada;Para nada;Un poco;Un poco;Mucho;Bastante;Un poco;Para nada;Un poco;Un poco;Un poco;Un poco;Bastante;Bastante;Un poco;Para nada;Para nada;Mucho;Mucho;Para nada;52;Mujer;;;;;;;;;;;;;;;;;;;;;;;;;;;;;;;;;;
10;11-16;;;0802519934;11-16;34.35;No;No;Nunca;Si;Imagen incidental;Eutiroideo;10;5;24.00;26.00;11.00;1;Polo superior;;;;;Si;VI;Para nada;Para nada;Para nada;Para nada;Para nada;Para nada;Para nada;Para nada;Para nada;Un poco;Un poco;Un poco;Para nada;Un poco;Para nada;Para nada;Para nada;Para nada;Para nada;Para nada;Para nada;Un poco;Un poco;Para nada;31;Mujer;;;;;;;;;;;;;;;;;;;;;;;;;;;;;;;;;;
11;11-17;;;0925999336;11-17;23.73;No;No;Nunca;Si;Nódulo sintomático;Eutiroideo;6;4;1.70;1.60;1.60;1;Polo inferior;;;;;Si;VI;Para nada;Un poco;Para nada;Para nada;Un poco;Para nada;Bastante;Para nada;Para nada;Bastante;Bastante;Para nada;Para nada;Para nada;Para nada;Para nada;Bastante;Bastante;Un poco;Para nada;Para nada;Bastante;Bastante;Para nada;36;Mujer;;;;;;;;;;;;;;;;;;;;;;;;;;;;;;;;;;
12;11-18;;;0921836763;11-18;24.54;No;No;Nunca;No;Imagen incidental;Hipotiroideo;5;4;11.00;9.00;1.12;;;Medio;;1;;Si;IV;Para nada;Para nada;Para nada;Para nada;Para nada;Para nada;Para nada;Para nada;Para nada;Para nada;Para nada;Para nada;Un poco;Para nada;Para nada;Para nada;Para nada;Para nada;Un poco;Para nada;Para nada;Para nada;Para nada;Para nada;36;Mujer;;;;;;;;;;;;;;;;;;;;;;;;;;;;;;;;;;
13;11-19;;;1309209995;11-19;22.83;No;No;Nunca;No;Imagen incidental;Hipotiroideo;4;4;39.00;26.00;29.00;1;Polo inferior;;;;;Si;VI;Para nada;Para nada;Para nada;Un poco;Para nada;Para nada;Para nada;Un poco;Para nada;Para nada;Para nada;Para nada;Para nada;Para nada;Para nada;Para nada;Para nada;Para nada;Para nada;Para nada;Para nada;Para nada;Para nada;Un poco;45;Mujer;;;;;;;;;;;;;;;;;;;;;;;;;;;;;;;;;;
14;11-2;;;0909743544;11-2;22.21;No;No;Nunca;No;Nódulo sintomático;Eutiroideo;8;5;19.00;42.00;3.00;1;Polo inferior;;;;;Si;V;Un poco;Para nada;Un poco;Bastante;Para nada;Un poco;Para nada;Para nada;Para nada;Para nada;Para nada;Para nada;Para nada;Para nada;Un poco;Para nada;Un poco;Para nada;Para nada;Para nada;Para nada;Un poco;Para nada;Un poco;58;Mujer;;;;;;;;;;;;;;;;;;;;;;;;;;;;;;;;;;
15;11-20;;;0920227170;11-20;24.2;No;No;Nunca;No;Imagen incidental;Eutiroideo;6;4;30.00;27.00;50.00;1;Polo superior;;;;;Si;VI;Para nada;Para nada;Para nada;Para nada;Para nada;Para nada;Para nada;Para nada;Para nada;Para nada;Un poco;Para nada;Un poco;Para nada;Para nada;Para nada;Para nada;Un poco;Un poco;Para nada;Para nada;Bastante;Bastante;Para nada;43;Mujer;;;;;;;;;;;;;;;;;;;;;;;;;;;;;;;;;;
16;11-21;;;0917971806;11-21;33.16;No;No;Nunca;No;Nódulo sintomático;Eutiroideo;8;5;1.30;0.80;;;;Polo superior;;1;;Si;VI;Para nada;Para nada;Un poco;Para nada;Para nada;;Para nada;Un poco;Un poco;Un poco;Un poco;Un poco;Para nada;Para nada;Para nada;Para nada;Un poco;Un poco;Para nada;Para nada;Para nada;Un poco;Un poco;Para nada;44;Mujer;;;;;;;;;;;;;;;;;;;;;;;;;;;;;;;;;;
17;11-22;;;0941775223;11-22;24.24;No;No;Nunca;No;Nódulo sintomático;Eutiroideo;3;3;7.10;4.40;8.00;;;;;1;;Si;V;Un poco;Para nada;Para nada;Para nada;Para nada;Para nada;Para nada;Bastante;Bastante;Para nada;Para nada;Para nada;Para nada;Un poco;Para nada;Un poco;Un poco;Para nada;Bastante;Para nada;Para nada;Un poco;Bastante;Un poco;26;Mujer;;;;;;;;;;;;;;;;;;;;;;;;;;;;;;;;;;
18;11-23;;;1207205699;11-23;25.56;No;No;Nunca;No;;;5;4;3.40;2.30;;;;;;;;Si;IV;Un poco;Para nada;Para nada;Para nada;;Para nada;Un poco;Para nada;Para nada;Para nada;Para nada;Para nada;Para nada;Un poco;Un poco;Un poco;Para nada;Un poco;Un poco;Para nada;Un poco;Un poco;Un poco;Un poco;33;Mujer;;;;;;;;;;;;;;;;;;;;;;;;;;;;;;;;;;
19;11-24;;;1310651482;11-24;32.97;No;No;Nunca;No;Imagen incidental;Eutiroideo;7;5;1.40;4.90;2.00;1;;;;;;Si;VI;Un poco;Para nada;Un poco;Un poco;Un poco;Bastante;Para nada;Para nada;Para nada;Para nada;Para nada;Para nada;Para nada;Para nada;Para nada;Para nada;Para nada;Para nada;Para nada;Para nada;Para nada;Para nada;Para nada;Un poco;38;Mujer;;;;;;;;;;;;;;;;;;;;;;;;;;;;;;;;;;
20;11-25;;;0916040033;11-25;25.21;Si;No;Nunca;Si;Imagen incidental;;6;4;34.10;24.80;;;;Medio;;3;;Si;V;Un poco;Para nada;Bastante;Bastante;Bastante;Bastante;Mucho;Para nada;Para nada;Bastante;Un poco;Un poco;Bastante;Para nada;Para nada;Bastante;Para nada;Para nada;Bastante;Bastante;Bastante;Para nada;Un poco;Para nada;46;Mujer;;;;;;;;;;;;;;;;;;;;;;;;;;;;;;;;;;
21;11-26;;;0301774212;11-26;30.49;No;No;Ex Fumador;No;Imagen incidental;Eutiroideo;5;4;1.30;1.20;0.80;1;Medio;;;;;Si;V;Un poco;Un poco;Un poco;Para nada;Para nada;;Para nada;Bastante;Para nada;Un poco;Un poco;Para nada;Bastante;Para nada;Para nada;Bastante;Bastante;Un poco;Bastante;Bastante;Bastante;Un poco;Para nada;Para nada;38;Mujer;;;;;;;;;;;;;;;;;;;;;;;;;;;;;;;;;;
22;11-27;;;0910594126;11-27;31.72;No;No;Nunca;;Imagen incidental;Eutiroideo;6;4;;;;;;;;;1;Si;V;Para nada;Para nada;Un poco;Para nada;Para nada;;Para nada;Bastante;Bastante;Para nada;Para nada;Para nada;Para nada;Un poco;Para nada;Un poco;Para nada;Para nada;Un poco;Un poco;Para nada;Un poco;Un poco;Un poco;56;Mujer;;;;;;;;;;;;;;;;;;;;;;;;;;;;;;;;;;
23;11-28;;;0924572050;11-28;39.09;Si;No;Nunca;No;Pruebas no relacionadas;Eutiroideo;5;4;3.30;2.20;;2;;;;;;Si;VI;Un poco;Bastante;Mucho;Bastante;Un poco;Para nada;Para nada;Bastante;Bastante;Un poco;Bastante;Bastante;Para nada;Para nada;Bastante;Para nada;Para nada;Un poco;Un poco;Para nada;Para nada;Para nada;Bastante;Para nada;38;Mujer;;;;;;;;;;;;;;;;;;;;;;;;;;;;;;;;;;
24;11-29;;;0916209307;11-29;28.57;Si;No;Nunca;No;Nódulo sintomático;Eutiroideo;7;5;13.50;8.50;2.55;;;;;1;;Si;VI;Para nada;Un poco;Para nada;Para nada;Un poco;Un poco;Un poco;Un poco;Un poco;Bastante;Para nada;Para nada;Bastante;Para nada;Para nada;Bastante;Para nada;Un poco;Un poco;Un poco;Un poco;Un poco;Un poco;Bastante;45;Mujer;;;;;;;;;;;;;;;;;;;;;;;;;;;;;;;;;;
25;11-3;;;0913731675;11-3;44.88;No;No;Nunca;Si;Tamizaje;Eutiroideo;6;4;2.30;6.40;4.50;1;;;;;;Si;VI;Un poco;Para nada;Bastante;Bastante;Para nada;Un poco;Para nada;Para nada;Bastante;Para nada;Para nada;Para nada;Bastante;Para nada;Para nada;Para nada;Bastante;Un poco;Bastante;Bastante;Un poco;Un poco;Bastante;Bastante;51;Mujer;;;;;;;;;;;;;;;;;;;;;;;;;;;;;;;;;;
26;11-30;;;2400202756;11-30;19.84;Si;No;Nunca;Si;Tamizaje;Eutiroideo;9;5;24.00;8.00;;;;Medio;;1;;Si;VI;Para nada;Para nada;Un poco;Bastante;Para nada;Para nada;Para nada;Para nada;Para nada;Bastante;Un poco;Un poco;Para nada;Para nada;Para nada;Para nada;Un poco;Un poco;Bastante;Para nada;Para nada;Para nada;Para nada;Para nada;28;Mujer;;;;;;;;;;;;;;;;;;;;;;;;;;;;;;;;;;
27;11-31;;;0904567039;11-31;28.51;Si;Si;Nunca;Si;Nódulo sintomático;Eutiroideo;11;5;2.83;2.89;;3;Polo superior;;;;;No;;Para nada;Para nada;Un poco;Un poco;Un poco;Un poco;Un poco;Para nada;Un poco;Bastante;Un poco;Un poco;Para nada;Para nada;Para nada;Un poco;Para nada;Para nada;Para nada;Para nada;Para nada;Para nada;Para nada;Un poco;73;Mujer;;;;;;;;;;;;;;;;;;;;;;;;;;;;;;;;;;
28;11-32;;;0916186166;11-32;24.69;No;No;Nunca;Si;Imagen incidental;Eutiroideo;11;5;1.30;1.60;2.60;;;Polo inferior;;1;;Si;VI;Un poco;Para nada;Para nada;Para nada;Para nada;Un poco;Un poco;Un poco;Para nada;Un poco;Para nada;Para nada;Un poco;Para nada;Un poco;Para nada;Bastante;Para nada;Para nada;Un poco;Un poco;Un poco;Bastante;Un poco;40;Mujer;;;;;;;;;;;;;;;;;;;;;;;;;;;;;;;;;;
29;11-33;;;0929465870;11-33;29.3;Si;No;Nunca;Si;Tamizaje;Eutiroideo;4;4;1.21;0.90;1.80;;;Medio;;1;;Si;VI;;;;;;;;;;;;;;;;;;;;;;;;;31;Mujer;;;;;;;;;;;;;;;;;;;;;;;;;;;;;;;;;;
30;11-34;;;0910160944;11-34;;No;No;Nunca;Si;Nódulo sintomático;Hipertiroideo;7;5;4.80;2.60;3.00;;;;;1;;Si;V;Mucho;Mucho;Mucho;Mucho;Para nada;Para nada;Para nada;Mucho;Mucho;Mucho;Bastante;Mucho;Mucho;Para nada;Para nada;Mucho;Mucho;Mucho;Bastante;Bastante;Bastante;Bastante;Mucho;Bastante;58;Hombre;;;;;;;;;;;;;;;;;;;;;;;;;;;;;;;;;;
31;11-4;;;1202763619;11-4;27.54;Si;No;Nunca;No;Imagen incidental;Eutiroideo;8;5;1.70;1.10;1.20;1;;;;;;;;;;;;;;;;;;;;;;;;;;;;;;;;54;Mujer;;;;;;;;;;;;;;;;;;;;;;;;;;;;;;;;;;
32;11-5;;;1204482168;11-5;29.01;No;No;Nunca;No;Imagen incidental;Eutiroideo;7;5;0.80;0.90;;;;;;;;Si;V;Para nada;Para nada;Para nada;Para nada;Para nada;Un poco;Para nada;Para nada;Para nada;Para nada;Para nada;Un poco;Para nada;Un poco;Para nada;Para nada;Un poco;Un poco;Para nada;Para nada;Un poco;Para nada;Mucho;Mucho;43;Mujer;;;;;;;;;;;;;;;;;;;;;;;;;;;;;;;;;;
33;11-6;;;0925348377;11-6;26.64;No;No;Nunca;No;Nódulo sintomático;Eutiroideo;2;2;1.24;4.81;1.28;1;;Medio;;1;;Si;VI;Para nada;Para nada;Un poco;Un poco;Para nada;Un poco;Un poco;Un poco;Para nada;Un poco;Para nada;Para nada;Para nada;Un poco;Para nada;Un poco;Un poco;Un poco;Un poco;Un poco;Un poco;Para nada;Para nada;Bastante;34;Mujer;;;;;;;;;;;;;;;;;;;;;;;;;;;;;;;;;;
34;11-7;;;0951503501;11-7;24.44;No;No;Nunca;No;Nódulo sintomático;Eutiroideo;9;5;1.42;1.84;1.77;;;;;;1;Si;IV;Un poco;Para nada;Para nada;Para nada;Para nada;Un poco;Un poco;Bastante;Para nada;Para nada;Un poco;Para nada;Para nada;Para nada;Para nada;Un poco;Para nada;Para nada;Para nada;Un poco;Un poco;Un poco;Para nada;Un poco;20;Mujer;;;;;;;;;;;;;;;;;;;;;;;;;;;;;;;;;;
35;11-8;;;1724017163;11-8;36.13;No;No;Nunca;No;Nódulo sintomático;Hipotiroideo;10;5;4.30;2.90;;1;Medio;;;;;Si;V;Para nada;Un poco;Un poco;Para nada;Para nada;Bastante;Para nada;Para nada;Para nada;Un poco;Un poco;Para nada;Para nada;Para nada;Para nada;Un poco;Para nada;Para nada;Para nada;Para nada;Para nada;Para nada;Para nada;Un poco;30;Mujer;;;;;;;;;;;;;;;;;;;;;;;;;;;;;;;;;;
36;11-9;;;0900989006;11-9;;;;;;;Hipotiroideo;7;5;1.00;0.07;;1;Medio;;;;;Si;VI;;;;;;;;;;;;;;;;;;;;;;;;;79;Mujer;;;;;;;;;;;;;;;;;;;;;;;;;;;;;;;;;;
37;12-1;BAJO RIESGO;RIESGO BAJO;;12-1;;;;;;;;;;;;;;;;;;;;;;;;;;;;;;;;;;;;;;;;;;;;;;;12;12;;Papilar;CPT- Clásica;;Unilateral izquierdo;;;;Ninguna;Si;No;Si;;0;N1a;"T1BN1AM0				";;RIESGO BAJO;2023-09-05;2023-09-08;Convencional;Total;Ro- Libre de tumor;Derecho;;;;;;Central;;
38;12-10;;;0106069099;12-10;27.14;Si;No;Nunca;No;Tamizaje;Eutiroideo;4;4;0.88;0.58;10.50;;;Polo superior;;;;Si;IV;Para nada;Un poco;Para nada;Para nada;Un poco;Un poco;Bastante;Para nada;Para nada;Para nada;Para nada;Para nada;Para nada;Un poco;Para nada;Para nada;Para nada;Un poco;Bastante;Para nada;Para nada;Para nada;Para nada;Para nada;34;Mujer;;;;;;;;;;;;;;;;;;;;;;;;;;;;;;;;;;
39;12-100;;;0704280726;12-100;24.54;;No;Nunca;Si;Tamizaje;Eutiroideo;6;4;13.00;15.00;14.00;;;;;;;Si;VI;Para nada;Para nada;Un poco;Para nada;Para nada;Un poco;Un poco;Para nada;Para nada;Un poco;Un poco;Para nada;Un poco;Para nada;Para nada;Un poco;Bastante;Un poco;Un poco;Un poco;Un poco;Para nada;Un poco;Para nada;41;Mujer;;;;;;;;;;;;;;;;;;;;;;;;;;;;;;;;;;
40;12-101;;;0101977783;12-101;26.67;No;No;Nunca;Si;Nódulo sintomático;Hipotiroideo;5;4;5.70;6.80;4.80;;Polo superior;;;;;Si;II;Para nada;Para nada;Para nada;Para nada;Para nada;Para nada;Para nada;Para nada;Para nada;Para nada;Para nada;Para nada;Para nada;Para nada;Para nada;Para nada;Para nada;Para nada;Para nada;Para nada;Para nada;Para nada;Para nada;Para nada;79;Mujer;;;;;;;;;;;;;;;;;;;;;;;;;;;;;;;;;;
41;12-102;;;0104137526;12-102;29.59;;No;Nunca;No;Tamizaje;Hipotiroideo;7;5;10.42;14.48;22.90;;Polo superior;;;;;Si;VI;Un poco;Para nada;Para nada;Un poco;Para nada;Para nada;Para nada;Para nada;Para nada;Para nada;Para nada;Para nada;Para nada;Para nada;Para nada;Para nada;Para nada;Para nada;Para nada;Para nada;Para nada;Para nada;Para nada;Un poco;44;Mujer;;;;;;;;;;;;;;;;;;;;;;;;;;;;;;;;;;
42;12-103;;;0103334090;12-103;21.62;No;No;Nunca;Si;Tamizaje;Eutiroideo;5;4;12.00;10.00;16.00;;Polo superior;;;;;Si;III;Para nada;Bastante;Un poco;Para nada;Para nada;Para nada;Para nada;Un poco;Un poco;Un poco;Para nada;Para nada;Un poco;Para nada;Un poco;Para nada;Para nada;Un poco;Para nada;Un poco;Un poco;Para nada;Para nada;Para nada;51;Mujer;;;;;;;;;;;;;;;;;;;;;;;;;;;;;;;;;;
43;12-104;;;0104861497;12-104;23.73;No;No;Nunca;Si;Tamizaje;Eutiroideo;7;5;15.00;11.00;16.00;;Medio;;;;;Si;IV;Para nada;Para nada;Un poco;Un poco;Para nada;Un poco;Para nada;Para nada;Para nada;Para nada;Para nada;Para nada;Para nada;Para nada;Para nada;Un poco;Para nada;Para nada;Un poco;Para nada;Para nada;Para nada;Un poco;Para nada;40;Mujer;;;;;;;;;;;;;;;;;;;;;;;;;;;;;;;;;;
44;12-105;;;0300628187;12-105;25.04;No;No;Nunca;No;Nódulo sintomático;Eutiroideo;3;3;49.00;44.00;49.00;;;Polo superior;;;;Si;V;Un poco;Un poco;Bastante;Bastante;Un poco;Un poco;Un poco;Un poco;Para nada;Un poco;Para nada;Para nada;Un poco;Para nada;Para nada;Para nada;Para nada;Un poco;Un poco;Para nada;Para nada;Para nada;Para nada;Para nada;65;Hombre;;;;;;;;;;;;;;;;;;;;;;;;;;;;;;;;;;
45;12-106;;;0925714305;12-106;26.5;;No;Nunca;No;Tamizaje;Hipotiroideo;7;5;17.00;8.00;17.00;;;Medio;;;;Si;V;Un poco;Un poco;Un poco;Un poco;Un poco;Para nada;Para nada;Bastante;Bastante;Un poco;Para nada;Un poco;Un poco;Un poco;Un poco;Un poco;Bastante;Un poco;Bastante;Un poco;Un poco;Un poco;Un poco;Para nada;38;Mujer;;;;;;;;;;;;;;;;;;;;;;;;;;;;;;;;;;
46;12-107;;;0301725156;12-107;23.73;No;No;Nunca;Si;Tamizaje;Eutiroideo;5;4;8.00;5.00;8.00;;Medio;;;;;Si;V;Un poco;Para nada;Un poco;Un poco;Un poco;Para nada;Para nada;Para nada;Para nada;Para nada;Para nada;Para nada;Para nada;Para nada;Para nada;Para nada;Para nada;Para nada;Para nada;Bastante;Bastante;Para nada;Para nada;Para nada;45;Mujer;;;;;;;;;;;;;;;;;;;;;;;;;;;;;;;;;;
47;12-108;;;1708753189;12-108;33.75;No;No;Nunca;Si;Tamizaje;Eutiroideo;4;4;43.00;32.00;36.00;;Polo superior;;;;;Si;IV;Un poco;Un poco;Un poco;Para nada;Para nada;Para nada;Para nada;Para nada;Para nada;Bastante;Para nada;Para nada;Un poco;Para nada;Para nada;Un poco;Para nada;Un poco;Un poco;Para nada;Para nada;Para nada;Para nada;Para nada;59;Hombre;;;;;;;;;;;;;;;;;;;;;;;;;;;;;;;;;;
48;12-109;;;1720252582;12-109;21.43;No;No;Nunca;No;Tamizaje;Eutiroideo;7;5;17.00;8.00;13.70;;Polo superior;;;;;Si;II;Un poco;Un poco;Un poco;Para nada;Para nada;Para nada;Un poco;Un poco;Para nada;Bastante;Para nada;Bastante;Un poco;Para nada;Bastante;Bastante;Para nada;Bastante;Un poco;Un poco;Un poco;Bastante;Bastante;Para nada;37;Mujer;;;;;;;;;;;;;;;;;;;;;;;;;;;;;;;;;;
49;12-11;MUY BAJO RIESGO;RIESGO BAJO;0103412847;12-11;35.06;No;No;Nunca;Si;Tamizaje;Eutiroideo;7;5;8.00;9.00;10.00;1;Polo inferior;Polo inferior;;1;;Si;V;Para nada;Para nada;Para nada;Para nada;Un poco;Un poco;Para nada;Para nada;Para nada;Un poco;Para nada;Para nada;Para nada;Un poco;Para nada;Para nada;Para nada;Para nada;Para nada;Para nada;Para nada;Para nada;Para nada;Un poco;52;Mujer;;;;Papilar;CPT- Clásica;;;Bilateral;No hay presencia de invasión;No hay presencia de invasión;Ninguna;No;No;No;;M0;N0;T1BN0M0;4.37;RIESGO BAJO;2023-08-22;2023-08-25;Convencional;Total;Ro- Libre de tumor;;;;;;;Central;SOLCA UIO - Ecuador (EC02P);
50;12-110;;;1102512520;12-110;28.07;No;No;Nunca;Si;Tamizaje;Eutiroideo;10;5;15.00;16.00;10.00;;Medio;;;;;Si;IV;Un poco;Para nada;Para nada;Un poco;Para nada;Para nada;Un poco;Para nada;Para nada;Un poco;Un poco;Para nada;Para nada;Para nada;Para nada;Un poco;Para nada;Un poco;Para nada;Para nada;Para nada;Para nada;Para nada;Para nada;61;Mujer;;;;;;;;;;;;;;;;;;;;;;;;;;;;;;;;;;
51;12-111;;;0101245249;12-111;22.69;No;No;Ex Fumador;No;Nódulo sintomático;Hipotiroideo;7;5;24.00;21.00;30.00;;;Polo superior;;;;Si;VI;Un poco;Un poco;Para nada;Para nada;Un poco;Un poco;Un poco;Para nada;Para nada;Un poco;Para nada;Para nada;Para nada;Para nada;Un poco;Para nada;Para nada;Un poco;Para nada;Para nada;Para nada;Para nada;Para nada;Para nada;69;Mujer;;;;;;;;;;;;;;;;;;;;;;;;;;;;;;;;;;
52;12-112;;;0102724663;12-112;25.24;No;No;Nunca;No;Tamizaje;Eutiroideo;7;5;6.00;5.00;7.80;;Medio;;;;;Si;IV;Un poco;Para nada;Para nada;Para nada;Un poco;Para nada;Un poco;Un poco;Un poco;Un poco;Para nada;Para nada;Para nada;Para nada;Un poco;Un poco;Un poco;Para nada;Para nada;Para nada;Para nada;Un poco;Un poco;Un poco;58;Mujer;;;;;;;;;;;;;;;;;;;;;;;;;;;;;;;;;;
53;12-113;;;0103229761;12-113;31.61;No;No;Nunca;No;Tamizaje;Hipertiroideo;4;4;48.00;31.00;27.00;;;Polo superior;;;;Si;VI;Para nada;Para nada;Para nada;Para nada;Para nada;Para nada;Para nada;Para nada;Para nada;Para nada;Para nada;Para nada;Para nada;Para nada;Para nada;Para nada;Para nada;Para nada;Para nada;Para nada;Para nada;Para nada;Para nada;Para nada;54;Mujer;;;;;;;;;;;;;;;;;;;;;;;;;;;;;;;;;;
54;12-114;;;0103499067;12-114;30.54;No;No;Nunca;No;Tamizaje;Hipotiroideo;5;4;9.00;11.00;16.00;;;;Polo superior;;;Si;VI;Para nada;Para nada;Para nada;Para nada;Para nada;Para nada;Para nada;Para nada;Para nada;Un poco;Para nada;Para nada;Para nada;Un poco;Para nada;Para nada;Para nada;Para nada;Un poco;Para nada;Un poco;Para nada;Para nada;Para nada;51;Mujer;;;;;;;;;;;;;;;;;;;;;;;;;;;;;;;;;;
55;12-115;;;0602752768;12-115;25.24;No;No;Nunca;Si;Tamizaje;Hipotiroideo;5;4;5.00;7.00;0.00;;Medio;;;;;Si;V;Para nada;Para nada;Para nada;Para nada;Para nada;Para nada;Para nada;Para nada;Para nada;Un poco;Para nada;Para nada;Para nada;Un poco;Para nada;Un poco;Para nada;Para nada;Un poco;Para nada;Para nada;Para nada;Un poco;Para nada;53;Mujer;;;;;;;;;;;;;;;;;;;;;;;;;;;;;;;;;;
56;12-116;;;0906992268;12-116;32.85;Si;No;Nunca;Si;Tamizaje;Eutiroideo;4;4;6.00;5.00;7.80;;;Medio;;;;Si;VI;Para nada;Para nada;Un poco;Un poco;Para nada;Un poco;Para nada;Para nada;Para nada;Para nada;Un poco;Un poco;Para nada;Para nada;Para nada;Un poco;Para nada;Para nada;Un poco;Un poco;Un poco;Un poco;Un poco;Bastante;73;Hombre;;;;;;;;;;;;;;;;;;;;;;;;;;;;;;;;;;
57;12-117;;;1728400605;12-117;30.59;Si;No;Nunca;No;Tamizaje;Eutiroideo;7;5;17.00;11.00;19.00;;Medio;;;;;Si;VI;Un poco;Para nada;Para nada;Para nada;Para nada;Un poco;Un poco;Bastante;Bastante;Un poco;Un poco;Para nada;Bastante;Un poco;Para nada;Un poco;Para nada;Bastante;Bastante;Bastante;Bastante;Un poco;Un poco;Para nada;27;Mujer;;;;;;;;;;;;;;;;;;;;;;;;;;;;;;;;;;
58;12-118;;;105204820;12-118;30.59;No;No;Nunca;Si;Nódulo sintomático;Eutiroideo;5;4;20.00;12.00;21.00;;;Polo superior;;;;Si;V;Un poco;Un poco;Bastante;Bastante;Un poco;Para nada;Para nada;Para nada;Para nada;Para nada;Para nada;Para nada;Para nada;Un poco;Para nada;Un poco;Para nada;Para nada;Para nada;Para nada;Para nada;Para nada;Para nada;Bastante;36;Mujer;;;;;;;;;;;;;;;;;;;;;;;;;;;;;;;;;;
59;12-119;;;0102197274;12-119;24.68;No;No;Nunca;No;Nódulo sintomático;Hipotiroideo;4;4;23.00;6.00;0.00;;;Polo superior;;;;Si;I;Un poco;Un poco;Un poco;Un poco;Un poco;Un poco;Un poco;Para nada;Para nada;Un poco;Un poco;Un poco;Un poco;Para nada;Un poco;Un poco;Un poco;Un poco;Un poco;Para nada;Para nada;Bastante;Bastante;Para nada;89;Mujer;;;;;;;;;;;;;;;;;;;;;;;;;;;;;;;;;;
60;12-12;MUY BAJO RIESGO;RIESGO BAJO;0105677272;12-12;25.22;No;No;Nunca;No;Tamizaje;Hipertiroideo;7;5;12.00;11.00;9.00;1;Medio;Polo inferior;;1;;Si;V;Un poco;Para nada;Un poco;Un poco;Un poco;Un poco;Para nada;Para nada;Para nada;Para nada;Un poco;Para nada;Para nada;Un poco;Para nada;Un poco;Un poco;Bastante;Para nada;Bastante;Un poco;Un poco;Un poco;Un poco;36;Mujer;;;;Papilar;CPT- Clásica;;Unilateral izquierdo;;No hay presencia de invasión;Si, no especifica localización;Ninguna;Si;No;No;;0;N1a;T1AN0M0;3.40;RIESGO BAJO;2023-08-18;2023-08-20;Convencional;Total;Ro- Libre de tumor;;;;;;;Central;SOLCA CUE - Ecuador (EC05P);
61;12-120;;;1400228068;12-120;30.36;No;No;Nunca;No;Nódulo sintomático;Eutiroideo;10;5;18.00;12.00;29.00;;;Polo inferior;;;;Si;V;Para nada;Un poco;Un poco;Un poco;Para nada;Un poco;Un poco;Un poco;Un poco;Un poco;Un poco;Un poco;Un poco;Para nada;Para nada;Un poco;Para nada;Para nada;Bastante;Para nada;Para nada;Un poco;Un poco;Para nada;59;Mujer;;;;;;;;;;;;;;;;;;;;;;;;;;;;;;;;;;
62;12-121;;;0705301273;12-121;38.48;No;No;Ex Fumador;No;Tamizaje;Eutiroideo;11;5;19.00;13.00;18.00;;Medio;;;;;Si;V;Un poco;Para nada;Un poco;Un poco;Un poco;Para nada;Un poco;Para nada;Para nada;Un poco;Un poco;Un poco;Un poco;Un poco;Para nada;Para nada;Para nada;Un poco;Un poco;Para nada;Para nada;Un poco;Un poco;Un poco;35;Mujer;;;;;;;;;;;;;;;;;;;;;;;;;;;;;;;;;;
63;12-122;;;0301788279;12-122;28.23;No;No;Nunca;No;Nódulo sintomático;Hipotiroideo;7;5;18.00;12.00;15.50;;Polo superior;;;;;Si;V;Para nada;Para nada;Un poco;Un poco;Para nada;Un poco;Para nada;Para nada;Para nada;Para nada;Para nada;Para nada;Un poco;Para nada;Para nada;Para nada;Para nada;Para nada;Un poco;Para nada;Para nada;Para nada;Para nada;Para nada;44;Mujer;;;;;;;;;;;;;;;;;;;;;;;;;;;;;;;;;;
64;12-123;;;0300898350;12-123;30.51;No;No;Nunca;Si;Nódulo sintomático;Eutiroideo;6;4;9.34;8.74;10.83;;;Medio;;;;Si;I;Un poco;Para nada;Un poco;Un poco;Un poco;Un poco;Bastante;Bastante;Para nada;Para nada;Para nada;Un poco;Bastante;Un poco;Un poco;Un poco;Un poco;Un poco;Un poco;Un poco;Un poco;Bastante;Bastante;Para nada;62;Mujer;;;;;;;;;;;;;;;;;;;;;;;;;;;;;;;;;;
65;12-124;;;0102988953;12-124;29.07;Si;No;Nunca;Si;Nódulo sintomático;Eutiroideo;7;5;33.00;30.00;34.33;;;Polo superior;;;;Si;V;Para nada;Para nada;Un poco;Un poco;Un poco;Para nada;Para nada;Para nada;Para nada;Para nada;Para nada;Para nada;Para nada;Un poco;Para nada;Para nada;Un poco;Un poco;Un poco;Un poco;Un poco;Un poco;Un poco;Bastante;55;Hombre;;;;;;;;;;;;;;;;;;;;;;;;;;;;;;;;;;
66;12-125;;;0908808819;12-125;24.97;No;No;Nunca;No;Nódulo sintomático;Eutiroideo;6;4;0.68;0.70;11.00;;Polo superior;;;;;Si;V;Para nada;Un poco;Un poco;Un poco;Un poco;Un poco;Para nada;Un poco;Para nada;Para nada;Un poco;Para nada;Un poco;Para nada;Un poco;Un poco;Para nada;Un poco;Bastante;Bastante;Bastante;Un poco;Un poco;Para nada;63;Mujer;;;;;;;;;;;;;;;;;;;;;;;;;;;;;;;;;;
67;12-126;;;1150359790;12-126;21.16;No;No;Nunca;No;Nódulo sintomático;Eutiroideo;11;5;14.00;19.00;1.00;;;Medio;;;;Si;VI;Para nada;Para nada;Un poco;Un poco;Un poco;Para nada;Un poco;Para nada;Para nada;Para nada;Para nada;Para nada;Un poco;Para nada;Para nada;Para nada;Para nada;Un poco;Un poco;Para nada;Para nada;Para nada;Para nada;Para nada;29;Mujer;;;;;;;;;;;;;;;;;;;;;;;;;;;;;;;;;;
68;12-127;;;0701721276;12-127;25.8;No;No;Nunca;Si;Tamizaje;Eutiroideo;11;5;12.00;8.00;10.00;;Polo superior;;;;;Si;VI;Un poco;Un poco;Para nada;Para nada;Un poco;Para nada;Para nada;Para nada;Un poco;Un poco;Para nada;Un poco;Un poco;Para nada;Para nada;Un poco;Para nada;Un poco;Un poco;Un poco;Un poco;Un poco;Bastante;Para nada;59;Mujer;;;;;;;;;;;;;;;;;;;;;;;;;;;;;;;;;;
69;12-13;MUY BAJO RIESGO;RIESGO BAJO;0703528083;12-13;26.62;No;No;Nunca;No;Nódulo sintomático;Eutiroideo;4;4;0.88;0.58;10.00;;;Medio;;1;;Si;III;Bastante;Bastante;Un poco;Un poco;Un poco;Un poco;Bastante;Un poco;Para nada;Un poco;Un poco;Para nada;Para nada;Para nada;Para nada;Para nada;Para nada;Un poco;Para nada;Para nada;Para nada;Para nada;Para nada;Bastante;42;Mujer;;;;Papilar;CPT- Clásica;;Unilateral izquierdo;;No hay presencia de invasión;No hay presencia de invasión;Ninguna;No;No;No;;0;N0;T1AN0M0;3.45;RIESGO BAJO;2023-09-04;2023-09-06;Convencional;Lobectomía izquierda;Ro- Libre de tumor;;;;;;;Ninguno;SOLCA CUE - Ecuador (EC05P);
70;12-14;BAJO RIESGO;RIESGO BAJO;1104523830;12-14;25.28;No;No;Nunca;No;Tamizaje;Hipotiroideo;10;5;5.00;9.00;9.00;1;Medio;;;;;Si;IV;Un poco;Para nada;Para nada;Para nada;Para nada;Para nada;Un poco;Para nada;Para nada;Un poco;Para nada;Para nada;Un poco;Para nada;Para nada;Para nada;Para nada;Bastante;Para nada;Para nada;Para nada;Para nada;Para nada;Para nada;34;Mujer;;;;Papilar;CPT- Clásica;;Bilateral;;No hay presencia de invasión;No hay presencia de invasión;Ninguna;No;No;No;;0;N0;T1BN0M0;3.40;RIESGO BAJO;2023-08-09;2023-08-11;Convencional;Total;Ro- Libre de tumor;;;;;;;Central;SOLCA CUE - Ecuador (EC05P);
71;12-15;BAJO RIESGO;RIESGO ALTO;0102920691;12-15;26.9;No;No;Nunca;No;Tamizaje;Eutiroideo;12;5;8.00;6.50;11.00;1;Medio;;;;;Si;V;Un poco;Para nada;Un poco;Un poco;Un poco;Un poco;Para nada;Para nada;Para nada;Para nada;Para nada;Para nada;Para nada;Un poco;Un poco;Un poco;Para nada;Para nada;Para nada;Para nada;Para nada;Para nada;Para nada;Bastante;48;Mujer;10;12;;Papilar;CPT- Folicular;;Unilateral izquierdo;No especifica;No hay presencia de invasión;Si, no especifica localización;Ninguna;Si;No;No;;0;N1a;T1BN1AM0;5.20;RIESGO BAJO;2023-08-14;2023-08-16;Convencional;Total;Ro- Libre de tumor;;;;;;;Central;SOLCA CUE - Ecuador (EC05P);
72;12-16;RIESGO INTERMEDIO;RIESGO BAJO;0100620301;12-16;23.31;No;No;Nunca;Si;Tamizaje;Eutiroideo;3;3;15.00;4.50;9.00;1;Medio;;Medio;;1;Si;VI;Un poco;Un poco;Un poco;Para nada;Para nada;Un poco;Un poco;Un poco;Un poco;Un poco;Para nada;Para nada;Un poco;Para nada;Un poco;Un poco;Un poco;Un poco;Para nada;Para nada;Para nada;Para nada;Para nada;Para nada;79;Hombre;22;20;;Papilar;CPT- Clásica;;;Unilateral izquierdo;Si, no especifica localización;No hay presencia de invasión;Invasión a tejido peritiroideo;No;No;No;;M0;N0;T4AN0MO;9.23;RIESGO INTERMEDIO;2023-08-17;2023-08-20;Convencional;Total;Ro- Libre de tumor;;;;;;;Central;SOLCA CUE - Ecuador (EC05P);
73;12-17;RIESGO INTERMEDIO;RIESGO ALTO;0103077764;12-17;27.55;Si;No;Nunca;No;Tamizaje;Eutiroideo;9;5;12.00;18.00;23.00;1;Medio;Medio;;1;;Si;V;Para nada;Un poco;Un poco;Un poco;Para nada;Para nada;Para nada;Bastante;Bastante;Para nada;Para nada;Para nada;Para nada;Para nada;Para nada;Un poco;Para nada;Un poco;Para nada;Para nada;Para nada;Para nada;Para nada;Para nada;51;Mujer;20;10;;Papilar;CPT- Clásica;;;Unilateral derecho;No hay presencia de invasión;Si, no especifica localización;Rebasa cápsula/ tejido peritiroideo;Si;No;No;;M0;N1a;T1BN1AM0;5.68;RIESGO INTERMEDIO;2023-08-17;2023-08-19;Convencional;Total;Ro- Libre de tumor;;;;;;;Central;SOLCA CUE - Ecuador (EC05P);
74;12-18;MUY BAJO RIESGO;RIESGO BAJO;1102912597;12-18;45.79;No;No;Nunca;Si;Tamizaje;Eutiroideo;3;3;7.00;6.00;;;Medio;;;;;Si;V;Un poco;Un poco;Un poco;Un poco;Un poco;Un poco;Para nada;Un poco;Un poco;Un poco;Un poco;Un poco;Un poco;Para nada;Un poco;Para nada;Un poco;Un poco;Un poco;Un poco;Un poco;Para nada;Para nada;Para nada;52;Mujer;;;;Papilar;CPT- Folicular;;Unilateral izquierdo;;No hay presencia de invasión;No hay presencia de invasión;Ninguna;No;No;No;;0;N0;T1AN0M0;4.51;RIESGO BAJO;2023-08-17;2023-08-20;Convencional;Total;Ro- Libre de tumor;;;;;;;Central;SOLCA CUE - Ecuador (EC05P);
75;12-19;BAJO RIESGO;RIESGO BAJO;0101692440;12-19;29.26;Si;No;Nunca;No;Nódulo sintomático;Hipotiroideo;4;4;22.00;16.00;;;;Medio;;;;Si;VI;Bastante;Para nada;Para nada;Para nada;Para nada;Un poco;Para nada;Para nada;Un poco;Un poco;Un poco;Para nada;Para nada;Para nada;Para nada;Para nada;Para nada;Un poco;Para nada;Para nada;Para nada;Para nada;Un poco;Para nada;60;Hombre;20;15;;Papilar;CPT- Clásica;;;Unilateral izquierdo;No hay presencia de invasión;No hay presencia de invasión;Ninguna;No;Desconocido (mx);No;;M0;N0;T1BN0M0;5.63;RIESGO BAJO;2023-08-16;2023-08-18;Convencional;Total;Ro- Libre de tumor;;;;;;;Central;SOLCA CUE - Ecuador (EC05P);
76;12-2;;;;12-2;;;;;;;;;;;;;;;;;;;;;;;;;;;;;;;;;;;;;;;;;;;;;;;;;;;;;;;;;;;;;;;;;;;;;;;;;;;;;;;;
77;12-20;BAJO RIESGO;RIESGO BAJO;0104818950;12-20;31.24;Si;No;Nunca;No;Tamizaje;Eutiroideo;8;5;13.00;7.00;11.30;;;Medio;;;;Si;IV;Para nada;Para nada;Para nada;Para nada;Para nada;Para nada;Para nada;Para nada;Para nada;Para nada;Para nada;Para nada;Para nada;Para nada;Para nada;Para nada;Para nada;Para nada;Para nada;Un poco;Un poco;Un poco;Un poco;Para nada;38;Mujer;15;15;;Papilar;CPT- Clásica;;Unilateral izquierdo;;No hay presencia de invasión;No hay presencia de invasión;Ninguna;No;No;No;;0;N0;T1BN0MO;3.65;RIESGO BAJO;2023-08-13;2023-08-16;Convencional;Total;Ro- Libre de tumor;;;;;;;Central;SOLCA CUE - Ecuador (EC05P);
78;12-21;RIESGO INTERMEDIO;RIESGO ALTO;0701791931;12-21;27.44;No;;Ex Fumador;No;Tamizaje;Eutiroideo;3;3;9.00;9.00;11.00;;Medio;;;;;Si;IV;Un poco;Un poco;Un poco;Un poco;Para nada;Un poco;Un poco;Para nada;Un poco;Un poco;Para nada;Un poco;Un poco;Para nada;Un poco;Para nada;Para nada;Para nada;Un poco;Un poco;Un poco;Un poco;Un poco;Bastante;59;Hombre;19;15;;Papilar;CPT- Clásica;;Unilateral derecho;;No hay presencia de invasión;Si, no especifica localización;Ninguna;Si;No;No;;0;N1a;T3BNI1BMO;5.25;RIESGO INTERMEDIO;2023-08-31;2023-09-03;Convencional;Total;Ro- Libre de tumor;;;;;;;Central;SOLCA CUE - Ecuador (EC05P);
79;12-22;RIESGO INTERMEDIO;RIESGO ALTO;0300477197;12-22;27.62;Si;No;Nunca;Si;Tamizaje;Eutiroideo;9;5;16.00;20.00;22.00;;Polo superior;;;;;Si;VI;Un poco;Para nada;Un poco;Para nada;Para nada;Para nada;Para nada;Para nada;Para nada;Para nada;Para nada;Para nada;Para nada;Para nada;Un poco;Para nada;Para nada;Para nada;Para nada;Para nada;Para nada;Para nada;Para nada;Para nada;67;Hombre;18;15;;Papilar;CPT- Clásica;;No especifica;Bilateral;No hay presencia de invasión;Si, no especifica localización;Ninguna;Si;No;No;;0;N1a;T1BN1BM0;6.06;RIESGO INTERMEDIO;2023-08-23;2023-08-25;Convencional;Total;Ro- Libre de tumor;;Unilateral;;;;I;Central;SOLCA CUE - Ecuador (EC05P);
80;12-23;BAJO RIESGO;RIESGO ALTO;0105824015;12-23;19.65;No;No;Nunca;No;Tamizaje;Hipotiroideo;3;3;10.00;6.00;20.00;;;Medio;;;;Si;IV;Un poco;Para nada;Un poco;Un poco;Para nada;Un poco;Para nada;Para nada;Para nada;Para nada;Un poco;Un poco;Un poco;Para nada;Un poco;Un poco;Un poco;Un poco;Un poco;Un poco;Para nada;Un poco;Un poco;Bastante;33;Hombre;10;12;;Papilar;CPT- Clásica;;Unilateral izquierdo;No especifica;No hay presencia de invasión;Si, no especifica localización;Ninguna;Si;No;Si;;0;N1a;T1BN1AM0;3.46;RIESGO BAJO;2023-09-05;2023-09-08;Convencional;Total;Ro- Libre de tumor;;;;;;;Central;SOLCA CUE - Ecuador (EC05P);
81;12-24;BAJO RIESGO;RIESGO BAJO;0701869281;12-24;28.72;No;No;Nunca;No;Tamizaje;Eutiroideo;4;4;8.00;7.00;13.00;;;Medio;;;;Si;IV;Un poco;Para nada;Para nada;Para nada;Para nada;Un poco;Para nada;Un poco;Un poco;Para nada;Para nada;Para nada;Para nada;Para nada;Para nada;Para nada;Un poco;Un poco;Para nada;Para nada;Para nada;Para nada;Para nada;Para nada;60;Mujer;;;;Papilar;CPT- Folicular;;Unilateral izquierdo;No especifica;No hay presencia de invasión;No hay presencia de invasión;Ninguna;No;No;Si;;0;N0;T1AN0M0;5.18;RIESGO BAJO;2023-09-11;2023-09-13;Convencional;Total;Ro- Libre de tumor;;;;;;;Central;;
82;12-25;ALTO RIESGO;RIESGO ALTO;0104829544;12-25;27.29;No;No;Actualmente;Si;Nódulo sintomático;Eutiroideo;4;4;19.00;16.00;26.00;;;Medio;;;;Si;VI;Un poco;Un poco;Un poco;Un poco;Un poco;Para nada;Un poco;Para nada;Para nada;Bastante;Un poco;Para nada;Bastante;Para nada;Bastante;Un poco;Para nada;Para nada;Bastante;Un poco;Para nada;Bastante;Bastante;Para nada;39;Mujer;11;15;;Papilar;CPT- Clásica;;;Unilateral izquierdo;No hay presencia de invasión;Si, no especifica localización;Ninguna;Si;No;No;;M0;N1a;T4AN1AM0;4.55;RIESGO ALTO;2023-09-06;2023-09-08;Convencional;Total;Ro- Libre de tumor;;;;;;;Central;SOLCA CUE - Ecuador (EC05P);
83;12-26;BAJO RIESGO;RIESGO ALTO;0103613477;12-26;35.45;Si;No;Nunca;No;Tamizaje;Hipotiroideo;8;5;13.00;15.00;17.00;;;Medio;;;;Si;V;Un poco;Un poco;Un poco;Un poco;Un poco;Un poco;Para nada;Para nada;Para nada;Un poco;Para nada;Para nada;Para nada;Un poco;Para nada;Para nada;Para nada;Un poco;Para nada;Para nada;Para nada;Un poco;Bastante;Para nada;48;Mujer;18;15;;Papilar;CPT- Clásica;;;Bilateral;No hay presencia de invasión;No hay presencia de invasión;Ninguna;No;No;No;;M0;N0;T1BN0MO;4.46;RIESGO INTERMEDIO;2023-09-27;2023-09-30;Convencional;Total;Ro- Libre de tumor;;;;;;;Central;;
84;12-27;ALTO RIESGO;RIESGO ALTO;0105969372;12-27;22.68;No;No;Nunca;No;Tamizaje;Eutiroideo;7;5;16.00;11.00;19.60;;;Polo superior;;;;Si;V;Bastante;Para nada;Un poco;Un poco;Para nada;Para nada;Para nada;Bastante;Para nada;Un poco;Para nada;Para nada;Para nada;Para nada;Un poco;Bastante;Un poco;Un poco;Para nada;Para nada;Para nada;Para nada;Bastante;Para nada;21;Hombre;20;17;;Papilar;CPT- Clásica;;Unilateral izquierdo;;Si, no especifica localización;Si, no especifica localización;Rebasa músculo pretiroideo;Si;No;No;;0;N1a;T2N1AM0;3.70;RIESGO ALTO;2023-10-12;2023-10-14;Convencional;Total;Ro- Libre de tumor;;;;;;;Central;SOLCA CUE - Ecuador (EC05P);
85;12-28;BAJO RIESGO;RIESGO ALTO;0104389481;12-28;26.04;No;No;Nunca;No;Tamizaje;Eutiroideo;9;5;18.00;18.00;28.00;;Polo superior;;;;;Si;VI;Para nada;Para nada;Para nada;Para nada;Para nada;Un poco;Para nada;Un poco;Un poco;Un poco;Para nada;Para nada;Para nada;Un poco;Para nada;Un poco;Para nada;Un poco;Para nada;Para nada;Un poco;Para nada;Un poco;Para nada;40;Mujer;25;20;;Papilar;CPT- Clásica;;;Unilateral derecho;No hay presencia de invasión;Si, no especifica localización;Ninguna;Si;No;No;;M0;N1a;T1BN1AM0;3.95;RIESGO BAJO;2023-09-04;2023-09-07;Convencional;Total;Ro- Libre de tumor;Derecho;Unilateral;;;;I;Central;SOLCA CUE - Ecuador (EC05P);
86;12-29;RIESGO INTERMEDIO;RIESGO ALTO;0103481057;12-29;26.58;No;No;Nunca;No;Tamizaje;Eutiroideo;11;5;10.00;12.00;14.00;;Medio;;;;;Si;VI;Para nada;Un poco;Un poco;Un poco;Un poco;Para nada;Para nada;Un poco;Un poco;Un poco;Para nada;Un poco;Para nada;Para nada;Para nada;Para nada;Para nada;Bastante;Para nada;Para nada;Para nada;Para nada;Para nada;Para nada;52;Mujer;15;;;Papilar;CPT- Clásica;;Unilateral derecho;;Si, no especifica localización;Si, no especifica localización;Ninguna;Si;No;No;;0;N1a;T1BN1AM0;4.61;RIESGO INTERMEDIO;2023-09-13;2023-09-16;Convencional;Total;Ro- Libre de tumor;;;;;;;Central;SOLCA CUE - Ecuador (EC05P);
87;12-3;;;124587;12-3;22.19;No;No;Nunca;No;Nódulo sintomático;;0;1;;;;;;;;;;;;;;;;;;;;;;;;;;;;;;;;;;;;50;Mujer;;;;;;;;;;;;;;;;;;;;;;;;;;;;;;;;;;
88;12-30;MUY BAJO RIESGO;RIESGO BAJO;0700765902;12-30;27.39;No;No;Ex Fumador;No;Tamizaje;Eutiroideo;3;3;30.00;30.00;33.00;;Polo superior;;;;;No;;Para nada;Un poco;Para nada;Para nada;Un poco;Para nada;Para nada;Un poco;Para nada;Un poco;Para nada;Para nada;Para nada;Para nada;Para nada;Para nada;Para nada;Para nada;Para nada;Para nada;Para nada;Para nada;Para nada;Un poco;71;Hombre;;;;Papilar;CPT- Clásica;;Unilateral izquierdo;;No hay presencia de invasión;No hay presencia de invasión;Ninguna;No;No;No;;0;N0;T1AAN0M0;5.83;RIESGO BAJO;2023-09-13;2023-09-14;Convencional;Total;;;;;;;;Central;SOLCA CUE - Ecuador (EC05P);
89;12-31;MUY BAJO RIESGO;RIESGO ALTO;0105790869;12-31;21.29;No;No;Nunca;No;Tamizaje;Eutiroideo;7;5;0.70;0.60;0.70;;Polo superior;;;;;Si;V;Para nada;Para nada;Un poco;Un poco;Para nada;Un poco;Un poco;Un poco;Un poco;Un poco;Un poco;Un poco;Un poco;Un poco;Un poco;Para nada;Para nada;Bastante;Un poco;Para nada;Un poco;Un poco;Bastante;Para nada;31;Mujer;;;;Papilar;CPT- Clásica;;Unilateral derecho;;No hay presencia de invasión;Si, no especifica localización;Ninguna;Si;No;No;;0;N1a;T1AN1AM0;3.34;RIESGO BAJO;2023-10-12;2023-10-17;Convencional;Total;Ro- Libre de tumor;;;;;;;Central;SOLCA CUE - Ecuador (EC05P);
90;12-32;MUY BAJO RIESGO;RIESGO BAJO;0300929197;12-32;31.22;No;No;Nunca;Si;Tamizaje;Hipotiroideo;4;4;0.40;0.40;0.50;;Medio;;;;;Si;V;Un poco;Para nada;Un poco;Para nada;Para nada;Un poco;Para nada;Un poco;Para nada;Un poco;Un poco;Un poco;Un poco;Un poco;Un poco;Un poco;Para nada;Para nada;Para nada;Un poco;Un poco;Un poco;Un poco;Para nada;58;Mujer;;;;Papilar;CPT- Clásica;;Bilateral;;No hay presencia de invasión;No hay presencia de invasión;Ninguna;No;No;No;;0;N0;T1AN0M0;4.82;RIESGO BAJO;2023-10-19;2023-10-21;Convencional;Total;Ro- Libre de tumor;;;;;;;Central;SOLCA UIO - Ecuador (EC02P);
91;12-33;RIESGO INTERMEDIO;RIESGO BAJO;0101012383;12-33;31.22;No;Si;Nunca;No;Imagen incidental;Eutiroideo;3;3;12.00;9.00;23.00;;Medio;;;;;No;;Para nada;Un poco;Un poco;Un poco;Para nada;Para nada;Para nada;Un poco;Un poco;Un poco;Para nada;Para nada;Para nada;Para nada;Para nada;Un poco;Para nada;Un poco;Para nada;Para nada;Un poco;Un poco;Para nada;Para nada;71;Mujer;;;;Papilar;CPT- Células altas;;Istmo;;No hay presencia de invasión;No hay presencia de invasión;Ninguna;No;No;No;;0;N0;T1AN0M0;5.82;RIESGO INTERMEDIO;2023-09-25;2023-09-27;Convencional;Total;Ro- Libre de tumor;;;;;;;Central;;
92;12-34;BAJO RIESGO;RIESGO ALTO;0703387134;12-34;29.64;No;No;Nunca;No;Nódulo sintomático;Eutiroideo;3;3;17.00;11.00;16.00;;Medio;;;;;Si;IV;Para nada;Un poco;Un poco;Un poco;Para nada;Para nada;Para nada;Para nada;Para nada;Un poco;Para nada;Para nada;Para nada;Para nada;Para nada;Un poco;Para nada;Para nada;Para nada;Para nada;Un poco;Un poco;Un poco;Bastante;45;Mujer;15;13;;Papilar;CPT- Clásica;;;Bilateral;No hay presencia de invasión;Si, no especifica localización;Ninguna;Si;No;No;;M0;N1a;T1AN1AM0;4.05;RIESGO BAJO;2023-10-10;2023-10-12;Convencional;Total;Ro- Libre de tumor;;;;;;;Central;SOLCA CUE - Ecuador (EC05P);
93;12-35;BAJO RIESGO;RIESGO BAJO;1400259428;12-35;31.08;No;No;Nunca;No;Tamizaje;Hipotiroideo;4;4;0.60;0.90;12.00;;Polo superior;;;;;Si;VI;Para nada;Para nada;Un poco;Un poco;Para nada;Un poco;Para nada;Para nada;Para nada;Un poco;Para nada;Para nada;Un poco;Para nada;Para nada;Un poco;Para nada;Para nada;Para nada;Para nada;Para nada;Para nada;Un poco;Para nada;58;Mujer;20;10;;Papilar;CPT- Clásica;;Unilateral derecho;;No hay presencia de invasión;No hay presencia de invasión;Ninguna;No;No;No;;0;N0;T1BN0M0;5.24;RIESGO BAJO;2023-11-08;2023-11-11;Convencional;Total;Ro- Libre de tumor;;;;;;;Central;SOLCA CUE - Ecuador (EC05P);
94;12-36;RIESGO INTERMEDIO;RIESGO ALTO;19334028;12-36;29.69;No;No;Nunca;No;Nódulo sintomático;Hipotiroideo;6;4;24.80;9.42;24.00;;;Polo superior;Polo superior;;;Si;VI;Un poco;Bastante;Un poco;Un poco;Un poco;Un poco;Un poco;Un poco;Un poco;Para nada;Un poco;Un poco;Un poco;Un poco;Un poco;Un poco;Para nada;Un poco;Bastante;Para nada;Para nada;Un poco;Un poco;Bastante;35;Mujer;30;15;;Papilar;CPT- Clásica;;Istmo;;No hay presencia de invasión;Si, no especifica localización;Ninguna;Si;No;No;;0;N1a;T2N1AM0;4.00;RIESGO INTERMEDIO;2023-11-07;2023-11-13;Convencional;Total;Ro- Libre de tumor;;;;;;;Central;;
95;12-37;MUY BAJO RIESGO;RIESGO ALTO;0704062447;12-37;26.9;No;Si;Nunca;No;Tamizaje;Eutiroideo;4;4;0.80;0.80;0.90;;;Medio;;;;Si;VI;Un poco;Un poco;Un poco;Para nada;Para nada;Un poco;Un poco;Un poco;Para nada;Un poco;Un poco;Para nada;Para nada;Para nada;Para nada;Para nada;Un poco;Un poco;Un poco;Para nada;Un poco;Para nada;Para nada;Bastante;46;Mujer;;;;Papilar;CPT- Clásica;;Unilateral izquierdo;;No hay presencia de invasión;Si, no especifica localización;Ninguna;Si;No;No;;0;N1a;T1AN0M0;3.98;RIESGO BAJO;2023-11-05;2023-11-07;Convencional;Total;Ro- Libre de tumor;;;;;;;Central;SOLCA CUE - Ecuador (EC05P);
96;12-38;ALTO RIESGO;RIESGO ALTO;0702056144;12-38;26.18;No;No;Nunca;No;Tamizaje;Eutiroideo;6;4;97.00;75.00;;1;Polo superior;;;;;Si;VI;Un poco;Un poco;Un poco;Un poco;Bastante;Un poco;Para nada;Un poco;Un poco;Un poco;Para nada;Para nada;Un poco;Para nada;Para nada;Para nada;Para nada;Para nada;Un poco;Para nada;Un poco;Un poco;Para nada;Para nada;60;Mujer;85;45;;Papilar;CPT- Clásica;;Bilateral;;Si, no especifica localización;Si, no especifica localización;Rebasa músculo pretiroideo;Si;No;No;;0;N1a;T4AN1aMO;24.80;RIESGO ALTO;2023-11-08;2023-11-24;Convencional;Total;R1- Microscópica;;;;;;;Central;SOLCA CUE - Ecuador (EC05P);
97;12-39;ALTO RIESGO;RIESGO ALTO;0105442958;12-39;25.25;No;No;Nunca;No;Nódulo sintomático;Eutiroideo;8;5;29.00;54.00;44.00;;Polo superior;;Polo superior;;;Si;VI;Para nada;Para nada;Para nada;Para nada;Para nada;Para nada;Para nada;Para nada;Para nada;Un poco;Para nada;Para nada;Para nada;Para nada;Para nada;Para nada;Para nada;Para nada;Un poco;Para nada;Para nada;Para nada;Para nada;Bastante;26;Hombre;45;30;;Papilar;CPT- Clásica;;;Unilateral derecho;Si, no especifica localización;Si, no especifica localización;Rebasa músculo pretiroideo;Si;No;No;;M0;N1a;T3BN1BM0;5.45;RIESGO ALTO;2023-11-06;2023-11-08;Convencional;Total;Ro- Libre de tumor;;Bilateral;;I;I;;Central;SOLCA CUE - Ecuador (EC05P);
98;12-4;;;12457;12-4;50.41;No;No;Nunca;No;Nódulo sintomático;;0;1;;;;;;;;1;;Si;V;;;;;;;;;;;;;;;;;;;;;;;;;50;Mujer;;;;;;;;;;;;;;;;;;;;;;;;;;;;;;;;;;
99;12-40;RIESGO INTERMEDIO;RIESGO ALTO;0103209284;12-40;30.4;No;No;Nunca;Si;Tamizaje;Eutiroideo;7;5;13.00;12.00;00.00;;;;;;;Si;IV;Para nada;Para nada;Un poco;Un poco;Para nada;Para nada;Para nada;Un poco;Un poco;Un poco;Para nada;Para nada;Para nada;Para nada;Para nada;Para nada;Para nada;Un poco;Para nada;Un poco;Un poco;Un poco;Un poco;Para nada;51;Mujer;15;10;;Papilar;CPT- Clásica;;Istmo;;No hay presencia de invasión;No hay presencia de invasión;Ninguna;Si;No;No;;0;N1a;T1BNIBM0;4.61;RIESGO INTERMEDIO;2023-11-05;2023-11-08;Convencional;Total;Ro- Libre de tumor;;Unilateral;Derecho;;;I;Central;SOLCA CUE - Ecuador (EC05P);
100;12-41;ALTO RIESGO;RIESGO ALTO;0106062847;12-41;28.51;No;No;Nunca;No;Tamizaje;Eutiroideo;5;4;25.00;30.00;43.00;;Polo superior;;;;;Si;I;Para nada;Para nada;Para nada;Para nada;Para nada;Para nada;Para nada;Un poco;Un poco;Un poco;Para nada;Para nada;Para nada;Un poco;Para nada;Un poco;Para nada;Un poco;Para nada;Para nada;Para nada;Un poco;Un poco;Un poco;34;Mujer;25;25;;Papilar;CPT- Clásica;;Unilateral derecho;;No hay presencia de invasión;No hay presencia de invasión;Invasión a tejido peritiroideo;Si;No;No;;0;N1a;T2N1AM0;4.85;RIESGO ALTO;2023-09-27;2023-09-30;Convencional;Total;Ro- Libre de tumor;;;;;;;Central;SOLCA CUE - Ecuador (EC05P);
101;12-42;RIESGO INTERMEDIO;RIESGO ALTO;0100782630;12-42;30;No;No;Nunca;Si;Tamizaje;Eutiroideo;0;1;00.00;00.00;00.00;;Medio;;;;;Si;VI;Un poco;Un poco;Un poco;Un poco;Un poco;Para nada;Para nada;Para nada;Para nada;Para nada;Un poco;Para nada;Un poco;Para nada;Para nada;Para nada;Un poco;Para nada;Bastante;Un poco;Para nada;Un poco;Un poco;Un poco;74;Hombre;23;20;;Papilar;CPT- Clásica;;;Bilateral;No hay presencia de invasión;No hay presencia de invasión;Ninguna;Si;No;No;;M0;N1a;T2N1AM0;6.61;RIESGO INTERMEDIO;2023-11-20;2023-11-23;Convencional;Total;Ro- Libre de tumor;;;;;;;Central;SOLCA CUE - Ecuador (EC05P);
102;12-43;BAJO RIESGO;RIESGO ALTO;0701527707;12-43;32.45;No;Si;Nunca;Si;Tamizaje;Hipertiroideo;8;5;12.00;10.00;25.00;;;Polo superior;Polo superior;;;Si;IV;Un poco;Un poco;Un poco;Un poco;Un poco;Para nada;Para nada;Para nada;Para nada;Un poco;Un poco;Un poco;Un poco;Un poco;Para nada;Para nada;Para nada;Para nada;Para nada;Para nada;Un poco;Un poco;Un poco;Para nada;61;Mujer;13;10;;Papilar;CPT- Folicular;;;Bilateral;No hay presencia de invasión;No hay presencia de invasión;Ninguna;Si;No;No;;M0;N1a;T1BN1AM0;5.35;RIESGO BAJO;2023-12-06;2023-12-08;Convencional;Total;Ro- Libre de tumor;;;;;;;Central;SOLCA CUE - Ecuador (EC05P);
103;12-44;MUY BAJO RIESGO;RIESGO BAJO;0103153664;12-44;23.83;No;No;Nunca;No;Tamizaje;Hipertiroideo;4;4;0.59;0.40;0.59;;;;;;;Si;V;Para nada;Un poco;Un poco;Un poco;Un poco;Para nada;Para nada;Un poco;Un poco;Un poco;Para nada;Un poco;Un poco;Para nada;Para nada;Para nada;Un poco;Un poco;Un poco;Un poco;Un poco;Un poco;Un poco;Bastante;53;Mujer;;;;Papilar;CPT- Clásica;;;Unilateral izquierdo;No hay presencia de invasión;No hay presencia de invasión;Ninguna;No;No;Si;;M0;N0;T1AN0M0;4.33;RIESGO BAJO;2023-12-13;2023-12-15;Convencional;Total;Ro- Libre de tumor;;;;;;;Central;SOLCA CUE - Ecuador (EC05P);
104;12-45;BAJO RIESGO;RIESGO ALTO;0103975660;12-45;35.42;No;No;Nunca;No;Tamizaje;Hipertiroideo;12;5;11.00;0.50;5.00;;;Medio;;;;Si;VI;Un poco;Para nada;Un poco;Un poco;Un poco;Para nada;Un poco;Un poco;Un poco;Un poco;Para nada;Un poco;Un poco;Para nada;Un poco;Un poco;Un poco;Un poco;Un poco;Para nada;Para nada;Un poco;Un poco;Para nada;47;Mujer;15;15;;Papilar;CPT- Clásica;;;Bilateral;No hay presencia de invasión;Si, no especifica localización;Rebasa cápsula/ tejido peritiroideo;Si;No;No;;M0;N1a;T1BN1AM0;4.21;RIESGO INTERMEDIO;2023-12-18;2023-12-21;Convencional;Total;Ro- Libre de tumor;;;;;;;Central;SOLCA CUE - Ecuador (EC05P);
105;12-46;BAJO RIESGO;RIESGO BAJO;0301242830;12-46;32.89;No;No;Nunca;Si;Nódulo sintomático;Hipertiroideo;12;5;31.00;38.00;25.00;;;Medio;;;;Si;VI;Un poco;Para nada;Un poco;Un poco;Un poco;Para nada;Para nada;Bastante;Bastante;Para nada;Para nada;Para nada;Un poco;Para nada;Para nada;Un poco;Bastante;Un poco;Bastante;Para nada;Un poco;Un poco;Un poco;Bastante;52;Mujer;34;25;;Papilar;CPT- Clásica;;Unilateral izquierdo;;No hay presencia de invasión;No hay presencia de invasión;Ninguna;No;No;No;;0;N0;T2N0M0;6.26;RIESGO INTERMEDIO;2023-11-06;2023-11-09;Convencional;Total;Ro- Libre de tumor;;;;;;;Central;SOLCA CUE - Ecuador (EC05P);
106;12-47;BAJO RIESGO;RIESGO BAJO;0102201464;12-47;32.89;No;No;Nunca;Si;Tamizaje;Eutiroideo;9;5;10.00;0.76;0.70;;Medio;;;;;Si;V;Para nada;Para nada;Un poco;Un poco;Para nada;Para nada;Para nada;Para nada;Para nada;Para nada;Un poco;Para nada;Para nada;Para nada;Para nada;Para nada;Para nada;Para nada;Para nada;Para nada;Para nada;Para nada;Para nada;Para nada;61;Mujer;12;05;;Papilar;CPT- Folicular;;;Bilateral;No hay presencia de invasión;No hay presencia de invasión;Ninguna;No;No;No;;M0;N0;T1BN0M0;5.32;RIESGO BAJO;2023-11-24;2023-11-25;Convencional;Total;Ro- Libre de tumor;;;;;;;Central;SOLCA CUE - Ecuador (EC05P);
107;12-48;ALTO RIESGO;RIESGO ALTO;0103587069;12-48;47.26;Si;No;Nunca;Si;Tamizaje;Eutiroideo;9;5;13.00;18.00;12.70;;;Polo superior;;;;Si;IV;Para nada;Para nada;Para nada;Para nada;Para nada;Bastante;Bastante;Un poco;Un poco;Bastante;Para nada;Bastante;Bastante;Para nada;Bastante;Para nada;Para nada;Bastante;Bastante;Bastante;Bastante;Bastante;Bastante;Un poco;43;Mujer;14;13;;Papilar;CPT- Clásica;;Unilateral izquierdo;;;;Rebasa músculo pretiroideo;Si;No;No;;0;N1a;T4AN1AM0;4.91;RIESGO ALTO;2024-11-13;2024-11-16;Convencional;Total;Ro- Libre de tumor;;;;;;;Central;SOLCA CUE - Ecuador (EC05P);
108;12-49;BAJO RIESGO;RIESGO ALTO;0704996495;12-49;37.53;No;No;Nunca;No;Nódulo sintomático;Eutiroideo;6;4;20.00;11.00;17.00;;;;Polo superior;;;Si;VI;Para nada;Para nada;Para nada;Para nada;Para nada;Bastante;Para nada;Un poco;Un poco;Para nada;Para nada;Para nada;Un poco;Un poco;Para nada;Un poco;Un poco;Para nada;Un poco;Un poco;Un poco;Un poco;Para nada;Para nada;39;Mujer;18;10;;Papilar;CPT- Clásica;;Istmo;;No hay presencia de invasión;Si, no especifica localización;Ninguna;Si;No;No;;0;N1a;T1BN1AM0;3.64;RIESGO BAJO;2023-12-19;2023-12-21;Convencional;Total;Ro- Libre de tumor;;;;;;;Central;SOLCA CUE - Ecuador (EC05P);
109;12-5;MUY BAJO RIESGO;RIESGO ALTO;172446;12-5;23.83;No;;Nunca;No;Tamizaje;Eutiroideo;0;1;0.57;10.90;12.10;1;;;;;;Si;IV;Para nada;Un poco;Para nada;Para nada;Bastante;Bastante;Para nada;Un poco;Un poco;Para nada;Un poco;Para nada;Para nada;Para nada;Para nada;Un poco;Bastante;Para nada;Para nada;Para nada;Para nada;Para nada;Para nada;Un poco;59;Mujer;;;;Papilar;CPT- Clásica;;;Unilateral derecho;No hay presencia de invasión;No hay presencia de invasión;Ninguna;No;No;No;;M0;N0;T1AN0M0;4.81;RIESGO BAJO;2023-08-03;2023-08-05;Convencional;Total;Ro- Libre de tumor;;;;;;;Ninguno;;
110;12-50;MUY BAJO RIESGO;RIESGO BAJO;0914736731;12-50;30.22;No;No;Nunca;No;Nódulo sintomático;Hipotiroideo;6;4;5.00;5.00;8.00;;;Polo inferior;;;;Si;V;Bastante;Para nada;Un poco;Un poco;Para nada;Bastante;Para nada;Un poco;Un poco;Un poco;Bastante;Bastante;Un poco;Un poco;Un poco;Un poco;Un poco;Un poco;Un poco;Para nada;Para nada;Un poco;Un poco;Para nada;50;Mujer;;;;Papilar;CPT- Clásica;;Unilateral izquierdo;;No hay presencia de invasión;No hay presencia de invasión;Ninguna;No;No;No;;0;N0;T1AN0M0;4.16;RIESGO BAJO;2023-11-29;2023-12-01;Convencional;Total;Ro- Libre de tumor;;;;;;;Central;SOLCA CUE - Ecuador (EC05P);
111;12-51;;;0103208518;12-51;27.8;Si;No;Nunca;Si;Tamizaje;Eutiroideo;8;5;27.00;15.00;39.00;;;Polo superior;;;;Si;V;Un poco;Un poco;Un poco;Un poco;Un poco;Un poco;Para nada;Un poco;Un poco;Un poco;Un poco;Un poco;Un poco;Un poco;Un poco;Para nada;Para nada;Para nada;Un poco;Para nada;Para nada;Para nada;Para nada;Para nada;50;Mujer;;;;;;;;;;;;;;;;;;;;;;;;;;;;;;;;;;
112;12-52;;;0301638417;12-52;27.34;No;No;Nunca;No;Tamizaje;Hipotiroideo;9;5;14.40;10.20;18.20;;;Polo superior;;;;Si;V;Un poco;Un poco;Para nada;Un poco;Para nada;Un poco;Un poco;Un poco;Un poco;Para nada;Un poco;Para nada;Para nada;Para nada;Para nada;Para nada;Un poco;Un poco;Para nada;Un poco;Un poco;Un poco;Un poco;Para nada;41;Mujer;;;;;;;;;;;;;;;;;;;;;;;;;;;;;;;;;;
113;12-53;;;0103931226;12-53;24.21;Si;Si;Nunca;No;Tamizaje;Eutiroideo;9;5;6.80;6.00;8.20;;Polo superior;;;;;Si;VI;Para nada;Para nada;Para nada;Para nada;Para nada;Para nada;Para nada;Un poco;Para nada;Para nada;Para nada;Para nada;Para nada;Para nada;Para nada;Para nada;Para nada;Para nada;Para nada;Para nada;Para nada;Para nada;Para nada;Un poco;39;Hombre;;;;;;;;;;;;;;;;;;;;;;;;;;;;;;;;;;
114;12-54;BAJO RIESGO;RIESGO ALTO;0104117718;12-54;25.86;Si;No;Nunca;No;Tamizaje;Hipertiroideo;7;5;15.00;7.00;14.30;;;;;;;Si;V;Para nada;Para nada;Un poco;Un poco;Para nada;Para nada;Para nada;Para nada;Para nada;Para nada;Para nada;Para nada;Un poco;Para nada;Para nada;Para nada;Un poco;Para nada;Un poco;Para nada;Para nada;Un poco;Un poco;Bastante;39;Hombre;15;13;;Papilar;CPT- Folicular;;Istmo;;No hay presencia de invasión;No hay presencia de invasión;Ninguna;Si;No;No;;0;N1a;T1BN1AM0;3.55;RIESGO INTERMEDIO;2024-01-29;2024-02-01;Convencional;Total;Ro- Libre de tumor;;;;;;;Central;SOLCA CUE - Ecuador (EC05P);
115;12-55;;;0151010279;12-55;25.7;No;No;Nunca;No;Tamizaje;Eutiroideo;9;5;27.00;18.00;30.00;;;Polo superior;;;;Si;VI;Para nada;Para nada;Un poco;Un poco;Para nada;Para nada;Para nada;Para nada;Para nada;Para nada;Para nada;Para nada;Un poco;Para nada;Para nada;Para nada;Un poco;Para nada;Un poco;Para nada;Para nada;Un poco;Un poco;Bastante;22;Mujer;;;;;;;;;;;;;;;;;;;;;;;;;;;;;;;;;;
116;12-56;MUY BAJO RIESGO;RIESGO BAJO;0101988285;12-56;25.82;No;No;Nunca;No;Tamizaje;Eutiroideo;4;4;7.00;4.00;6.00;;Polo superior;;;;;Si;IV;Para nada;Un poco;Un poco;Un poco;Para nada;Bastante;Un poco;Para nada;Para nada;Para nada;Para nada;Para nada;Un poco;Para nada;Un poco;Para nada;Para nada;Para nada;Para nada;Un poco;Para nada;Para nada;Para nada;Para nada;61;Hombre;;;;Papilar;CPT- Clásica;;Unilateral derecho;;No hay presencia de invasión;No hay presencia de invasión;Ninguna;No;No;Si;;0;N0;T1AN0M0;5.06;RIESGO BAJO;2024-01-31;2024-02-02;Convencional;Total;Ro- Libre de tumor;;;;;;;Central;SOLCA CUE - Ecuador (EC05P);
117;12-57;;;0102373966;12-57;32.04;No;No;Nunca;Si;Tamizaje;Eutiroideo;4;4;8.00;7.60;7.30;;Polo superior;;;;;Si;VI;Para nada;Para nada;Para nada;Para nada;Para nada;Para nada;Bastante;Para nada;Para nada;Bastante;Bastante;Un poco;Bastante;Un poco;Un poco;Un poco;Un poco;Bastante;Bastante;Un poco;Un poco;Un poco;Bastante;Para nada;50;Mujer;;;;;;;;;;;;;;;;;;;;;;;;;;;;;;;;;;
118;12-58;;;0106058712;12-58;37.33;No;No;Nunca;No;Tamizaje;Eutiroideo;6;4;8.00;7.60;7.30;;;;Polo superior;;;Si;V;Para nada;Para nada;Para nada;Para nada;Para nada;Un poco;Para nada;Un poco;Un poco;Un poco;Para nada;Bastante;Para nada;Para nada;Para nada;Un poco;Para nada;Para nada;Para nada;Para nada;Para nada;Para nada;Para nada;Bastante;33;Mujer;;;;;;;;;;;;;;;;;;;;;;;;;;;;;;;;;;
119;12-59;;;0103597662;12-59;28.26;No;No;Nunca;No;Tamizaje;Eutiroideo;5;4;29.00;22.00;23.50;;;Medio;;;;Si;IV;Un poco;Para nada;Un poco;Un poco;Para nada;Para nada;Para nada;Para nada;Para nada;Para nada;Un poco;Para nada;Un poco;Para nada;Para nada;Un poco;Para nada;Para nada;Un poco;Para nada;Para nada;Para nada;Para nada;Para nada;49;Mujer;;;;;;;;;;;;;;;;;;;;;;;;;;;;;;;;;;
120;12-6;MUY BAJO RIESGO;RIESGO BAJO;0102280377;12-6;23.83;No;No;Nunca;No;Tamizaje;Eutiroideo;9;5;10.90;0.57;12.10;1;Polo superior;;;;;Si;IV;Para nada;Un poco;Para nada;Para nada;Un poco;Un poco;Para nada;Bastante;Bastante;Para nada;Un poco;Para nada;Para nada;Para nada;Para nada;Un poco;Bastante;Para nada;Para nada;Para nada;Para nada;Para nada;Para nada;Un poco;59;Mujer;;;;Papilar;CPT- Clásica;;;Bilateral;No hay presencia de invasión;Si, no especifica localización;;;No;No;;M0;;T1AN0M0;4.81;RIESGO BAJO;2023-08-03;2023-08-06;Convencional;Total;Ro- Libre de tumor;;;;;;;Central;SOLCA CUE - Ecuador (EC05P);
121;12-60;;;0102134061;12-60;29.38;No;No;Nunca;No;Nódulo sintomático;Eutiroideo;4;4;11.22;10.00;15.00;;Polo inferior;;;;;Si;IV;Para nada;Un poco;Un poco;Un poco;Un poco;Un poco;Para nada;Un poco;Un poco;Para nada;Para nada;Para nada;Para nada;Para nada;Para nada;Un poco;Un poco;Un poco;Un poco;Para nada;Para nada;Para nada;Un poco;Para nada;58;Mujer;;;;;;;;;;;;;;;;;;;;;;;;;;;;;;;;;;
122;12-61;;;1400026157;12-61;20.64;No;No;Nunca;Si;Tamizaje;Eutiroideo;7;5;12.00;9.00;13.00;;;Medio;;;;Si;V;Para nada;Para nada;Para nada;Para nada;Para nada;Un poco;Para nada;Para nada;Para nada;Para nada;Para nada;Para nada;Para nada;Para nada;Para nada;Para nada;Un poco;Un poco;Un poco;Para nada;Para nada;Para nada;Para nada;Para nada;79;Mujer;;;;;;;;;;;;;;;;;;;;;;;;;;;;;;;;;;
123;12-62;;;0105886667;12-62;26.17;No;No;Nunca;No;Tamizaje;Eutiroideo;9;5;7.60;3.50;11.80;;;Polo superior;;;;Si;V;Un poco;Un poco;Para nada;Para nada;Un poco;Para nada;Para nada;Un poco;Un poco;Para nada;Para nada;Un poco;Un poco;Un poco;Para nada;Para nada;Para nada;Para nada;Un poco;Un poco;Un poco;Un poco;Bastante;Un poco;35;Mujer;;;;;;;;;;;;;;;;;;;;;;;;;;;;;;;;;;
124;12-63;;;0102033503;12-63;24.73;No;No;Nunca;Si;Tamizaje;Hipotiroideo;8;5;66.00;67.00;56.00;;;;;;;Si;VI;Para nada;Para nada;Un poco;Un poco;Para nada;Para nada;Para nada;Para nada;Para nada;Para nada;Un poco;Para nada;Un poco;Un poco;Para nada;Un poco;Para nada;Para nada;Para nada;Para nada;Para nada;Para nada;Para nada;Para nada;51;Mujer;;;;;;;;;;;;;;;;;;;;;;;;;;;;;;;;;;
125;12-64;;;0301942454;12-64;32.85;No;No;Nunca;No;Tamizaje;Eutiroideo;9;5;16.00;15.00;17.00;;Polo superior;;;;;Si;III;Para nada;Un poco;Para nada;Para nada;Para nada;Un poco;Para nada;Para nada;Un poco;Un poco;Para nada;Para nada;Un poco;Un poco;Para nada;Un poco;Para nada;Un poco;Bastante;Para nada;Para nada;Un poco;Un poco;Para nada;41;Mujer;;;;;;;;;;;;;;;;;;;;;;;;;;;;;;;;;;
126;12-65;;;0105297071;12-65;26.22;No;No;Nunca;No;Nódulo sintomático;Hipotiroideo;9;5;28.00;21.00;37.00;;Polo superior;;;;;Si;VI;Para nada;Para nada;Para nada;Para nada;Para nada;Para nada;Para nada;Para nada;Para nada;Para nada;Para nada;Para nada;Un poco;Un poco;Para nada;Un poco;Para nada;Un poco;Un poco;Un poco;Un poco;Para nada;Un poco;Bastante;39;Mujer;;;;;;;;;;;;;;;;;;;;;;;;;;;;;;;;;;
127;12-66;;;0301381356;12-66;36.05;No;Si;Ex Fumador;Si;Tamizaje;Eutiroideo;6;4;9.00;7.00;7.00;;;Polo inferior;;;;Si;IV;Bastante;Para nada;Un poco;Para nada;Para nada;Un poco;Un poco;Un poco;Un poco;Bastante;Bastante;Para nada;Un poco;Bastante;Un poco;Un poco;Bastante;Para nada;Bastante;Un poco;Un poco;Bastante;Bastante;Para nada;48;Mujer;;;;;;;;;;;;;;;;;;;;;;;;;;;;;;;;;;
128;12-67;;;0102334976;12-67;33.11;No;No;Nunca;Si;Nódulo sintomático;Eutiroideo;6;4;25.00;20.00;26.00;;Polo superior;;;;;Si;II;Un poco;Para nada;Un poco;Un poco;Un poco;Para nada;Bastante;Un poco;Un poco;Un poco;Un poco;Un poco;Bastante;Para nada;Un poco;Un poco;Un poco;Para nada;Bastante;Un poco;Un poco;Para nada;Para nada;Para nada;56;Mujer;;;;;;;;;;;;;;;;;;;;;;;;;;;;;;;;;;
129;12-68;;;0706507829;12-68;25.51;No;No;Nunca;No;Nódulo sintomático;Hipotiroideo;8;5;31.00;14.00;42.00;;;Polo superior;;;;Si;VI;Un poco;Para nada;Para nada;Un poco;Un poco;Un poco;Para nada;Un poco;Un poco;Para nada;Para nada;Para nada;Un poco;Para nada;Para nada;Un poco;Para nada;Para nada;Un poco;Para nada;Para nada;Un poco;Un poco;Para nada;25;Mujer;;;;;;;;;;;;;;;;;;;;;;;;;;;;;;;;;;
130;12-69;;;1101299616;12-69;34.39;No;No;Nunca;Si;Tamizaje;Hipotiroideo;6;4;8.30;6.90;9.30;;;Polo superior;;;;Si;IV;Un poco;Para nada;Para nada;Para nada;Para nada;Para nada;Para nada;Para nada;Para nada;Para nada;Para nada;Para nada;Para nada;Para nada;Un poco;Para nada;Para nada;Para nada;Para nada;Para nada;Para nada;Para nada;Para nada;Para nada;73;Mujer;;;;;;;;;;;;;;;;;;;;;;;;;;;;;;;;;;
131;12-7;RIESGO INTERMEDIO;RIESGO ALTO;0104453618;12-7;28.93;No;No;Nunca;No;Tamizaje;Eutiroideo;6;4;15.00;12.00;14.70;;;Medio;;;;Si;V;Un poco;Un poco;Un poco;Un poco;Un poco;Un poco;Para nada;Un poco;Bastante;Para nada;Para nada;Para nada;Un poco;Un poco;Para nada;Un poco;Un poco;Un poco;Para nada;Un poco;Para nada;Un poco;Un poco;Bastante;44;Mujer;23;25;;Papilar;CPT- Clásica;;Unilateral izquierdo;;No hay presencia de invasión;Si, no especifica localización;Ninguna;Si;No;No;;0;N1a;T2N1BM0;4.29;RIESGO INTERMEDIO;2023-08-03;2023-08-06;Convencional;Total;Ro- Libre de tumor;Derecho;;;;;;Central;SOLCA CUE - Ecuador (EC05P);
132;12-70;;;1061771101;12-70;24.92;Si;No;Nunca;No;Tamizaje;Eutiroideo;9;5;15.00;9.00;21.00;;;Medio;;;;Si;VI;Para nada;Para nada;Bastante;Un poco;Para nada;Para nada;Para nada;Para nada;Para nada;Para nada;Para nada;Para nada;Un poco;Para nada;Para nada;Un poco;Para nada;Para nada;Un poco;Para nada;Para nada;Para nada;Para nada;Para nada;28;Mujer;;;;;;;;;;;;;;;;;;;;;;;;;;;;;;;;;;
133;12-71;;;0104254990;12-71;25.84;Si;No;Nunca;No;Tamizaje;Eutiroideo;4;4;14.81;11.87;14.20;;;;;;;Si;IV;Un poco;Para nada;Un poco;Para nada;Un poco;Para nada;Un poco;Para nada;Para nada;Para nada;Un poco;Para nada;Para nada;Un poco;Para nada;Para nada;Para nada;Para nada;Un poco;Para nada;Para nada;Para nada;Para nada;Un poco;44;Hombre;;;;;;;;;;;;;;;;;;;;;;;;;;;;;;;;;SOLCA CUE - Ecuador (EC05P);
134;12-72;ALTO RIESGO;RIESGO ALTO;0102638624;12-72;25.84;No;No;Nunca;No;Nódulo sintomático;Hipotiroideo;9;5;8.30;6.90;43.00;;Polo superior;;;;;Si;V;Un poco;Un poco;Un poco;Para nada;Para nada;Para nada;Para nada;Para nada;Para nada;Un poco;Para nada;Para nada;Para nada;Para nada;Para nada;Para nada;Para nada;Para nada;Para nada;Para nada;Para nada;Un poco;Un poco;Bastante;54;Hombre;35;30;;Papilar;CPT- Clásica;;;Bilateral;No hay presencia de invasión;Si, no especifica localización;Ninguna;Si;No;No;;M0;N1a;T4AN1AM0;7.37;RIESGO ALTO;2024-03-07;2024-03-10;Convencional;Total;R2- Macroscópica;;;;;;;Central;;
135;12-73;;;0703835991;12-73;28.77;No;No;Nunca;No;Tamizaje;Eutiroideo;9;5;15.00;9.00;14.00;;;Polo superior;;;;Si;VI;Un poco;Un poco;Un poco;Un poco;Un poco;Un poco;Para nada;Un poco;Un poco;Para nada;Un poco;Un poco;Para nada;Un poco;Un poco;Para nada;Para nada;Un poco;Para nada;Un poco;Para nada;Para nada;Para nada;Para nada;45;Mujer;;;;;;;;;;;;;;;;;;;;;;;;;;;;;;;;;;
136;12-74;;;0301316725;12-74;34.09;No;No;Nunca;No;Tamizaje;Eutiroideo;4;4;13.00;12.45;13.00;;Medio;;;;;Si;VI;Bastante;Para nada;Un poco;Un poco;Un poco;Un poco;Bastante;Bastante;Bastante;Bastante;Un poco;Un poco;Un poco;Para nada;Un poco;Un poco;Bastante;Bastante;Un poco;Un poco;Un poco;Un poco;Un poco;Un poco;49;Mujer;;;;;;;;;;;;;;;;;;;;;;;;;;;;;;;;;;
137;12-75;;;0107120651;12-75;28.07;No;No;Nunca;No;Tamizaje;Eutiroideo;12;5;10.00;15.00;20.00;;Polo inferior;;;;;Si;V;Un poco;Para nada;Un poco;Para nada;Un poco;Un poco;Para nada;Para nada;Para nada;Un poco;Para nada;Un poco;Un poco;Para nada;Un poco;Para nada;Para nada;Un poco;Un poco;Para nada;Para nada;Para nada;Para nada;Un poco;32;Mujer;;;;;;;;;;;;;;;;;;;;;;;;;;;;;;;;;;
138;12-76;;;0102699444;12-76;27.35;No;No;Nunca;Si;Tamizaje;Eutiroideo;12;5;16.00;15.00;13.92;;Medio;;;;;Si;V;Un poco;Para nada;Para nada;Para nada;Un poco;Un poco;Para nada;Para nada;Un poco;Un poco;Para nada;Para nada;Para nada;Para nada;Para nada;Un poco;Para nada;Para nada;Un poco;Para nada;Para nada;Para nada;Para nada;Para nada;54;Mujer;;;;;;;;;;;;;;;;;;;;;;;;;;;;;;;;;;
139;12-77;;;0301397113;12-77;27.6;No;No;Nunca;No;Tamizaje;Eutiroideo;9;5;10.00;10.00;12.00;;;Medio;;;;Si;VI;Para nada;Un poco;Para nada;Un poco;Para nada;Un poco;Bastante;Bastante;Bastante;Bastante;Un poco;Un poco;Bastante;Para nada;Para nada;Un poco;Para nada;Para nada;Bastante;Para nada;Para nada;Un poco;Un poco;Para nada;48;Mujer;;;;;;;;;;;;;;;;;;;;;;;;;;;;;;;;;;
140;12-78;;;0105204846;12-78;18.64;No;No;Nunca;No;Tamizaje;Eutiroideo;9;5;21.00;15.00;17.80;;Medio;;;;;Si;IV;Para nada;Para nada;Para nada;Para nada;Para nada;Un poco;Para nada;Para nada;Para nada;Para nada;Un poco;Para nada;Un poco;Para nada;Para nada;Para nada;Para nada;Para nada;Para nada;Para nada;Para nada;Para nada;Para nada;Para nada;40;Mujer;;;;;;;;;;;;;;;;;;;;;;;;;;;;;;;;;;
141;12-79;;;0105533921;12-79;30.59;Si;No;Nunca;Si;Tamizaje;Eutiroideo;7;5;6.00;3.00;0.00;;Polo superior;;;;;Si;V;Para nada;Para nada;Un poco;Para nada;Para nada;Bastante;Un poco;Para nada;Para nada;Para nada;Para nada;Para nada;Para nada;Para nada;Un poco;Para nada;Para nada;Para nada;Para nada;Para nada;Para nada;Para nada;Para nada;Bastante;38;Mujer;;;;;;;;;;;;;;;;;;;;;;;;;;;;;;;;;;
142;12-8;BAJO RIESGO;RIESGO BAJO;0301136289;12-8;26.36;No;No;Nunca;No;Tamizaje;Eutiroideo;6;4;13.00;0.80;16.90;1;Polo superior;Polo superior;;1;;Si;IV;Un poco;Para nada;Para nada;Un poco;Un poco;Un poco;Para nada;Un poco;Un poco;Un poco;Para nada;Un poco;Un poco;Para nada;Para nada;Para nada;Para nada;Un poco;Para nada;Para nada;Un poco;Para nada;Para nada;Para nada;53;Mujer;20;20;;Papilar;CPT- Clásica;;;Bilateral;No hay presencia de invasión;No hay presencia de invasión;Ninguna;No;No;No;;M0;N0;T1BN0M0;4.92;RIESGO BAJO;2023-08-03;2023-08-06;Convencional;Total;Ro- Libre de tumor;;;;;;;Central;SOLCA CUE - Ecuador (EC05P);
143;12-80;;;0602300931;12-80;22.31;No;No;Nunca;Si;Tamizaje;Eutiroideo;6;4;9.00;5.60;9.00;;Polo superior;;;;;Si;IV;Bastante;Bastante;Un poco;Un poco;Un poco;Para nada;Bastante;Un poco;Un poco;Para nada;Un poco;Un poco;Un poco;Para nada;Un poco;Un poco;Bastante;Un poco;Un poco;Para nada;Para nada;Un poco;Un poco;Para nada;56;Mujer;;;;;;;;;;;;;;;;;;;;;;;;;;;;;;;;;;
144;12-81;;;0103951117;12-81;25.89;No;No;Nunca;No;Tamizaje;Hipertiroideo;12;5;8.00;9.00;10.00;;;Polo inferior;;;;Si;IV;Para nada;Para nada;Un poco;Un poco;Un poco;Para nada;Para nada;Para nada;Para nada;Para nada;Para nada;Para nada;Para nada;Para nada;Para nada;Para nada;Para nada;Para nada;Un poco;Para nada;Para nada;Para nada;Para nada;Para nada;49;Mujer;;;;;;;;;;;;;;;;;;;;;;;;;;;;;;;;;;
145;12-82;;;1400120745;12-82;25.72;No;No;Nunca;Si;Tamizaje;Hipertiroideo;9;5;5.00;2.84;4.80;;;Polo inferior;;;;Si;V;Un poco;Para nada;Para nada;Para nada;Para nada;Para nada;Para nada;Para nada;Para nada;Para nada;Para nada;Para nada;Para nada;Un poco;Para nada;Para nada;Para nada;Para nada;Para nada;Para nada;Un poco;Para nada;Para nada;Para nada;70;Mujer;;;;;;;;;;;;;;;;;;;;;;;;;;;;;;;;;;
146;12-83;;;0101788206;12-83;28.89;Si;No;Nunca;No;Tamizaje;Hipertiroideo;4;4;10.00;10.00;10.00;;;Polo superior;;;;Si;V;Un poco;Para nada;Un poco;Para nada;Un poco;Un poco;Para nada;Para nada;Para nada;Un poco;Para nada;Para nada;Para nada;Para nada;Un poco;Un poco;Para nada;Para nada;Para nada;Un poco;Un poco;Para nada;Para nada;Para nada;63;Mujer;;;;;;;;;;;;;;;;;;;;;;;;;;;;;;;;;;
147;12-84;;;0106933229;12-84;22.75;Si;No;Nunca;No;Imagen incidental;Eutiroideo;6;4;18.00;11.00;00.00;;;Polo superior;Polo superior;;;Si;VI;Un poco;Un poco;Un poco;Un poco;Un poco;Un poco;Para nada;Para nada;Para nada;Bastante;Para nada;Para nada;Para nada;Un poco;Para nada;Para nada;Para nada;Un poco;Para nada;Para nada;Para nada;Para nada;Para nada;Para nada;32;Mujer;;;;;;;;;;;;;;;;;;;;;;;;;;;;;;;;;;
148;12-85;;;0102505310;12-85;26.89;Si;No;Nunca;No;Tamizaje;Eutiroideo;4;4;7.00;4.00;0.00;;Polo superior;;Polo superior;;;Si;IV;Un poco;Para nada;Un poco;Para nada;Para nada;Para nada;Para nada;Un poco;Para nada;Para nada;Para nada;Para nada;Para nada;Para nada;Un poco;Un poco;Para nada;Un poco;Para nada;Para nada;Para nada;Para nada;Para nada;Para nada;55;Mujer;;;;;;;;;;;;;;;;;;;;;;;;;;;;;;;;;;
149;12-86;;;1802172286;12-86;30.51;No;No;Ex Fumador;No;Tamizaje;Hipotiroideo;4;4;5.00;3.00;4.00;;Polo superior;;;;;Si;V;Para nada;Un poco;Un poco;Un poco;Un poco;Para nada;Para nada;Para nada;Para nada;Un poco;Para nada;Para nada;Un poco;Un poco;Un poco;Un poco;Para nada;Para nada;Un poco;Un poco;Un poco;Un poco;Un poco;Un poco;56;Hombre;;;;;;;;;;;;;;;;;;;;;;;;;;;;;;;;;;
150;12-87;;;0103052775;12-87;35.23;Si;No;Nunca;Si;Tamizaje;Hipotiroideo;9;5;9.00;8.00;7.00;;;Medio;;;;Si;V;Para nada;Para nada;Para nada;Para nada;Para nada;Un poco;Para nada;Para nada;Para nada;Para nada;Para nada;Para nada;Para nada;Un poco;Para nada;Un poco;Para nada;Para nada;Para nada;Para nada;Para nada;Para nada;Para nada;Para nada;55;Mujer;;;;;;;;;;;;;;;;;;;;;;;;;;;;;;;;;;
151;12-88;;;1400173140;12-88;27.79;Si;No;Nunca;Si;Tamizaje;Eutiroideo;6;4;10.00;8.00;10.00;;;Medio;;;;Si;VI;Para nada;Un poco;Para nada;Para nada;Para nada;Para nada;Para nada;Para nada;Para nada;Para nada;Un poco;Un poco;Para nada;Para nada;Para nada;Un poco;Para nada;Para nada;Para nada;Para nada;Un poco;Para nada;Para nada;Para nada;63;Mujer;;;;;;;;;;;;;;;;;;;;;;;;;;;;;;;;;;
152;12-89;;;0101159341;12-89;22.31;Si;No;Nunca;No;Nódulo sintomático;Eutiroideo;6;4;15.00;11.00;16.00;;;Polo superior;;;;Si;VI;Para nada;Para nada;Para nada;Para nada;Para nada;Un poco;Para nada;Un poco;Un poco;Un poco;Para nada;Un poco;Para nada;Para nada;Para nada;Un poco;Un poco;Para nada;Para nada;Para nada;Para nada;Para nada;Para nada;Para nada;67;Mujer;;;;;;;;;;;;;;;;;;;;;;;;;;;;;;;;;;
153;12-9;BAJO RIESGO;RIESGO BAJO;0104037478;12-9;23.42;Si;No;Nunca;No;Tamizaje;Hipotiroideo;11;5;11.00;10.00;16.00;;;Medio;;;;Si;V;Un poco;Para nada;Para nada;Un poco;Para nada;Un poco;Un poco;Para nada;Para nada;Para nada;Un poco;Para nada;Para nada;Para nada;Para nada;Para nada;Para nada;Para nada;Un poco;Para nada;Para nada;Para nada;Para nada;Bastante;38;Mujer;20;20;;Papilar;CPT- Clásica;;Unilateral izquierdo;;No hay presencia de invasión;No hay presencia de invasión;Ninguna;No;No;No;T1b;M0;N0;;;RIESGO BAJO;2023-08-08;2023-08-11;Convencional;Total;Ro- Libre de tumor;;;;;;;Central;;
154;12-90;;;0103247987;12-90;27.92;No;No;Ex Fumador;No;Nódulo sintomático;Eutiroideo;0;1;00.00;00.00;00.00;;;;;;;Si;VI;Un poco;Para nada;Un poco;Un poco;Un poco;Bastante;Para nada;Para nada;Para nada;Bastante;Para nada;Para nada;Para nada;Para nada;Para nada;Para nada;Para nada;Para nada;Un poco;Para nada;Para nada;Para nada;Para nada;Para nada;53;Mujer;;;;;;;;;;;;;;;;;;;;;;;;;;;;;;;;;;
155;12-91;BAJO RIESGO;RIESGO ALTO;0100982750;12-91;31.41;No;No;Nunca;No;Nódulo sintomático;Eutiroideo;5;4;9.00;7.00;0.00;;Polo superior;;;;;Si;V;Un poco;Un poco;Un poco;Un poco;Para nada;Un poco;Bastante;Para nada;Para nada;Para nada;Para nada;Para nada;Un poco;Para nada;Para nada;Para nada;Para nada;Para nada;Un poco;Un poco;Un poco;Bastante;Un poco;Para nada;73;Mujer;;;;Papilar;CPT- Clásica;;;Unilateral izquierdo;No hay presencia de invasión;Si, no especifica localización;Ninguna;Si;No;No;;M0;N1a;T1AN1AM0;6.14;RIESGO BAJO;2024-06-30;2024-07-02;Convencional;Total;Ro- Libre de tumor;;;;;;;Central;;
156;12-92;MUY BAJO RIESGO;RIESGO BAJO;0702778390;12-92;31.41;No;No;Nunca;No;Tamizaje;Eutiroideo;5;4;16.00;13.00;00.00;;;;Polo superior;;;Si;IV;Un poco;Para nada;Un poco;Un poco;Un poco;Un poco;Un poco;Un poco;Para nada;Un poco;Para nada;Para nada;Un poco;Para nada;Un poco;Un poco;Para nada;Un poco;Un poco;Para nada;Para nada;Para nada;Para nada;Para nada;51;Mujer;;;;Papilar;CPT- Clásica;;Unilateral izquierdo;;No hay presencia de invasión;No hay presencia de invasión;Ninguna;No;No;No;;0;N0;T1AN0M0;4.14;RIESGO BAJO;2024-07-18;2024-07-20;Convencional;Total;Ro- Libre de tumor;;;;;;;Central;;
157;12-93;;;0100272913;12-93;26.7;Si;No;Ex Fumador;Si;Tamizaje;Hipotiroideo;3;3;10.00;14.61;15.00;;;Medio;;;;Si;V;Para nada;Para nada;Para nada;Para nada;Para nada;Un poco;Para nada;Para nada;Para nada;Para nada;Para nada;Para nada;Un poco;Para nada;Para nada;Para nada;Para nada;Para nada;Para nada;Para nada;Para nada;Para nada;Para nada;Para nada;79;Hombre;;;;;;;;;;;;;;;;;;;;;;;;;;;;;;;;;;
158;12-94;;;0103264313;12-94;23.42;No;No;Nunca;No;Tamizaje;Eutiroideo;6;4;6.00;4.00;7.20;;;Polo superior;Polo superior;;;Si;III;Un poco;Un poco;Un poco;Un poco;Para nada;Un poco;Un poco;Para nada;Para nada;Un poco;Para nada;Para nada;Para nada;Para nada;Para nada;Para nada;Para nada;Para nada;Para nada;Para nada;Para nada;Para nada;Para nada;Para nada;52;Mujer;;;;;;;;;;;;;;;;;;;;;;;;;;;;;;;;;;
159;12-95;;;1714493648;12-95;32;No;No;Nunca;No;Tamizaje;Eutiroideo;5;4;13.00;7.00;10.00;;;Polo superior;;;;Si;V;Para nada;Un poco;Un poco;Un poco;Un poco;Para nada;Para nada;Para nada;Para nada;Para nada;Un poco;Para nada;Para nada;Para nada;Para nada;Para nada;Para nada;Para nada;Para nada;Para nada;Para nada;Para nada;Para nada;Para nada;49;Mujer;;;;;;;;;;;;;;;;;;;;;;;;;;;;;;;;;;
160;12-96;;;0107224271;12-96;30.12;No;No;Nunca;No;Nódulo sintomático;Eutiroideo;8;5;11.00;14.00;14.00;;Polo superior;;;;;Si;V;Para nada;Para nada;Un poco;Para nada;Un poco;Un poco;Para nada;Un poco;Un poco;Un poco;Un poco;Para nada;Un poco;Para nada;Para nada;Para nada;Para nada;Para nada;Un poco;Para nada;Para nada;Un poco;Un poco;Para nada;27;Mujer;;;;;;;;;;;;;;;;;;;;;;;;;;;;;;;;;;
161;12-97;;;0102258720;12-97;25.03;No;No;Nunca;No;Tamizaje;Eutiroideo;5;4;10.00;8.00;8.30;;Polo inferior;;;;;Si;IV;Para nada;Para nada;Para nada;Un poco;Para nada;Un poco;Para nada;Para nada;Para nada;Para nada;Para nada;Para nada;Para nada;Para nada;Un poco;Para nada;Para nada;Para nada;Para nada;Para nada;Un poco;Para nada;Para nada;Bastante;53;Hombre;;;;;;;;;;;;;;;;;;;;;;;;;;;;;;;;;;
162;12-98;;;0102214129;12-98;32.39;Si;No;Nunca;No;Tamizaje;Eutiroideo;4;4;42.00;32.00;00.00;;Polo superior;;;;;Si;VI;Para nada;Para nada;Para nada;Un poco;Para nada;Un poco;Para nada;Para nada;Para nada;Un poco;Para nada;Un poco;Para nada;Para nada;Para nada;Un poco;Para nada;Para nada;Un poco;Un poco;Un poco;Para nada;Para nada;Para nada;62;Mujer;;;;;;;;;;;;;;;;;;;;;;;;;;;;;;;;;;
163;12-99;;;0105301766;12-99;26.22;No;No;Nunca;No;Tamizaje;Eutiroideo;4;4;10.00;5.00;9.00;;;;Polo superior;;;Si;VI;Un poco;Un poco;Para nada;Para nada;Para nada;Un poco;Para nada;Un poco;Para nada;Un poco;Un poco;Un poco;Un poco;Para nada;Para nada;Un poco;Para nada;Un poco;Un poco;Para nada;Para nada;Un poco;Un poco;Bastante;24;Mujer;;;;;;;;;;;;;;;;;;;;;;;;;;;;;;;;;;
164;13-1;RIESGO INTERMEDIO;RIESGO BAJO;2200363725;13-1;28.28;No;No;Nunca;No;Imagen incidental;Eutiroideo;8;5;10.00;12.00;10.00;1;Medio;;;;;Si;V;Para nada;Para nada;Para nada;Para nada;Para nada;Un poco;Para nada;Para nada;Para nada;Para nada;Para nada;Para nada;Para nada;Para nada;Para nada;Para nada;Para nada;Para nada;Para nada;Para nada;Para nada;Para nada;Para nada;Un poco;23;Mujer;12;10;;Papilar;CPT- Clásica;;Unilateral derecho;No especifica;Unilateral derecho;Unilateral derecho;Ninguna;No;No;No;;0;N0;pT1b;4.40;RIESGO INTERMEDIO;2023-09-11;2023-09-13;Convencional;Total;Ro- Libre de tumor;;;;;;;Ninguno;Hospital Regional de Ambato - Ecuador (EC07U);
165;13-10;MUY BAJO RIESGO;RIESGO BAJO;1803128170;13-10;30.48;No;No;Nunca;No;Imagen incidental;Eutiroideo;11;5;10.00;11.00;10.00;1;;;;;;Si;V;Para nada;Un poco;Para nada;Para nada;Para nada;Para nada;Para nada;Para nada;Para nada;Para nada;Para nada;Para nada;Para nada;Para nada;Para nada;Para nada;Para nada;Para nada;Para nada;Para nada;Para nada;Para nada;Para nada;Para nada;42;Mujer;;;;Papilar;CPT- Folicular;;Unilateral derecho;No especifica;Unilateral derecho;Si, no especifica localización;Ninguna;No;No;No;;0;N0;pT1a;3.60;RIESGO BAJO;2023-10-01;2023-10-03;Convencional;Total;;;;;;;;Ninguno;Hospital Regional de Ambato - Ecuador (EC07U);
166;13-100;MUY BAJO RIESGO;RIESGO BAJO;1802297083;13-100;28.67;No;No;Nunca;No;Imagen incidental;Eutiroideo;3;3;26.00;17.00;11.00;1;;;;;;Si;V;Para nada;Bastante;Para nada;Para nada;Un poco;Para nada;Bastante;Para nada;Para nada;Un poco;Para nada;Para nada;Para nada;Un poco;Para nada;Un poco;Bastante;Un poco;Un poco;Para nada;Un poco;Bastante;Bastante;Un poco;57;Mujer;;;;Papilar;CPT- Clásica;;Unilateral izquierdo;No especifica;No hay presencia de invasión;No hay presencia de invasión;Ninguna;No;No;No;;0;N0;pT1apN0;4.59;RIESGO BAJO;2024-10-06;2024-10-08;Convencional;Total;;Derecho;;;;;;Central;Hospital Regional de Ambato - Ecuador (EC07U);
167;13-101;RIESGO INTERMEDIO;RIESGO BAJO;1805752464;13-101;24.32;No;No;Nunca;No;Nódulo sintomático;Eutiroideo;7;5;23.00;13.00;24.00;1;;;;;;No;;Un poco;Bastante;Para nada;Para nada;Bastante;Para nada;Para nada;Un poco;Para nada;Mucho;Para nada;Para nada;Mucho;Para nada;Mucho;Un poco;Mucho;Mucho;Un poco;Un poco;Un poco;Mucho;Mucho;Un poco;24;Mujer;20;20;;Papilar;CPT- Clásica;;Unilateral derecho;No especifica;Unilateral derecho;Unilateral derecho;Ninguna;Si;No;No;;0;N1a;pT1bpN1a;3.70;RIESGO INTERMEDIO;2024-11-06;2024-11-08;Convencional;Total;Ro- Libre de tumor;Derecho;;;;;;Central;;
168;13-102;MUY BAJO RIESGO;RIESGO BAJO;1803974789;13-102;23.74;No;No;Nunca;No;Pruebas no relacionadas;Eutiroideo;5;4;10.00;9.00;8.00;;;;;1;;Si;V;Bastante;Bastante;Para nada;Para nada;Un poco;Para nada;Para nada;Bastante;Un poco;Bastante;Para nada;Bastante;Un poco;Para nada;Bastante;Bastante;Un poco;Bastante;Un poco;Un poco;Un poco;Bastante;Bastante;Para nada;38;Mujer;;;;Papilar;CPT- Clásica;;Unilateral izquierdo;No especifica;No hay presencia de invasión;No hay presencia de invasión;Ninguna;No;No;No;;0;N0;pT1a;3.28;RIESGO BAJO;2024-11-06;2024-11-08;Convencional;Total;Ro- Libre de tumor;;;;;;;Ninguno;Hospital Regional de Ambato - Ecuador (EC07U);
169;13-103;RIESGO INTERMEDIO;RIESGO ALTO;1802606127;13-103;22.07;No;No;Nunca;No;Imagen incidental;Eutiroideo;9;5;14.00;23.00;14.00;;;;;2;;Si;VI;Un poco;Un poco;Para nada;Para nada;Para nada;Para nada;Para nada;Un poco;Para nada;Un poco;Para nada;Un poco;Un poco;Un poco;Un poco;Un poco;Un poco;Un poco;Un poco;Un poco;Un poco;Un poco;Un poco;Para nada;53;Mujer;15;12;;Papilar;CPT- Clásica;;No especifica;Unilateral izquierdo;Unilateral izquierdo;Unilateral izquierdo;Invasión a tejido peritiroideo;Si;No;No;;0;;pT3b(m)pN1a;5.72;RIESGO INTERMEDIO;2024-11-17;2024-11-19;Convencional;Total;Ro- Libre de tumor;;;;;;;Ninguno;Hospital Regional de Ambato - Ecuador (EC07U);
170;13-104;MUY BAJO RIESGO;RIESGO BAJO;1804671822;13-104;25.16;No;No;Nunca;No;Pruebas no relacionadas;Eutiroideo;5;4;8.00;7.00;7.00;;;;;1;;Si;VI;Para nada;Para nada;Para nada;Para nada;Para nada;Para nada;Mucho;Para nada;Para nada;Mucho;Para nada;Para nada;Mucho;Para nada;Para nada;Mucho;Mucho;Para nada;Un poco;Mucho;Mucho;Para nada;Para nada;Para nada;32;Mujer;;;;Papilar;CPT- Clásica;;Unilateral izquierdo;No especifica;No hay presencia de invasión;No hay presencia de invasión;Ninguna;No;No;No;;0;N0;pT1a;3.34;RIESGO BAJO;2024-12-01;2024-12-03;Convencional;Lobectomía izquierda;Ro- Libre de tumor;;;;;;;Ninguno;;
171;13-105;BAJO RIESGO;RIESGO BAJO;1850294024;13-105;24.91;No;No;Ex Fumador;No;Nódulo sintomático;Hipotiroideo;7;5;23.00;39.00;25.00;;;;;1;;Si;V;Para nada;Para nada;Para nada;Para nada;Bastante;Para nada;Para nada;Para nada;Para nada;Un poco;Para nada;Para nada;Para nada;Un poco;Bastante;Para nada;Para nada;Un poco;Un poco;Para nada;Para nada;Para nada;Para nada;Para nada;26;Hombre;35;38;;Papilar;CPT- Clásica;;Unilateral izquierdo;No especifica;No hay presencia de invasión;No hay presencia de invasión;Ninguna;No;No;No;;0;N0;pT2;4.15;RIESGO BAJO;2025-01-15;2024-12-06;Convencional;Total;Ro- Libre de tumor;;;;;;;Ninguno;;
172;13-106;MUY BAJO RIESGO;RIESGO BAJO;1803341468;13-106;27.06;Si;No;Nunca;No;Imagen incidental;Eutiroideo;6;4;9.00;8.00;8.00;;;;;1;;Si;V;Para nada;Para nada;Para nada;Para nada;Para nada;Para nada;Para nada;Para nada;Para nada;Un poco;Para nada;Para nada;Para nada;Un poco;Para nada;Para nada;Para nada;Para nada;Para nada;Un poco;Para nada;Para nada;Para nada;Un poco;41;Mujer;;;;Papilar;CPT- Clásica;;Unilateral izquierdo;No especifica;No hay presencia de invasión;No hay presencia de invasión;Ninguna;No;No;No;;0;N0;pT1a;3.46;RIESGO BAJO;2024-11-20;2024-11-22;Convencional;Total;Ro- Libre de tumor;;;;;;;Ninguno;Hospital Regional de Ambato - Ecuador (EC07U);
173;13-107;ALTO RIESGO;RIESGO ALTO;1802170793;13-107;27.85;No;No;Nunca;No;Nódulo sintomático;Eutiroideo;11;5;18.00;23.00;20.00;1;;;;;;Si;VI;Para nada;Para nada;Bastante;Bastante;Para nada;Para nada;Para nada;Para nada;Para nada;Para nada;Para nada;Para nada;Para nada;Un poco;Para nada;Para nada;Para nada;Para nada;Para nada;Para nada;Para nada;Para nada;Para nada;Un poco;57;Hombre;17;11;;Papilar;CPT-Otro;;Unilateral derecho;No especifica;Unilateral derecho;Unilateral derecho;Invasión a tejido peritiroideo;Si;No;No;;0;N1a;pT4apN1a;6.15;RIESGO ALTO;2024-11-24;2024-11-27;Convencional;Total;Ro- Libre de tumor;Derecho;Unilateral;Derecho;;;II;Central;;
174;13-108;RIESGO INTERMEDIO;RIESGO ALTO;0501532279;13-108;32.34;No;No;Nunca;Si;Imagen incidental;Eutiroideo;4;4;11.00;8.00;7.00;1;;;;1;;Si;VI;Un poco;Para nada;Para nada;Para nada;Para nada;Para nada;Para nada;Para nada;Para nada;Para nada;Para nada;Para nada;Para nada;Bastante;Para nada;Para nada;Para nada;Para nada;Para nada;Para nada;Un poco;Un poco;Para nada;Para nada;57;Mujer;20;10;;Papilar;CPT- Clásica;;No especifica;Unilateral derecho;No hay presencia de invasión;No hay presencia de invasión;Rebasa músculo pretiroideo;No;No;Si;;0;N0;pT3b(m);6.24;RIESGO INTERMEDIO;2024-11-20;2024-11-22;Convencional;Total;Ro- Libre de tumor;;;;;;;Ninguno;;
175;13-109;ALTO RIESGO;RIESGO ALTO;084328935;13-109;27.67;No;No;Ex Fumador;No;Nódulo sintomático;Eutiroideo;12;5;28.00;42.00;35.00;1;;;;;;Si;III;Para nada;Bastante;Para nada;Para nada;Mucho;Para nada;Para nada;Para nada;Para nada;Bastante;Un poco;Bastante;Bastante;Bastante;Bastante;Bastante;Bastante;Bastante;Bastante;Un poco;Un poco;Bastante;Bastante;Para nada;62;Mujer;20;10;;Papilar;CPT- Células altas;;Unilateral derecho;No especifica;Unilateral derecho;Unilateral derecho;Invasión a tejido peritiroideo;Si;No;Si;;0;N1a;pT4apN1a;6.56;RIESGO ALTO;2024-11-20;2024-11-22;Convencional;Total;;Derecho;;;;;;Central;Hospital Regional de Ambato - Ecuador (EC07U);
176;13-11;BAJO RIESGO;RIESGO BAJO;2300168636;13-11;25.54;No;No;Nunca;No;Nódulo sintomático;Eutiroideo;6;4;35.00;38.00;25.00;1;Medio;;;;;Si;V;Para nada;Un poco;Para nada;Para nada;Bastante;Para nada;Para nada;Para nada;Para nada;Para nada;Para nada;Para nada;Para nada;Para nada;Para nada;Para nada;Para nada;Para nada;Para nada;Para nada;Para nada;Para nada;Para nada;Para nada;28;Mujer;25;15;;Folicular;;Células de Hurtle;Unilateral derecho;No especifica;Unilateral derecho;Si, no especifica localización;Ninguna;No;No;No;;0;N0;pT2;3.70;RIESGO INTERMEDIO;2023-10-12;2023-10-15;Convencional;Total;Ro- Libre de tumor;;;;;;;Ninguno;Hospital Regional de Ambato - Ecuador (EC07U);
177;13-110;BAJO RIESGO;RIESGO BAJO;1803668506;13-110;30.22;No;No;Nunca;No;Imagen incidental;Eutiroideo;8;5;15.00;16.00;15.00;;;;;1;;Si;VI;Bastante;Para nada;Para nada;Para nada;Para nada;Para nada;Un poco;Para nada;Para nada;Bastante;Bastante;Para nada;Un poco;Bastante;Para nada;Un poco;Bastante;Bastante;Un poco;Un poco;Un poco;Bastante;Para nada;Bastante;43;Mujer;20;20;;Papilar;CPT- Clásica;;Unilateral izquierdo;No especifica;No hay presencia de invasión;No hay presencia de invasión;Ninguna;No;No;No;;0;N0;pT1b;4.12;RIESGO BAJO;2025-01-24;2024-11-30;Convencional;Total;;;;;;;;Ninguno;;
178;13-111;BAJO RIESGO;RIESGO BAJO;1803626439;13-111;26.44;No;No;Nunca;No;Imagen incidental;Eutiroideo;7;5;11.00;10.00;11.00;;;;;1;;Si;VI;Para nada;Para nada;Para nada;Para nada;Para nada;Para nada;Para nada;Para nada;Para nada;Para nada;Para nada;Para nada;Para nada;Para nada;Para nada;Para nada;Para nada;Bastante;Para nada;Para nada;Para nada;Para nada;Para nada;Un poco;40;Mujer;10;10;;Papilar;CPT-Otro;;No especifica;Unilateral izquierdo;Unilateral izquierdo;Unilateral izquierdo;Ninguna;No;No;No;;0;N0;pT1a(m);3.50;RIESGO INTERMEDIO;2025-01-29;2024-10-18;Endoscópica;Total;Ro- Libre de tumor;;;;;;;Ninguno;;
179;13-112;RIESGO INTERMEDIO;RIESGO ALTO;1804303376;13-112;34.71;No;No;Nunca;Si;Nódulo sintomático;Eutiroideo;11;5;16.00;28.00;18.00;;;;;;1;Si;VI;Para nada;Para nada;Para nada;Para nada;Bastante;Para nada;Para nada;Bastante;Bastante;Para nada;Para nada;Para nada;Para nada;Bastante;Para nada;Para nada;Para nada;Bastante;Para nada;Para nada;Para nada;Para nada;Para nada;Para nada;32;Mujer;35;30;;Papilar;CPT- Clásica;;No especifica;Unilateral izquierdo;No hay presencia de invasión;No hay presencia de invasión;Rebasa músculo pretiroideo;No;No;No;;0;N0;pT3b(m);4.15;RIESGO INTERMEDIO;2025-02-04;2024-12-31;Convencional;Total;Ro- Libre de tumor;;;;;;;Ninguno;;
180;13-113;MUY BAJO RIESGO;RIESGO BAJO;1711453330;13-113;24.03;Si;No;Nunca;Si;Imagen incidental;Eutiroideo;4;4;19.00;7.00;12.00;;;;;2;;Si;IV;Un poco;Para nada;Para nada;Para nada;Para nada;Para nada;Bastante;Bastante;Bastante;Bastante;Bastante;Un poco;Bastante;Para nada;Bastante;Bastante;Un poco;Un poco;Bastante;Un poco;Un poco;Bastante;Para nada;Para nada;55;Mujer;;;;Papilar;CPT- Clásica;;No especifica;Unilateral izquierdo;No hay presencia de invasión;No hay presencia de invasión;Ninguna;No;No;No;;0;N0;pT1a(m);4.50;RIESGO BAJO;2024-11-20;2024-11-22;Convencional;Total;Ro- Libre de tumor;;;;;;;Ninguno;;
181;13-114;MUY BAJO RIESGO;RIESGO BAJO;1850191725;13-114;35.71;No;No;Nunca;No;Imagen incidental;Eutiroideo;4;4;11.00;8.00;7.00;;;;;1;;Si;V;Un poco;Para nada;Para nada;Para nada;Para nada;Para nada;Mucho;Para nada;Para nada;Bastante;Para nada;Bastante;Un poco;Mucho;Mucho;Para nada;Para nada;Mucho;Mucho;Mucho;Mucho;Mucho;Mucho;Un poco;31;Mujer;;;;Papilar;CPT- Clásica;;Unilateral izquierdo;No especifica;No hay presencia de invasión;No hay presencia de invasión;Ninguna;No;No;No;;0;N0;pT1a;3.19;RIESGO BAJO;2025-02-21;2025-01-07;Convencional;Total;Ro- Libre de tumor;;;;;;;Ninguno;;
182;13-115;RIESGO INTERMEDIO;RIESGO ALTO;1805165147;13-115;23.03;No;No;Nunca;No;Pruebas no relacionadas;Eutiroideo;11;5;6.00;7.00;6.00;1;;;;;;Si;VI;Para nada;Para nada;Para nada;Para nada;Para nada;Para nada;Bastante;Bastante;Bastante;Para nada;Para nada;Para nada;Mucho;Para nada;Un poco;Un poco;Bastante;Para nada;Un poco;Bastante;Bastante;Bastante;Bastante;Para nada;28;Mujer;10;8;;Papilar;CPT-Otro;;No especifica;Unilateral derecho;Unilateral derecho;Unilateral derecho;Rebasa músculo pretiroideo;Si;No;Si;;0;N1a;pT4a(m)pN1b;4.40;RIESGO ALTO;2025-01-05;2025-01-08;Convencional;Total;Ro- Libre de tumor;Derecho;Unilateral;Derecho;;;II;Central;;
183;13-116;ALTO RIESGO;RIESGO ALTO;0501813893;13-116;21.13;No;No;Nunca;No;Nódulo sintomático;Eutiroideo;4;4;25.00;11.00;23.00;;;;;1;;Si;VI;Un poco;Un poco;Para nada;Para nada;Bastante;Para nada;Un poco;Para nada;Para nada;Un poco;Para nada;Para nada;Un poco;Para nada;Un poco;Para nada;Un poco;Un poco;Para nada;Bastante;Un poco;Un poco;Un poco;Para nada;56;Mujer;20;19;;Papilar;CPT-Otro;;Unilateral izquierdo;No especifica;Unilateral izquierdo;Unilateral izquierdo;Invasión a tejido peritiroideo;No;No;Si;;0;N0;pT3b;6.08;RIESGO ALTO;2025-01-08;2025-01-11;Convencional;Total;Ro- Libre de tumor;;;;;;;Ninguno;;
184;13-117;BAJO RIESGO;RIESGO BAJO;0501457139;13-117;31.2;No;No;Nunca;Si;Nódulo sintomático;Hipotiroideo;6;4;10.00;19.00;20.00;;;;;1;;Si;VI;Bastante;Para nada;Para nada;Para nada;Bastante;Para nada;Un poco;Un poco;Un poco;Bastante;Para nada;Para nada;Para nada;Para nada;Para nada;Para nada;Bastante;Un poco;Un poco;Un poco;Un poco;Bastante;Bastante;Para nada;76;Mujer;40;25;;Papilar;CPT- Clásica;;Unilateral izquierdo;No especifica;Si, no especifica localización;Si, no especifica localización;Ninguna;No;No;No;;0;N0;pT2;7.28;RIESGO INTERMEDIO;2025-01-08;2025-01-10;Convencional;Total;Ro- Libre de tumor;;;;;;;Ninguno;;
185;13-118;ALTO RIESGO;RIESGO ALTO;1802754596;13-118;33.32;No;No;Nunca;Si;Nódulo sintomático;Eutiroideo;10;5;26.00;59.00;45.00;1;;;;1;1;No;;Bastante;Para nada;Para nada;Para nada;Mucho;Para nada;Para nada;Bastante;Bastante;Bastante;Para nada;Para nada;Para nada;Bastante;Bastante;Bastante;Un poco;Un poco;Bastante;Bastante;Bastante;Bastante;Bastante;Bastante;56;Mujer;28;32;;Papilar;CPT-Otro;;No especifica;Unilateral derecho;Unilateral izquierdo;Unilateral izquierdo;Invasión a tejido peritiroideo;Si;No;No;;0;N1a;pT4apN1a;15.08;RIESGO ALTO;2025-01-15;2025-01-20;Convencional;Total;Ro- Libre de tumor;Derecho;;;;;;Central;;
186;13-119;BAJO RIESGO;RIESGO BAJO;1801777218;13-119;23.73;No;No;Nunca;No;Imagen incidental;Eutiroideo;5;4;9.00;8.00;6.00;1;;;;1;;Si;VI;Para nada;Un poco;Para nada;Para nada;Para nada;Para nada;Un poco;Para nada;Para nada;Un poco;Para nada;Un poco;Para nada;Para nada;Para nada;Para nada;Para nada;Un poco;Un poco;Un poco;Un poco;Un poco;Un poco;Para nada;67;Mujer;;;;Papilar;CPT-Otro;;No especifica;Unilateral derecho;Unilateral derecho;Unilateral derecho;Ninguna;No;No;No;;0;N0;pT1a(m);5.57;RIESGO BAJO;2025-03-18;2025-01-17;Convencional;Total;Ro- Libre de tumor;;;;;;;Central;Hospital Regional de Ambato - Ecuador (EC07U);
187;13-12;RIESGO INTERMEDIO;RIESGO BAJO;1803416831;13-12;37.76;No;No;Nunca;Si;Imagen incidental;Eutiroideo;4;4;13.00;10.00;10.00;;;Medio;;1;;Si;IV;Para nada;Para nada;Para nada;Para nada;Para nada;Para nada;Para nada;Para nada;Para nada;Para nada;Para nada;Para nada;Para nada;Para nada;Para nada;Para nada;Para nada;Para nada;Para nada;Para nada;Para nada;Para nada;Para nada;Para nada;43;Mujer;13;10;;Papilar;CPT- Folicular;;Unilateral izquierdo;No especifica;Unilateral izquierdo;Unilateral izquierdo;Ninguna;No;No;No;;0;N0;pT1b;3.82;RIESGO INTERMEDIO;2023-10-15;2023-10-17;Convencional;Total;Ro- Libre de tumor;;;;;;;Ninguno;Hospital Regional de Ambato - Ecuador (EC07U);
188;13-120;ALTO RIESGO;RIESGO ALTO;1802629285;13-120;22.81;No;No;Nunca;No;Nódulo sintomático;Eutiroideo;12;5;16.00;27.00;20.00;;;;;1;;Si;V;Un poco;Un poco;Para nada;Para nada;Bastante;Para nada;Para nada;Un poco;Un poco;Bastante;Para nada;Bastante;Un poco;Para nada;Un poco;Un poco;Un poco;Un poco;Un poco;Bastante;Un poco;Bastante;Bastante;Para nada;55;Mujer;30;28;;Papilar;CPT-Otro;;No especifica;Unilateral izquierdo;Unilateral izquierdo;Unilateral izquierdo;Invasión a tejido peritiroideo;Si;No;No;;0;N1a;pT3b(m)pN1b;6.30;RIESGO ALTO;2025-03-19;2025-01-29;Convencional;Total;Ro- Libre de tumor;Derecho;Unilateral;Izquierdo;;;II;Central;;
189;13-121;MUY BAJO RIESGO;RIESGO BAJO;1802698504;13-121;20;No;No;Nunca;No;Imagen incidental;Eutiroideo;6;4;8.50;3.50;4.00;;;;;1;;Si;VI;Un poco;Para nada;Para nada;Para nada;Para nada;Para nada;Para nada;Para nada;Un poco;Para nada;Para nada;Un poco;Un poco;Para nada;Para nada;Para nada;Un poco;Un poco;Un poco;Un poco;Un poco;Un poco;Para nada;Para nada;53;Mujer;;;;Papilar;CPT- Clásica;;Unilateral izquierdo;No especifica;No hay presencia de invasión;No hay presencia de invasión;Ninguna;No;No;No;;0;N0;pT1a;4.33;RIESGO BAJO;2025-02-09;2025-02-11;Convencional;Total;Ro- Libre de tumor;;;;;;;Ninguno;;
190;13-122;MUY BAJO RIESGO;RIESGO BAJO;0501376776;13-122;23.92;Si;No;Nunca;Si;Imagen incidental;Eutiroideo;7;5;7.00;6.00;6.00;1;;;;;;Si;IV;Un poco;Un poco;Para nada;Para nada;Para nada;Para nada;Un poco;Un poco;Un poco;Un poco;Para nada;Un poco;Un poco;Para nada;Para nada;Para nada;Un poco;Para nada;Bastante;Bastante;Para nada;Un poco;Un poco;Para nada;58;Mujer;;;;Papilar;CPT-Otro;;Unilateral derecho;No especifica;Si, no especifica localización;Si, no especifica localización;Ninguna;No;No;No;T1a;M0;Nx;pT1a;4.70;RIESGO BAJO;2025-04-08;2025-02-25;Convencional;Lobectomía derecha;Ro- Libre de tumor;;;;;;;Ninguno;;
191;13-123;BAJO RIESGO;RIESGO BAJO;1805086467;13-123;22.39;Si;No;Nunca;No;Imagen incidental;Hipotiroideo;10;5;4.00;7.00;6.00;1;;;;1;;Si;V;Un poco;Un poco;Para nada;Para nada;Para nada;Para nada;Un poco;Para nada;Para nada;Bastante;Bastante;Un poco;Un poco;Para nada;Para nada;Un poco;Un poco;Un poco;Un poco;Bastante;Bastante;Bastante;Bastante;Para nada;34;Mujer;;;;Papilar;CPT- Clásica;;No especifica;Unilateral derecho;Unilateral derecho;Unilateral derecho;Ninguna;Si;No;Si;T1a;M0;N1a;pT1a(m)pN1a;4.28;RIESGO BAJO;2025-02-26;2025-02-28;Convencional;Total;Ro- Libre de tumor;;;;;;;Ninguno;;
192;13-124;ALTO RIESGO;RIESGO ALTO;0503155327;13-124;35.64;;No;Nunca;Si;Nódulo sintomático;Hipotiroideo;12;5;12.00;16.00;12.00;1;Polo superior;Polo superior;;1;;Si;VI;Bastante;Bastante;Mucho;Mucho;Un poco;Para nada;Para nada;Para nada;Para nada;Bastante;Para nada;Para nada;Para nada;Bastante;Un poco;Un poco;Bastante;Bastante;Bastante;Para nada;Para nada;Mucho;Para nada;Para nada;40;Mujer;17;15;;Papilar;CPT- Clásica;;No especifica;Unilateral derecho;Unilateral derecho;Unilateral derecho;Invasión a tejido peritiroideo;Si;No;No;T4a;M0;N1a;pT4a(m)pN1a;4.71;RIESGO ALTO;2025-04-09;2025-02-18;Convencional;Total;Ro- Libre de tumor;Derecho;;;;;;Central;;
193;13-125;RIESGO INTERMEDIO;RIESGO ALTO;1850932557;13-125;31.04;No;No;Nunca;No;Imagen incidental;Hipotiroideo;5;4;10.00;8.00;8.00;1;;;;;;Si;IV;Un poco;Para nada;Para nada;Para nada;Para nada;Para nada;Para nada;Un poco;Para nada;Para nada;Para nada;Para nada;Para nada;Un poco;Para nada;Un poco;Para nada;Un poco;Para nada;Para nada;Para nada;Para nada;Para nada;Un poco;21;Mujer;10;10;;Papilar;CPT- Clásica;;Unilateral derecho;No especifica;Si, no especifica localización;Si, no especifica localización;Ninguna;Si;No;No;T1a;M0;N1a;pT1apN1a;3.40;RIESGO INTERMEDIO;2025-04-11;2025-02-07;Convencional;Total;Ro- Libre de tumor;Derecho;;;;;;Central;;
194;13-126;BAJO RIESGO;RIESGO BAJO;1803341666;13-126;24.32;No;No;Nunca;No;Imagen incidental;Eutiroideo;8;5;12.00;10.00;11.00;1;;;;;;Si;VI;Un poco;Para nada;Para nada;Para nada;Para nada;Para nada;Bastante;Bastante;Bastante;Bastante;Para nada;Para nada;Bastante;Para nada;Bastante;Bastante;Bastante;Bastante;Bastante;Bastante;Bastante;Bastante;Bastante;Un poco;41;Mujer;17;16;;Papilar;CPT- Clásica;;No especifica;Unilateral derecho;No hay presencia de invasión;No hay presencia de invasión;Ninguna;No;No;No;T1b;M0;N0;pT1b(m);3.79;RIESGO BAJO;2025-03-23;2025-03-25;Convencional;Total;Ro- Libre de tumor;;;;;;;Ninguno;;
195;13-127;RIESGO INTERMEDIO;RIESGO ALTO;1801404748;13-127;26.42;No;No;Nunca;Si;Imagen incidental;Eutiroideo;6;4;11.00;9.00;11.00;1;;;;;;Si;V;Para nada;Para nada;Para nada;Para nada;Para nada;Para nada;Para nada;Para nada;Para nada;Un poco;Para nada;Un poco;Para nada;Un poco;Para nada;Para nada;Un poco;Para nada;Para nada;Para nada;Para nada;Para nada;Un poco;Para nada;68;Hombre;6;6;;Papilar;CPT- Clásica;;No especifica;Unilateral derecho;Unilateral derecho;Unilateral derecho;Invasión a tejido peritiroideo;No;No;No;T3b;M0;N0;pT3b(m)pN0;6.62;RIESGO INTERMEDIO;2025-04-29;2025-03-12;Convencional;Total;Ro- Libre de tumor;Derecho;Unilateral;Izquierdo;;;II;Central;;
196;13-128;ALTO RIESGO;RIESGO ALTO;1804972626;13-128;20.32;No;No;Nunca;No;Nódulo sintomático;Eutiroideo;12;5;30.00;32.00;30.00;;;;;;1;Si;VI;Para nada;Para nada;Para nada;Para nada;Bastante;Para nada;Un poco;Para nada;Para nada;Para nada;Para nada;Un poco;Para nada;Para nada;Para nada;Para nada;Para nada;Para nada;Para nada;Para nada;Para nada;Para nada;Para nada;Un poco;32;Hombre;50;23;;Papilar;CPT- Folicular;;;Unilateral derecho;Unilateral derecho;Unilateral derecho;Invasión a tejido peritiroideo;Si;No;No;T3b;M0;N1b;pT3b(m)pN1b;5.60;RIESGO ALTO;2025-03-19;2025-03-22;Convencional;Total;Ro- Libre de tumor;Derecho;Bilateral;;II;II;;Central;;
197;13-129;MUY BAJO RIESGO;RIESGO BAJO;0501539597;13-129;27.48;No;No;Nunca;No;Imagen incidental;Eutiroideo;4;4;10.00;8.00;6.00;1;;;;;;Si;V;Un poco;Para nada;Para nada;Para nada;Para nada;Para nada;Un poco;Un poco;Un poco;Un poco;Para nada;Un poco;Un poco;Para nada;Un poco;Para nada;Un poco;Un poco;Bastante;Un poco;Un poco;Un poco;Un poco;Para nada;54;Mujer;;;;Papilar;CPT- Clásica;;Unilateral derecho;No especifica;No hay presencia de invasión;No hay presencia de invasión;Ninguna;No;No;No;T1a;M0;N0;pT1a;4.41;RIESGO BAJO;2025-05-06;2025-03-14;Convencional;Total;Ro- Libre de tumor;;;;;;;Ninguno;;
198;13-13;RIESGO INTERMEDIO;RIESGO ALTO;1802590271;13-13;32.99;No;No;Nunca;Si;Nódulo sintomático;Eutiroideo;8;5;20.00;23.00;20.00;;;Medio;;1;;Si;V;Un poco;Para nada;Para nada;Para nada;Para nada;Para nada;Para nada;Un poco;Un poco;Para nada;Para nada;Para nada;Para nada;Un poco;Para nada;Para nada;Un poco;Un poco;Para nada;Para nada;Para nada;Para nada;Un poco;Para nada;52;Mujer;23;18;;Papilar;CPT- Células altas;;Unilateral izquierdo;No especifica;Unilateral izquierdo;Unilateral izquierdo;Invasión a tejido peritiroideo;No;No;No;;0;N0;pT3b;5.71;RIESGO INTERMEDIO;2023-10-22;2023-10-24;Convencional;Total;Ro- Libre de tumor;;;;;;;Ninguno;Hospital Regional de Ambato - Ecuador (EC07U);
199;13-130;BAJO RIESGO;RIESGO BAJO;0201395332;13-130;26.52;No;No;Nunca;No;Nódulo sintomático;Eutiroideo;7;5;15.00;10.00;13.00;1;;;;;;Si;VI;Para nada;Para nada;Para nada;Para nada;Un poco;Para nada;Para nada;Para nada;Para nada;Para nada;Para nada;Para nada;Para nada;Para nada;Para nada;Para nada;Para nada;Para nada;Para nada;Para nada;Para nada;Para nada;Para nada;Para nada;51;Mujer;15;15;;Papilar;CPT- Clásica;;Unilateral derecho;No especifica;No hay presencia de invasión;No hay presencia de invasión;Ninguna;No;No;No;T1b;M0;N0;pT1b;4.53;RIESGO BAJO;2025-03-12;2025-03-14;Convencional;Total;Ro- Libre de tumor;;;;;;;Ninguno;;
200;13-131;RIESGO INTERMEDIO;RIESGO ALTO;1850269174;13-131;31.16;No;No;Nunca;No;Tamizaje;Hipotiroideo;10;5;10.00;20.00;13.00;1;;;;1;1;Si;VI;Para nada;Para nada;Para nada;Para nada;Para nada;Para nada;Para nada;Para nada;Para nada;Para nada;Para nada;Para nada;Para nada;Un poco;Para nada;Un poco;Para nada;Para nada;Para nada;Para nada;Para nada;Para nada;Para nada;Para nada;25;Mujer;15;14;;Papilar;CPT-Otro;;No especifica;Unilateral derecho;Unilateral derecho;Unilateral derecho;Ninguna;Si;No;Si;T1b;M0;N1b;pT1b(m)pN1b;3.55;RIESGO INTERMEDIO;2025-05-16;2025-04-16;Convencional;Total;Ro- Libre de tumor;Derecho;Unilateral;Derecho;;;II;Central;;
201;13-132;RIESGO INTERMEDIO;RIESGO ALTO;1805102520;13-132;32.89;No;No;Nunca;No;Nódulo sintomático;Eutiroideo;7;5;45.00;40.00;40.00;1;;;;;;No;;Un poco;Un poco;Para nada;Para nada;Bastante;Para nada;Para nada;Para nada;Para nada;Un poco;Para nada;Para nada;Un poco;Para nada;Para nada;Para nada;Un poco;Un poco;Un poco;Para nada;Para nada;Para nada;Para nada;Para nada;27;Mujer;40;30;;Papilar;CPT- Clásica;;No especifica;Unilateral derecho;Unilateral derecho;Unilateral derecho;Ninguna;Si;No;Si;T2;M0;N1a;pT2pN1a;4.30;RIESGO INTERMEDIO;2025-04-13;2025-04-15;Convencional;Total;Ro- Libre de tumor;Derecho;;;;;;Central;;
202;13-133;RIESGO INTERMEDIO;RIESGO ALTO;1804685194;13-133;23.26;No;No;Nunca;No;Nódulo sintomático;Eutiroideo;5;4;28.00;12.00;13.00;1;;;;;;Si;V;Para nada;Para nada;Para nada;Para nada;Un poco;Para nada;Para nada;Un poco;Para nada;Para nada;Para nada;Para nada;Para nada;Para nada;Bastante;Un poco;Para nada;Bastante;Un poco;Un poco;Bastante;Bastante;Bastante;Para nada;27;Mujer;18;10;;Papilar;CPT- Clásica;;No especifica;Unilateral derecho;Unilateral derecho;Unilateral derecho;Ninguna;Si;No;Si;T2;M0;N1b;pT1b(m)pN1b;3.64;RIESGO INTERMEDIO;2025-04-27;2025-04-30;Convencional;Total;Ro- Libre de tumor;Derecho;Unilateral;Derecho;;;II;Central;;
203;13-134;ALTO RIESGO;RIESGO ALTO;0602249401;13-134;29.52;No;No;Nunca;No;Nódulo sintomático;Eutiroideo;10;5;14.00;19.00;15.00;1;;;;;;Si;VI;Para nada;Para nada;Para nada;Para nada;Bastante;Para nada;Para nada;Para nada;Para nada;Para nada;Para nada;Para nada;Para nada;Bastante;Para nada;Para nada;Un poco;Para nada;Para nada;Para nada;Un poco;Para nada;Un poco;Un poco;57;Hombre;18;16;;Papilar;CPT- Folicular;;Unilateral derecho;No especifica;Unilateral derecho;Unilateral derecho;Rebasa músculo pretiroideo;Si;No;No;T3b;M0;N1b;pT3bpN1b;6.10;RIESGO ALTO;2025-04-23;2025-04-28;Convencional;Total;Ro- Libre de tumor;Derecho;Unilateral;Derecho;;;II;Central;;
204;13-135;MUY BAJO RIESGO;RIESGO BAJO;1804338414;13-135;30.01;No;No;Nunca;No;Imagen incidental;Eutiroideo;4;4;10.00;9.00;9.00;2;;;;;;Si;V;Para nada;Para nada;Para nada;Para nada;Para nada;Para nada;Bastante;Para nada;Para nada;Un poco;Para nada;Un poco;Un poco;Un poco;Un poco;Bastante;Para nada;Bastante;Un poco;Un poco;Un poco;Bastante;Bastante;Un poco;35;Mujer;;;;Papilar;CPT- Folicular;;No especifica;Unilateral derecho;No hay presencia de invasión;No hay presencia de invasión;Ninguna;No;No;No;T1a;M0;N0;pT1a(m);3.31;RIESGO BAJO;2025-04-30;2025-05-02;Convencional;Total;Ro- Libre de tumor;;;;;;;Ninguno;;
205;13-14;ALTO RIESGO;RIESGO ALTO;1801532019;13-14;18.99;Si;No;Nunca;Si;Histología incidental;Hipotiroideo;7;5;100.00;110.00;100.00;;;;;1;;Si;III;Para nada;Bastante;Para nada;Para nada;Bastante;Para nada;Para nada;Para nada;Para nada;Para nada;Para nada;Para nada;Para nada;Para nada;Para nada;Para nada;Para nada;Para nada;Para nada;Para nada;Para nada;Para nada;Para nada;Para nada;61;Mujer;110;100;;Folicular;;Células de Hurtle;Unilateral izquierdo;No especifica;Unilateral izquierdo;Si, no especifica localización;Rebasa laringe, tráquea, esófago, nervio laríngeo;No;No;No;;0;N0;pT4a;9.26;RIESGO ALTO;2023-10-25;2023-11-08;Convencional;Lobectomía + Istmectomía;Ro- Libre de tumor;;;;;;;Ninguno;Hospital Regional de Ambato - Ecuador (EC07U);
206;13-15;MUY BAJO RIESGO;RIESGO BAJO;1804014056;13-15;26.67;No;No;Nunca;No;Imagen incidental;Hipotiroideo;7;5;10.00;10.00;10.00;1;Medio;;;;;Si;VI;Para nada;Para nada;Para nada;Para nada;Para nada;Para nada;Para nada;Un poco;Un poco;Para nada;Para nada;Para nada;Para nada;Un poco;Para nada;Para nada;Un poco;Un poco;Un poco;Para nada;Para nada;Un poco;Un poco;Para nada;39;Mujer;;;;Papilar;CPT- Clásica;;Unilateral derecho;No especifica;Si, no especifica localización;Si, no especifica localización;Ninguna;No;No;No;;0;N0;pT1a;3.28;RIESGO BAJO;2023-10-19;2023-10-21;Convencional;Lobectomía + Istmectomía;Ro- Libre de tumor;;;;;;;Ninguno;Hospital Regional de Ambato - Ecuador (EC07U);
207;13-16;RIESGO INTERMEDIO;RIESGO BAJO;1600122228;13-16;26.44;Si;No;Nunca;Si;Pruebas no relacionadas;Hipotiroideo;8;5;11.00;22.00;15.00;;;;;1;1;Si;V;Para nada;Un poco;Para nada;Para nada;Un poco;Para nada;Para nada;Para nada;Para nada;Para nada;Para nada;Para nada;Para nada;Para nada;Para nada;Para nada;Para nada;Para nada;Para nada;Para nada;Para nada;Para nada;Para nada;Para nada;62;Mujer;25;15;;Papilar;CPT- Clásica;;No especifica;Bilateral;Bilateral;Si, no especifica localización;Rebasa laringe, tráquea, esófago, nervio laríngeo;No;No;Si;;0;N0;pT4a(m);5.64;RIESGO INTERMEDIO;2023-10-29;2023-10-31;Convencional;Total;Ro- Libre de tumor;;;;;;;Ninguno;Hospital Regional de Ambato - Ecuador (EC07U);
208;13-17;RIESGO INTERMEDIO;RIESGO ALTO;1803834918;13-17;32.23;No;No;Nunca;No;Nódulo sintomático;Eutiroideo;4;4;17.00;16.00;16.00;;;;;1;;Si;IV;Para nada;Para nada;Para nada;Para nada;Bastante;Para nada;Para nada;Para nada;Para nada;Para nada;Para nada;Para nada;Un poco;Bastante;Para nada;Para nada;Para nada;Para nada;Para nada;Un poco;Un poco;Para nada;Bastante;Para nada;38;Mujer;15;13;;Papilar;CPT- Clásica;;Unilateral izquierdo;No especifica;Unilateral izquierdo;Unilateral izquierdo;Rebasa cápsula/ tejido peritiroideo;No;No;No;;0;N0;pT1bpN1a;4.64;RIESGO INTERMEDIO;2023-11-19;2023-11-22;Convencional;Total;Ro- Libre de tumor;;;;;;;Ninguno;Hospital Regional de Ambato - Ecuador (EC07U);
209;13-18;BAJO RIESGO;RIESGO BAJO;1803813805;13-18;23.9;No;No;Nunca;No;Imagen incidental;Eutiroideo;4;4;20.90;19.00;18.00;1;;;;;;Si;VI;Un poco;Un poco;Para nada;Para nada;Para nada;Para nada;Para nada;Para nada;Para nada;Para nada;Para nada;Para nada;Para nada;Para nada;Para nada;Para nada;Para nada;Para nada;Para nada;Para nada;Para nada;Para nada;Para nada;Para nada;32;Mujer;17;10;;Papilar;CPT- Clásica;;Unilateral derecho;No especifica;Unilateral derecho;Si, no especifica localización;Ninguna;No;No;No;;0;N0;pT1b;4.61;RIESGO INTERMEDIO;2023-11-22;2023-11-24;Convencional;Total;Ro- Libre de tumor;;;;;;;Ninguno;Hospital Regional de Ambato - Ecuador (EC07U);
210;13-19;RIESGO INTERMEDIO;RIESGO ALTO;1802473643;13-19;25.06;No;No;Ex Fumador;Si;Histología incidental;Eutiroideo;8;5;4.00;5.00;5.00;1;;;;;;No;;Para nada;Un poco;Para nada;Para nada;Para nada;Para nada;Para nada;Para nada;Para nada;Para nada;Para nada;Para nada;Para nada;Para nada;Para nada;Para nada;Un poco;Un poco;Un poco;Un poco;Un poco;Un poco;Un poco;Para nada;54;Hombre;;;;Papilar;CPT- Clásica;;Unilateral derecho;No especifica;Unilateral derecho;Unilateral derecho;Ninguna;Si;No;No;;0;N1a;pT1apN1b;4.52;RIESGO INTERMEDIO;2023-12-10;2023-12-13;Convencional;Total;Ro- Libre de tumor;Derecho;Unilateral;Derecho;;;II;Central;Hospital Regional de Ambato - Ecuador (EC07U);
211;13-2;MUY BAJO RIESGO;RIESGO BAJO;1800266189;13-2;30.77;No;No;Nunca;Si;Nódulo sintomático;Eutiroideo;7;5;46.00;40.00;40.00;2;Medio;;;22;;Si;V;Bastante;Bastante;Para nada;Para nada;Bastante;Para nada;Para nada;Para nada;Para nada;Para nada;Para nada;Para nada;Para nada;Un poco;Para nada;Para nada;Para nada;Un poco;Para nada;Para nada;Un poco;Para nada;Bastante;Para nada;77;Mujer;;;;Papilar;CPT- Clásica;;Unilateral derecho;No especifica;Si, no especifica localización;Si, no especifica localización;Ninguna;No;No;No;;0;N0;pT1a;7.46;RIESGO BAJO;2023-09-06;2023-09-08;Convencional;Total;Ro- Libre de tumor;;;;;;;Ninguno;Hospital Regional de Ambato - Ecuador (EC07U);
212;13-20;RIESGO INTERMEDIO;RIESGO ALTO;1803450632;13-20;32.77;No;No;Nunca;No;Nódulo sintomático;Eutiroideo;8;5;26.00;30.00;27.00;1;;;;;;Si;V;Para nada;Para nada;Para nada;Para nada;Bastante;Para nada;Un poco;Para nada;Para nada;Para nada;Para nada;Para nada;Para nada;Para nada;Para nada;Para nada;Para nada;Para nada;Un poco;Un poco;Un poco;Para nada;Para nada;Para nada;39;Mujer;20;17;;Papilar;CPT- Clásica;;Unilateral derecho;No especifica;Unilateral derecho;Unilateral derecho;Ninguna;Si;No;No;;0;N1a;pT1bpN1a;3.70;RIESGO INTERMEDIO;2023-12-03;2023-12-05;Convencional;Total;Ro- Libre de tumor;Derecho;;;;;;Central;Hospital Regional de Ambato - Ecuador (EC07U);
213;13-21;BAJO RIESGO;RIESGO BAJO;0201891330;13-21;36.12;No;No;Nunca;No;Imagen incidental;Hipotiroideo;10;5;6.00;7.00;6.00;;;;;1;;Si;IV;Para nada;Para nada;Para nada;Para nada;Para nada;Para nada;Para nada;Para nada;Para nada;Para nada;Para nada;Para nada;Para nada;Para nada;Para nada;Para nada;Para nada;Para nada;Para nada;Para nada;Para nada;Para nada;Para nada;Para nada;36;Mujer;8;7;;Papilar;CPT- Células altas;;Unilateral izquierdo;No especifica;Unilateral izquierdo;Si, no especifica localización;Ninguna;No;No;No;;0;N0;pT1a;3.31;RIESGO INTERMEDIO;2023-12-06;2023-12-08;Convencional;Total;Ro- Libre de tumor;;;;;;;Ninguno;Hospital Regional de Ambato - Ecuador (EC07U);
214;13-22;MUY BAJO RIESGO;RIESGO BAJO;1803014784;13-22;26.71;No;No;Nunca;No;Imagen incidental;;5;4;7.00;6.00;6.00;1;;;;;;Si;VI;Para nada;Para nada;Para nada;Un poco;Para nada;Para nada;Un poco;Para nada;Para nada;Para nada;Para nada;Para nada;Para nada;Para nada;Para nada;Para nada;Para nada;Para nada;Para nada;Para nada;Para nada;Para nada;Para nada;Para nada;48;Hombre;;;;Papilar;CPT- Folicular;;Unilateral derecho;No especifica;Si, no especifica localización;Si, no especifica localización;Ninguna;No;No;No;;0;N0;pT1a;3.99;RIESGO BAJO;2023-12-10;2023-12-12;Convencional;Lobectomía derecha;Ro- Libre de tumor;;;;;;;Ninguno;Hospital Regional de Ambato - Ecuador (EC07U);
215;13-23;MUY BAJO RIESGO;RIESGO BAJO;1803553518;13-23;25.63;No;No;Nunca;No;Imagen incidental;Hipotiroideo;4;4;12.00;11.00;10.00;;;;;1;;Si;VI;Para nada;Para nada;Para nada;Para nada;Para nada;Para nada;Para nada;Para nada;Para nada;Para nada;Para nada;Para nada;Un poco;Para nada;Para nada;Para nada;Para nada;Para nada;Para nada;Un poco;Un poco;Para nada;Para nada;Para nada;42;Mujer;;;;Papilar;CPT- Clásica;;Unilateral izquierdo;No especifica;Si, no especifica localización;Si, no especifica localización;;No;No;Si;;0;N0;pT1apN0;3.57;RIESGO BAJO;2023-12-13;2023-12-15;Convencional;Total;Ro- Libre de tumor;Derecho;;;;;;Central;Hospital Regional de Ambato - Ecuador (EC07U);
216;13-24;MUY BAJO RIESGO;RIESGO BAJO;1803458528;13-24;26.36;No;No;Nunca;No;Nódulo sintomático;Eutiroideo;4;4;39.00;25.00;20.00;1;;;;1;1;Si;IV;Para nada;Para nada;Para nada;Para nada;Un poco;Para nada;Para nada;Para nada;Para nada;Para nada;Para nada;Para nada;Para nada;Para nada;Para nada;Para nada;Para nada;Para nada;Para nada;Para nada;Para nada;Para nada;Para nada;Para nada;39;Mujer;;;;Papilar;CPT- Clásica;;No especifica;Unilateral izquierdo;Si, no especifica localización;Si, no especifica localización;Ninguna;No;No;No;;0;N0;pT1a(m);3.25;RIESGO BAJO;2023-12-13;2023-12-15;Convencional;Total;Ro- Libre de tumor;;;;;;;Ninguno;Hospital Regional de Ambato - Ecuador (EC07U);
217;13-25;RIESGO INTERMEDIO;RIESGO ALTO;1850345008;13-25;22.72;No;No;Nunca;No;Nódulo sintomático;Eutiroideo;12;5;35.00;40.00;27.00;1;;;;;;Si;VI;Para nada;Un poco;Para nada;Para nada;Bastante;Para nada;Para nada;Para nada;Para nada;Para nada;Para nada;Para nada;Para nada;Para nada;Para nada;Para nada;Para nada;Para nada;Para nada;Para nada;Para nada;Para nada;Para nada;Para nada;21;Mujer;30;28;;Papilar;CPT- Clásica;;Unilateral derecho;No especifica;Unilateral derecho;Unilateral derecho;Ninguna;Si;No;No;;0;N1a;pT2pN1b;4.00;RIESGO INTERMEDIO;2023-12-20;2023-12-23;Convencional;Total;Ro- Libre de tumor;Derecho;Unilateral;Derecho;;;II;Central;Hospital Regional de Ambato - Ecuador (EC07U);
218;13-26;BAJO RIESGO;RIESGO BAJO;1803620028;13-26;31.25;No;No;Nunca;No;Imagen incidental;Eutiroideo;4;4;10.00;9.00;9.00;1;;;;1;;Si;VI;Para nada;Para nada;Para nada;Para nada;Para nada;Para nada;Para nada;Para nada;Para nada;Para nada;Para nada;Para nada;Para nada;Bastante;Para nada;Para nada;Para nada;Un poco;Bastante;Para nada;Para nada;Para nada;Un poco;Para nada;41;Mujer;10;8;;Papilar;CPT- Clásica;;No especifica;Unilateral derecho;Unilateral izquierdo;Unilateral izquierdo;Ninguna;No;No;No;;0;N0;pT1a(m);3.58;RIESGO INTERMEDIO;2023-12-20;2023-12-22;Convencional;Total;Ro- Libre de tumor;;;;;;;Ninguno;Hospital Regional de Ambato - Ecuador (EC07U);
219;13-27;BAJO RIESGO;RIESGO BAJO;0604297366;13-27;29.94;Si;No;Ex Fumador;No;Imagen incidental;Hipotiroideo;6;4;13.00;12.00;12.00;;;;;1;;Si;V;Para nada;Un poco;Para nada;Para nada;Para nada;Para nada;Bastante;Para nada;Para nada;Para nada;Para nada;Bastante;Bastante;Bastante;Para nada;Para nada;Un poco;Un poco;Bastante;Para nada;Para nada;Un poco;Bastante;Un poco;32;Mujer;10;10;;Papilar;CPT- Clásica;;No especifica;Unilateral izquierdo;Unilateral izquierdo;Unilateral izquierdo;Ninguna;No;No;No;;0;N0;pT1a(m);3.40;RIESGO INTERMEDIO;2023-12-27;2023-12-29;Convencional;Total;Ro- Libre de tumor;;;;;;;Ninguno;Hospital Regional de Ambato - Ecuador (EC07U);
220;13-28;BAJO RIESGO;RIESGO BAJO;1600251787;13-28;24.1;No;No;Nunca;No;Imagen incidental;Eutiroideo;5;4;11.00;10.00;10.00;1;;;;;;Si;VI;Para nada;Un poco;Para nada;Para nada;Para nada;Para nada;Para nada;Para nada;Para nada;Para nada;Para nada;Para nada;Para nada;Un poco;Para nada;Para nada;Para nada;Para nada;Para nada;Para nada;Para nada;Un poco;Un poco;Para nada;54;Mujer;10;5;;Papilar;CPT-Otro;;Unilateral derecho;No especifica;Unilateral derecho;Unilateral derecho;Ninguna;No;No;Si;;0;N0;pT1a;4.62;RIESGO INTERMEDIO;2024-01-28;2024-01-30;Convencional;Total;Ro- Libre de tumor;;;;;;;Ninguno;Hospital Regional de Ambato - Ecuador (EC07U);
221;13-29;BAJO RIESGO;RIESGO BAJO;1803350402;13-29;32.67;No;No;Nunca;No;Imagen incidental;Eutiroideo;4;4;8.00;6.00;6.00;;;;;;1;Si;V;Para nada;Un poco;Para nada;Para nada;Para nada;Para nada;Para nada;Para nada;Para nada;Para nada;Para nada;Para nada;Para nada;Un poco;Bastante;Para nada;Para nada;Un poco;Bastante;Para nada;Para nada;Para nada;Para nada;Para nada;47;Mujer;;;;Papilar;CPT-Otro;;No especifica;Unilateral derecho;Istmo;Istmo;Ninguna;No;No;No;;0;N0;pT1a(m);4.06;RIESGO INTERMEDIO;2024-01-14;2024-01-16;Convencional;Total;Ro- Libre de tumor;;;;;;;Ninguno;Hospital Regional de Ambato - Ecuador (EC07U);
222;13-3;ALTO RIESGO;RIESGO ALTO;1803382272;13-3;26.31;No;No;Nunca;No;Nódulo sintomático;Eutiroideo;9;5;8.00;10.00;10.00;2;;;;2;;Si;VI;Para nada;Para nada;Un poco;Un poco;Para nada;Un poco;Para nada;Para nada;Para nada;Para nada;Para nada;Para nada;Para nada;Para nada;Para nada;Para nada;Para nada;Un poco;Para nada;Para nada;Para nada;Para nada;Para nada;Para nada;42;Mujer;5;5;;Papilar;CPT- Clásica;;Unilateral derecho;No especifica;Si, no especifica localización;Si, no especifica localización;Rebasa laringe, tráquea, esófago, nervio laríngeo;No;No;No;;0;N0;pT4apN0;4.66;RIESGO ALTO;2023-09-06;2023-09-08;Convencional;Total;Ro- Libre de tumor;Derecho;;;;;;Central;Hospital Regional de Ambato - Ecuador (EC07U);
223;13-30;MUY BAJO RIESGO;RIESGO BAJO;1803919289;13-30;26.23;No;No;Nunca;No;Imagen incidental;Hipotiroideo;4;4;11.00;10.00;10.00;1;;;;;;Si;V;Para nada;Para nada;Para nada;Para nada;Para nada;Para nada;Bastante;Para nada;Para nada;Bastante;Para nada;Para nada;Para nada;Bastante;Para nada;Para nada;Para nada;Para nada;Un poco;Un poco;Un poco;Para nada;Para nada;Para nada;27;Mujer;;;;Papilar;CPT- Clásica;;Unilateral derecho;No especifica;Si, no especifica localización;Si, no especifica localización;Ninguna;No;No;No;;0;N0;pT1apN0;3.34;RIESGO BAJO;2024-01-17;2024-01-19;Convencional;Total;Ro- Libre de tumor;Derecho;;;;;;Central;Hospital Regional de Ambato - Ecuador (EC07U);
224;13-31;BAJO RIESGO;RIESGO BAJO;1803626553;13-31;25.18;Si;No;Nunca;No;Imagen incidental;Hipotiroideo;5;4;14.00;10.00;10.00;1;Medio;;;;;Si;VI;Para nada;Para nada;Para nada;Para nada;Para nada;Para nada;Bastante;Para nada;Para nada;Para nada;Para nada;Para nada;Para nada;Para nada;Para nada;Para nada;Para nada;Para nada;Un poco;Para nada;Para nada;Para nada;Para nada;Para nada;39;Mujer;;;;Papilar;CPT- Folicular;;No especifica;Unilateral derecho;Si, no especifica localización;Si, no especifica localización;Ninguna;No;No;No;;0;N0;pT1a(m)pN0;3.40;RIESGO BAJO;2024-01-21;2024-01-22;Convencional;Total;Ro- Libre de tumor;Derecho;;;;;;Central;Hospital Regional de Ambato - Ecuador (EC07U);
225;13-32;ALTO RIESGO;RIESGO ALTO;1803985876;13-32;25.15;No;No;Ex Fumador;No;Tamizaje;Eutiroideo;8;5;12.00;16.00;13.00;;;;;;1;Si;VI;Para nada;Para nada;Para nada;Para nada;Para nada;Para nada;Para nada;Para nada;Para nada;Para nada;Para nada;Para nada;Para nada;Para nada;Para nada;Para nada;Para nada;Para nada;Para nada;Para nada;Para nada;Para nada;Para nada;Para nada;40;Hombre;15;10;;Papilar;CPT- Clásica;;Istmo;No especifica;Istmo;Istmo;Ninguna;Si;No;No;;0;N1a;pT1bpN1b;3.65;RIESGO ALTO;2024-02-04;2024-02-07;Convencional;Total;Ro- Libre de tumor;Derecho;Bilateral;;II;II;;Central;Hospital Regional de Ambato - Ecuador (EC07U);
226;13-33;MUY BAJO RIESGO;RIESGO BAJO;1802399681;13-33;28.42;No;No;Nunca;Si;Imagen incidental;Eutiroideo;4;4;8.00;7.00;7.00;;;Medio;;1;;Si;VI;Para nada;Para nada;Para nada;Para nada;Para nada;Para nada;Para nada;Para nada;Para nada;Para nada;Para nada;Para nada;Para nada;Para nada;Para nada;Bastante;Para nada;Para nada;Bastante;Para nada;Para nada;Para nada;Para nada;Para nada;56;Mujer;7;5;;Papilar;CPT- Clásica;;Unilateral izquierdo;No especifica;Si, no especifica localización;Si, no especifica localización;Ninguna;No;No;No;;0;N0;pT1apN0;4.69;RIESGO BAJO;2024-01-14;2024-01-17;Convencional;Total;Ro- Libre de tumor;Derecho;Unilateral;Izquierdo;;;II;Central;Hospital Regional de Ambato - Ecuador (EC07U);
227;13-34;RIESGO INTERMEDIO;RIESGO ALTO;1850426055;13-34;20.28;No;No;Nunca;No;Nódulo sintomático;Eutiroideo;3;3;22.00;18.00;18.00;1;;;;;;Si;IV;Para nada;Para nada;Para nada;Para nada;Para nada;Para nada;Para nada;Para nada;Para nada;Para nada;Para nada;Para nada;Para nada;Para nada;Para nada;Para nada;Para nada;Para nada;Bastante;Un poco;Bastante;Para nada;Para nada;Para nada;19;Mujer;20;18;;Papilar;CPT- Clásica;;Unilateral derecho;No especifica;Unilateral derecho;Unilateral derecho;Ninguna;Si;No;No;;0;N1a;pT1bpN1b;3.70;RIESGO INTERMEDIO;2024-01-21;2024-01-24;Convencional;Total;Ro- Libre de tumor;Derecho;Unilateral;Derecho;;;II;Central;Hospital Regional de Ambato - Ecuador (EC07U);
228;13-35;RIESGO INTERMEDIO;RIESGO BAJO;1804775292;13-35;28.9;No;No;Nunca;No;Imagen incidental;Eutiroideo;7;5;19.00;23.00;18.00;1;;;;1;;Si;VI;Para nada;Para nada;Para nada;Para nada;Un poco;Para nada;Para nada;Para nada;Para nada;Un poco;Para nada;Para nada;Para nada;Para nada;Para nada;Para nada;Un poco;Bastante;Un poco;Un poco;Un poco;Para nada;Para nada;Para nada;29;Mujer;17;10;;Papilar;CPT- Folicular;;Unilateral derecho;No especifica;Unilateral derecho;Unilateral derecho;Ninguna;Si;No;No;;0;N1a;pT1bpN1a;3.61;RIESGO INTERMEDIO;2024-01-24;2024-01-26;Convencional;Total;Ro- Libre de tumor;Derecho;;;;;;Central;Hospital Regional de Ambato - Ecuador (EC07U);
229;13-36;MUY BAJO RIESGO;RIESGO BAJO;1803642972;13-36;30.89;No;No;Nunca;No;Imagen incidental;Eutiroideo;8;5;6.00;7.00;6.00;1;;;;;;Si;VI;Para nada;Para nada;Para nada;Para nada;Para nada;Para nada;Para nada;Para nada;Para nada;Para nada;Para nada;Para nada;Para nada;Para nada;Para nada;Para nada;Para nada;Para nada;Para nada;Para nada;Para nada;Para nada;Para nada;Para nada;41;Mujer;;;;Papilar;CPT- Clásica;;Unilateral derecho;No especifica;Si, no especifica localización;Si, no especifica localización;Ninguna;No;No;No;;0;N0;pT1a;3.51;RIESGO BAJO;2024-02-06;2024-02-08;Convencional;Lobectomía derecha;Ro- Libre de tumor;;;;;;;Ninguno;Hospital Regional de Ambato - Ecuador (EC07U);
230;13-37;BAJO RIESGO;RIESGO BAJO;0500922505;13-37;34.96;No;No;Nunca;Si;Tamizaje;Eutiroideo;9;5;10.00;13.00;11.00;;;;;;1;Si;VI;Para nada;Para nada;Para nada;Para nada;Para nada;Para nada;Para nada;Para nada;Para nada;Para nada;Para nada;Para nada;Para nada;Para nada;Para nada;Para nada;Para nada;Para nada;Para nada;Para nada;Para nada;Para nada;Para nada;Para nada;65;Mujer;12;10;;Papilar;CPT-Otro;;Istmo;No especifica;Istmo;Istmo;Ninguna;No;No;No;;0;N0;pT1b;5.56;RIESGO INTERMEDIO;2024-01-24;2024-01-26;Convencional;Total;Ro- Libre de tumor;;;;;;;Ninguno;Hospital Regional de Ambato - Ecuador (EC07U);
231;13-38;BAJO RIESGO;RIESGO BAJO;1803148418;13-38;29.87;No;No;Nunca;No;Nódulo sintomático;Eutiroideo;7;5;17.00;15.00;12.00;;;;;1;;Si;V;Para nada;Para nada;Para nada;Para nada;Un poco;Para nada;Un poco;Para nada;Para nada;Para nada;Para nada;Para nada;Para nada;Para nada;Para nada;Para nada;Para nada;Para nada;Para nada;Para nada;Para nada;Para nada;Para nada;Para nada;47;Mujer;15;15;;Papilar;CPT- Clásica;;Unilateral izquierdo;No especifica;Unilateral izquierdo;Unilateral izquierdo;Ninguna;No;No;No;;0;N0;pT1b;5.21;RIESGO INTERMEDIO;2024-02-18;2024-02-20;Convencional;Total;Ro- Libre de tumor;;;;;;;Ninguno;Hospital Regional de Ambato - Ecuador (EC07U);
232;13-39;MUY BAJO RIESGO;RIESGO BAJO;1804288593;13-39;23.61;Si;No;Nunca;No;Tamizaje;Eutiroideo;4;4;5.00;4.00;4.00;1;;;;1;;Si;VI;Para nada;Para nada;Un poco;Para nada;Para nada;Para nada;Para nada;Para nada;Para nada;Bastante;Para nada;Para nada;Un poco;Para nada;Para nada;Para nada;Para nada;Para nada;Un poco;Para nada;Un poco;Para nada;Un poco;Para nada;35;Mujer;;;;Papilar;CPT- Clásica;;Unilateral izquierdo;No especifica;No hay presencia de invasión;No hay presencia de invasión;Ninguna;No;No;No;;0;N0;pT1a;3.19;RIESGO BAJO;2024-02-25;2024-02-27;Convencional;Total;Ro- Libre de tumor;;;;;;;Ninguno;Hospital Regional de Ambato - Ecuador (EC07U);
233;13-4;ALTO RIESGO;RIESGO ALTO;1802482263;13-4;23.83;No;No;Nunca;No;Tamizaje;Eutiroideo;11;5;20.00;25.00;20.00;;;;;;;Si;VI;Para nada;Para nada;Un poco;Un poco;Un poco;Un poco;Para nada;Para nada;Para nada;Para nada;Para nada;Para nada;Para nada;Para nada;Para nada;Para nada;Para nada;Para nada;Para nada;Para nada;Para nada;Para nada;Para nada;Para nada;53;Mujer;15;13;;Papilar;CPT- Folicular;;Unilateral izquierdo;;Unilateral izquierdo;Unilateral izquierdo;Rebasa laringe, tráquea, esófago, nervio laríngeo;No;No;No;;0;N0;pT4apN0;5.55;RIESGO ALTO;2023-09-17;2023-09-20;Convencional;Total;Ro- Libre de tumor;Derecho;;;;;;Central;Hospital Regional de Ambato - Ecuador (EC07U);
234;13-40;MUY BAJO RIESGO;RIESGO BAJO;1801637024;13-40;30.36;No;No;Nunca;No;Tamizaje;Eutiroideo;4;4;8.00;6.00;7.00;1;;;;;;Si;V;Para nada;Un poco;Para nada;Para nada;Para nada;Para nada;Para nada;Para nada;Para nada;Un poco;Un poco;Un poco;Para nada;Un poco;Para nada;Para nada;Para nada;Para nada;Para nada;Para nada;Para nada;Para nada;Para nada;Para nada;63;Mujer;;;;Papilar;CPT- Folicular;;Unilateral derecho;No especifica;No hay presencia de invasión;No hay presencia de invasión;Ninguna;No;No;No;;0;N0;pT1a;5.53;RIESGO BAJO;2024-01-24;2024-01-26;;Lobectomía derecha;Ro- Libre de tumor;;;;;;;Ninguno;Hospital Regional de Ambato - Ecuador (EC07U);
235;13-41;BAJO RIESGO;RIESGO BAJO;1803382892;13-41;28.83;Si;No;Nunca;No;Pruebas no relacionadas;Hipertiroideo;6;4;11.00;10.00;10.00;1;;;;;;Si;VI;Para nada;Para nada;Para nada;Para nada;Para nada;Para nada;Para nada;Para nada;Para nada;Para nada;Para nada;Para nada;Para nada;Para nada;Para nada;Para nada;Para nada;Un poco;Para nada;Para nada;Para nada;Para nada;Para nada;Para nada;45;Mujer;;;;Papilar;CPT- Folicular;;Unilateral derecho;No especifica;Unilateral derecho;Unilateral derecho;Ninguna;No;No;No;;0;N0;pT1a;3.83;RIESGO INTERMEDIO;2024-02-18;2024-02-20;Convencional;Total;Ro- Libre de tumor;;;;;;;Ninguno;Hospital Regional de Ambato - Ecuador (EC07U);
236;13-42;MUY BAJO RIESGO;RIESGO BAJO;1850379767;13-42;21.4;No;No;Nunca;No;Pruebas no relacionadas;Eutiroideo;7;5;6.00;5.00;5.00;1;;;;;;Si;VI;Para nada;Para nada;Para nada;Para nada;Para nada;Para nada;Para nada;Para nada;Para nada;Para nada;Para nada;Para nada;Para nada;Para nada;Para nada;Para nada;Para nada;Un poco;Para nada;Para nada;Para nada;Para nada;Para nada;Para nada;29;Mujer;;;;Papilar;CPT- Clásica;;Unilateral derecho;No especifica;No hay presencia de invasión;No hay presencia de invasión;Ninguna;No;No;No;;0;N0;pT1a;3.22;RIESGO BAJO;2024-03-03;2024-03-05;Convencional;Lobectomía derecha;Ro- Libre de tumor;;;;;;;Ninguno;Hospital Regional de Ambato - Ecuador (EC07U);
237;13-43;ALTO RIESGO;RIESGO ALTO;1803202017;13-43;26.84;Si;No;Ex Fumador;No;Nódulo sintomático;Eutiroideo;11;5;16.00;18.00;16.00;;;;;1;;Si;VI;Para nada;Para nada;Para nada;Para nada;Un poco;Para nada;Para nada;Para nada;Para nada;Para nada;Para nada;Para nada;Para nada;Para nada;Para nada;Para nada;Bastante;Para nada;Para nada;Para nada;Un poco;Bastante;Bastante;Para nada;45;Hombre;12;20;;Papilar;CPT- Folicular;;No especifica;Bilateral;Si, no especifica localización;Si, no especifica localización;Rebasa cápsula/ tejido peritiroideo;Si;No;No;;0;N1a;pT1b(m)pN1b;5.20;RIESGO ALTO;2024-03-17;2024-03-21;Convencional;Total;Ro- Libre de tumor;Derecho;Bilateral;;II;II;;Central;Hospital Regional de Ambato - Ecuador (EC07U);
238;13-44;BAJO RIESGO;RIESGO BAJO;0502935729;13-44;27.2;Si;No;Nunca;No;Tamizaje;Hipotiroideo;8;5;10.00;12.00;10.00;;;;;1;;Si;VI;Para nada;Para nada;Para nada;Para nada;Para nada;Para nada;Para nada;Para nada;Para nada;Para nada;Para nada;Para nada;Para nada;Para nada;Para nada;Para nada;Para nada;Para nada;Para nada;Para nada;Para nada;Para nada;Para nada;Para nada;39;Mujer;10;9;;Papilar;CPT- Clásica;;Unilateral derecho;No especifica;Unilateral derecho;Unilateral derecho;Ninguna;Si;No;No;;0;N1a;pT1apN1a;4.40;RIESGO INTERMEDIO;2024-03-24;2024-03-30;Convencional;Total;Ro- Libre de tumor;Derecho;;;;;;Central;Hospital Regional de Ambato - Ecuador (EC07U);
239;13-45;RIESGO INTERMEDIO;RIESGO ALTO;1804688859;13-45;24.65;No;No;Nunca;No;Nódulo sintomático;Eutiroideo;5;4;7.00;6.00;6.00;;;;;1;;Si;VI;Para nada;Para nada;Para nada;Para nada;Para nada;Para nada;Para nada;Para nada;Para nada;Para nada;Bastante;Un poco;Para nada;Para nada;Para nada;Para nada;Para nada;Para nada;Para nada;Para nada;Para nada;Para nada;Para nada;Para nada;34;Mujer;;;;Papilar;CPT- Clásica;;No especifica;Unilateral izquierdo;Unilateral izquierdo;Unilateral izquierdo;Ninguna;Si;No;No;;0;N1a;pT1a(m)pN1b;3.31;RIESGO INTERMEDIO;2024-02-21;2024-02-24;Convencional;Total;Ro- Libre de tumor;Derecho;Bilateral;;II;II;;Central;Hospital Regional de Ambato - Ecuador (EC07U);
240;13-46;BAJO RIESGO;RIESGO BAJO;1802047157;13-46;26.84;Si;No;Nunca;No;Imagen incidental;Hipotiroideo;5;4;9.00;7.00;6.00;1;;;;;;Si;IV;Para nada;Para nada;Para nada;Para nada;Para nada;Para nada;Para nada;Para nada;Para nada;Para nada;Para nada;Para nada;Un poco;Para nada;Para nada;Para nada;Para nada;Para nada;Bastante;Un poco;Bastante;Para nada;Para nada;Para nada;58;Mujer;;;;Papilar;CPT-Otro;;Unilateral derecho;No especifica;Unilateral derecho;Unilateral derecho;Ninguna;No;No;Si;;0;N0;pT1a;4.76;RIESGO BAJO;2024-03-24;2024-03-27;Convencional;Total;Ro- Libre de tumor;;;;;;;Ninguno;Hospital Regional de Ambato - Ecuador (EC07U);
241;13-47;MUY BAJO RIESGO;RIESGO BAJO;1803538097;13-47;33.94;No;No;Ex Fumador;No;Imagen incidental;Eutiroideo;7;5;9.00;8.00;8.00;;;;;1;;Si;VI;Para nada;Para nada;Para nada;Para nada;Para nada;Para nada;Bastante;Para nada;Para nada;Para nada;Para nada;Para nada;Para nada;Bastante;Para nada;Para nada;Para nada;Para nada;Para nada;Para nada;Para nada;Para nada;Un poco;Para nada;39;Mujer;;;;Papilar;CPT- Clásica;;Unilateral izquierdo;No especifica;No hay presencia de invasión;No hay presencia de invasión;Ninguna;No;No;No;;0;N0;pT1a;3.31;RIESGO BAJO;2024-04-14;2024-04-16;Convencional;Total;Ro- Libre de tumor;;;;;;;Ninguno;Hospital Regional de Ambato - Ecuador (EC07U);
242;13-48;RIESGO INTERMEDIO;RIESGO ALTO;1802823912;13-48;32.37;No;No;Nunca;Si;Nódulo sintomático;Eutiroideo;5;4;10.00;10.00;10.00;;;Medio;;1;;Si;IV;Para nada;Para nada;Un poco;Un poco;Para nada;Para nada;Para nada;Para nada;Para nada;Un poco;Para nada;Para nada;Para nada;Un poco;Un poco;Para nada;Para nada;Un poco;Bastante;Para nada;Para nada;Un poco;Para nada;Para nada;49;Mujer;18;16;;Papilar;CPT- Células altas;;No especifica;Unilateral derecho;Si, no especifica localización;Si, no especifica localización;Ninguna;Si;No;No;;0;N1a;pT1b(m)pN1a;5.49;RIESGO INTERMEDIO;2024-03-20;2024-03-22;Convencional;Total;Ro- Libre de tumor;Derecho;;;;;;Central;Hospital Regional de Ambato - Ecuador (EC07U);
243;13-49;RIESGO INTERMEDIO;RIESGO ALTO;1804210407;13-49;25.67;No;No;Nunca;No;Tamizaje;Eutiroideo;9;5;11.00;21.00;10.00;;;;;1;;Si;VI;Para nada;Para nada;Para nada;Para nada;Para nada;Para nada;Bastante;Para nada;Para nada;Un poco;Para nada;Para nada;Para nada;Un poco;Para nada;Para nada;Para nada;Para nada;Bastante;Un poco;Un poco;Para nada;Para nada;Para nada;39;Mujer;15;13;;Papilar;CPT- Clásica;;Bilateral;Unilateral derecho;Unilateral izquierdo;Unilateral izquierdo;Ninguna;Si;No;No;;0;N1a;pT1b(m)pN1b;4.58;RIESGO INTERMEDIO;2024-04-03;2024-04-06;Convencional;Total;Ro- Libre de tumor;Derecho;Unilateral;Izquierdo;;;I;Central;Hospital Regional de Ambato - Ecuador (EC07U);
244;13-5;MUY BAJO RIESGO;RIESGO BAJO;1803421740;13-5;22.51;Si;No;Nunca;No;Imagen incidental;Hipotiroideo;4;4;22.00;20.00;18.00;1;;;;;;Si;V;Para nada;Un poco;Para nada;Para nada;Para nada;Para nada;Un poco;Un poco;Un poco;Un poco;Para nada;Para nada;Para nada;Para nada;Para nada;Para nada;Para nada;Para nada;Para nada;Para nada;Para nada;Para nada;Para nada;Para nada;43;Mujer;;;;Folicular;;Células de Hurtle;Unilateral derecho;No especifica;Si, no especifica localización;Si, no especifica localización;Ninguna;No;No;No;;0;N0;pT1a;3.74;RIESGO BAJO;2023-09-19;2023-09-21;Convencional;Total;Ro- Libre de tumor;;;;;;;Ninguno;Hospital Regional de Ambato - Ecuador (EC07U);
245;13-50;MUY BAJO RIESGO;RIESGO BAJO;1802466969;13-50;24.81;Si;No;Nunca;Si;Imagen incidental;Hipotiroideo;4;4;10.00;8.00;8.00;1;;;;;;Si;VI;Para nada;Para nada;Para nada;Para nada;Para nada;Para nada;Para nada;Bastante;Bastante;Para nada;Para nada;Para nada;Para nada;Un poco;Para nada;Para nada;Para nada;Para nada;Para nada;Para nada;Para nada;Para nada;Un poco;Para nada;53;Mujer;;;;Papilar;CPT- Clásica;;Unilateral derecho;No especifica;No hay presencia de invasión;No hay presencia de invasión;Ninguna;No;No;No;;0;N0;pT1a;4.39;RIESGO BAJO;2024-04-07;2024-04-09;Convencional;Total;Ro- Libre de tumor;;;;;;;Ninguno;Hospital Regional de Ambato - Ecuador (EC07U);
246;13-51;RIESGO INTERMEDIO;RIESGO ALTO;1709275513;13-51;26.69;No;No;Nunca;No;Pruebas no relacionadas;Hipotiroideo;8;5;21.00;25.00;20.00;1;;;;;;Si;VI;Para nada;Para nada;Para nada;Para nada;Para nada;Para nada;Un poco;Para nada;Para nada;Bastante;Para nada;Para nada;Un poco;Para nada;Para nada;Para nada;Para nada;Para nada;Un poco;Bastante;Bastante;Un poco;Bastante;Para nada;57;Mujer;23;20;;Papilar;CPT- Clásica;;Unilateral derecho;No especifica;Unilateral derecho;Unilateral derecho;Ninguna;Si;No;Si;;0;N1a;pT2pN1a;5.25;RIESGO INTERMEDIO;2024-04-24;2024-04-26;Convencional;Total;Ro- Libre de tumor;Derecho;;;;;;Central;Hospital Regional de Ambato - Ecuador (EC07U);
247;13-52;BAJO RIESGO;RIESGO BAJO;1800826149;13-52;27.75;No;No;Nunca;Si;Pruebas no relacionadas;Eutiroideo;8;5;9.00;12.00;10.00;1;;;;1;;Si;VI;Para nada;Para nada;Para nada;Para nada;Para nada;Para nada;Para nada;Para nada;Para nada;Para nada;Para nada;Para nada;Para nada;Para nada;Para nada;Para nada;Para nada;Para nada;Para nada;Para nada;Para nada;Para nada;Para nada;Para nada;72;Mujer;12;10;;Papilar;CPT- Clásica;;Unilateral derecho;No especifica;No hay presencia de invasión;No hay presencia de invasión;Ninguna;No;No;No;;0;N0;pT1b;6.12;RIESGO BAJO;2024-04-07;2024-04-10;Convencional;Total;Ro- Libre de tumor;;;;;;;Ninguno;Hospital Regional de Ambato - Ecuador (EC07U);
248;13-53;ALTO RIESGO;RIESGO ALTO;0502853203;13-53;30.22;No;No;Nunca;No;Nódulo sintomático;Eutiroideo;12;5;14.00;16.00;14.00;1;;;;1;;Si;VI;Para nada;Para nada;Para nada;Para nada;Para nada;Para nada;Para nada;Para nada;Para nada;Para nada;Para nada;Para nada;Para nada;Para nada;Para nada;Para nada;Para nada;Para nada;Para nada;Para nada;Para nada;Para nada;Para nada;Para nada;41;Mujer;15;7;;Papilar;CPT- Clásica;;No especifica;Unilateral derecho;Unilateral derecho;Unilateral derecho;Invasión a tejido peritiroideo;Si;No;No;;0;N1a;pT3b(m)pN1b;4.81;RIESGO ALTO;2024-05-10;2024-04-04;Convencional;Total;Ro- Libre de tumor;Derecho;Bilateral;;II;II;;Central;Hospital Regional de Ambato - Ecuador (EC07U);
249;13-54;MUY BAJO RIESGO;RIESGO BAJO;1802561512;13-54;23.15;No;No;Nunca;No;Imagen incidental;Eutiroideo;4;4;9.00;8.00;8.00;;;;;1;;Si;VI;Para nada;Para nada;Para nada;Para nada;Para nada;Para nada;Para nada;Para nada;Para nada;Para nada;Para nada;Para nada;Para nada;Para nada;Para nada;Bastante;Para nada;Para nada;Para nada;Para nada;Para nada;Para nada;Para nada;Para nada;54;Mujer;;;;Papilar;CPT- Clásica;;Unilateral izquierdo;No especifica;Unilateral izquierdo;No hay presencia de invasión;Ninguna;No;No;Si;;0;N0;pT1a;4.53;RIESGO BAJO;2024-04-21;2024-04-23;Convencional;Total;Ro- Libre de tumor;;;;;;;Ninguno;Hospital Regional de Ambato - Ecuador (EC07U);
250;13-55;BAJO RIESGO;RIESGO BAJO;0500685185;13-55;43.82;No;No;Nunca;Si;Pruebas no relacionadas;Eutiroideo;12;5;24.00;26.00;24.00;1;;;;;;Si;VI;Bastante;Para nada;Para nada;Para nada;Para nada;Para nada;Para nada;Bastante;Bastante;Bastante;Bastante;Bastante;Bastante;Bastante;Un poco;Para nada;Para nada;Bastante;Un poco;Un poco;Un poco;Bastante;Bastante;Para nada;67;Mujer;35;35;;Papilar;CPT- Clásica;;Unilateral derecho;No especifica;Unilateral derecho;Unilateral derecho;Ninguna;No;No;No;;0;N0;pT2;6.41;RIESGO INTERMEDIO;2024-05-01;2024-05-05;Convencional;Total;Ro- Libre de tumor;;;;;;;Ninguno;Hospital Regional de Ambato - Ecuador (EC07U);
251;13-56;MUY BAJO RIESGO;RIESGO BAJO;1801953165;13-56;32.05;No;No;Nunca;No;Imagen incidental;Hipotiroideo;4;4;6.00;5.00;5.00;;;;;1;;Si;VI;Para nada;Para nada;Para nada;Para nada;Para nada;Para nada;Bastante;Bastante;Bastante;Un poco;Para nada;Un poco;Para nada;Bastante;Para nada;Para nada;Para nada;Un poco;Un poco;Un poco;Un poco;Un poco;Para nada;Para nada;59;Mujer;;;;Papilar;CPT- Clásica;;Unilateral izquierdo;No especifica;No hay presencia de invasión;No hay presencia de invasión;Ninguna;No;No;No;;0;N0;pT1a;4.90;RIESGO BAJO;2024-05-12;2024-05-14;Convencional;Total;Ro- Libre de tumor;;;;;;;Ninguno;Hospital Regional de Ambato - Ecuador (EC07U);
252;13-57;ALTO RIESGO;RIESGO ALTO;1801924844;13-57;32.81;No;No;Nunca;No;Nódulo sintomático;Eutiroideo;12;5;48.00;50.00;48.00;1;;;;2;;Si;VI;Para nada;Para nada;Para nada;Para nada;Bastante;Para nada;Para nada;Para nada;Para nada;Bastante;Para nada;Un poco;Para nada;Un poco;Bastante;Para nada;Para nada;Para nada;Para nada;Para nada;Para nada;Para nada;Para nada;Para nada;63;Mujer;25;20;;Papilar;CPT- Clásica;;No especifica;Unilateral derecho;Unilateral derecho;Unilateral derecho;Rebasa músculo pretiroideo;Si;No;Si;;0;N1a;pT4a(m)pN1b;6.79;RIESGO ALTO;2024-05-19;2024-05-22;Convencional;Total;Ro- Libre de tumor;Derecho;Unilateral;Derecho;;;II;Central;Hospital Regional de Ambato - Ecuador (EC07U);
253;13-58;RIESGO INTERMEDIO;RIESGO ALTO;1803907508;13-58;24.88;No;No;Nunca;No;Nódulo sintomático;Eutiroideo;5;4;7.00;5.00;6.00;;;;;1;;Si;VI;Para nada;Un poco;Para nada;Para nada;Bastante;Para nada;Para nada;Un poco;Un poco;Para nada;Para nada;Un poco;Un poco;Para nada;Para nada;Para nada;Para nada;Bastante;Un poco;Bastante;Bastante;Un poco;Bastante;Para nada;38;Mujer;;;;Papilar;CPT- Clásica;;Unilateral izquierdo;No especifica;Unilateral izquierdo;Unilateral izquierdo;Ninguna;Si;No;No;;0;N1a;pT1apN1b;3.25;RIESGO INTERMEDIO;2024-05-15;2024-05-18;Convencional;Total;Ro- Libre de tumor;Derecho;Unilateral;Izquierdo;;;II;Central;Hospital Regional de Ambato - Ecuador (EC07U);
254;13-59;MUY BAJO RIESGO;RIESGO BAJO;1804044798;13-59;29.68;No;No;Nunca;No;Imagen incidental;Hipotiroideo;6;4;12.00;7.00;8.00;;;;;1;;Si;III;Bastante;Bastante;Para nada;Para nada;Para nada;Para nada;Bastante;Para nada;Para nada;Un poco;Para nada;Un poco;Para nada;Para nada;Para nada;Para nada;Para nada;Bastante;Bastante;Bastante;Para nada;Bastante;Bastante;Para nada;38;Mujer;;;;Papilar;CPT- Clásica;;Unilateral izquierdo;No especifica;No hay presencia de invasión;No hay presencia de invasión;Ninguna;No;No;No;;0;N0;pT1a;3.40;RIESGO BAJO;2024-05-22;2024-05-24;Convencional;Total;Ro- Libre de tumor;;;;;;;Ninguno;Hospital Regional de Ambato - Ecuador (EC07U);
255;13-6;RIESGO INTERMEDIO;RIESGO BAJO;1802060614;13-6;23.92;No;No;Nunca;No;Tamizaje;Hipotiroideo;3;3;14.80;13.00;13.00;1;;;;;;Si;VI;Un poco;Para nada;Para nada;Para nada;Para nada;Para nada;Para nada;Para nada;Para nada;Para nada;Para nada;Para nada;Para nada;Para nada;Para nada;Para nada;Para nada;Para nada;Para nada;Para nada;Para nada;Para nada;Para nada;Para nada;59;Mujer;15;13;;Papilar;CPT-Otro;;Unilateral derecho;No especifica;Unilateral derecho;Si, no especifica localización;Ninguna;No;No;Si;;0;N0;pT1b;6.17;RIESGO INTERMEDIO;2023-09-25;2023-09-27;Convencional;Total;Ro- Libre de tumor;;;;;;;Ninguno;Hospital Regional de Ambato - Ecuador (EC07U);
256;13-60;RIESGO INTERMEDIO;RIESGO BAJO;0501917116;13-60;21.56;Si;No;Nunca;No;Imagen incidental;Eutiroideo;4;4;9.00;5.00;8.00;1;;;;1;;Si;VI;Para nada;Para nada;Bastante;Bastante;Para nada;Para nada;Para nada;Para nada;Para nada;Para nada;Para nada;Para nada;Para nada;Para nada;Para nada;Para nada;Para nada;Bastante;Para nada;Para nada;Para nada;Bastante;Bastante;Para nada;53;Mujer;;;;Papilar;CPT-Otro;;No especifica;Unilateral derecho;Unilateral derecho;Unilateral derecho;Ninguna;No;No;No;;0;N0;pT1a(m)pN0;4.45;RIESGO INTERMEDIO;2024-05-12;2024-05-15;Convencional;Total;Ro- Libre de tumor;Derecho;Unilateral;Derecho;;;II;Central;Hospital Regional de Ambato - Ecuador (EC07U);
257;13-61;MUY BAJO RIESGO;RIESGO BAJO;1800425389;13-61;18.02;No;No;Nunca;Si;Imagen incidental;Eutiroideo;5;4;13.00;10.00;10.00;1;;;;;;Si;V;Para nada;Para nada;Un poco;Un poco;Para nada;Para nada;Un poco;Un poco;Un poco;Para nada;Para nada;Para nada;Para nada;Para nada;Para nada;Para nada;Para nada;Un poco;Para nada;Para nada;Para nada;Para nada;Para nada;Para nada;82;Mujer;;;;Papilar;CPT- Clásica;;Unilateral derecho;No especifica;No hay presencia de invasión;No hay presencia de invasión;Ninguna;No;No;No;;0;N0;pT1a;6.39;RIESGO BAJO;2024-05-22;2024-05-24;Convencional;Total;Ro- Libre de tumor;;;;;;;Ninguno;Hospital Regional de Ambato - Ecuador (EC07U);
258;13-62;BAJO RIESGO;RIESGO BAJO;1804752135;13-62;18.94;No;No;Nunca;No;Nódulo sintomático;Eutiroideo;3;3;18.00;16.00;16.00;;;;;;1;Si;IV;Para nada;Bastante;Para nada;Para nada;Bastante;Para nada;Para nada;Para nada;Para nada;Para nada;Para nada;Un poco;Un poco;Para nada;Para nada;Para nada;Para nada;Un poco;Un poco;Para nada;Para nada;Un poco;Para nada;Para nada;21;Hombre;16;11;;Papilar;CPT- Clásica;;Istmo;No especifica;No hay presencia de invasión;No hay presencia de invasión;Ninguna;No;No;Si;;0;N0;pT1b;3.58;RIESGO BAJO;2024-05-22;2024-05-24;Convencional;Lobectomía + Istmectomía;Ro- Libre de tumor;;;;;;;Ninguno;Hospital Regional de Ambato - Ecuador (EC07U);
259;13-63;ALTO RIESGO;RIESGO ALTO;1800818807;13-63;27.24;No;No;Nunca;No;Nódulo sintomático;Hipotiroideo;12;5;15.00;20.00;18.00;1;;;;;;Si;VI;Para nada;Para nada;Para nada;Para nada;Bastante;Para nada;Para nada;Para nada;Para nada;Un poco;Para nada;Un poco;Para nada;Para nada;Para nada;Para nada;Para nada;Un poco;Para nada;Para nada;Para nada;Para nada;Para nada;Para nada;73;Mujer;15;13;;Papilar;CPT- Clásica;;Unilateral derecho;No especifica;Si, no especifica localización;Si, no especifica localización;Invasión a tejido peritiroideo;Si;No;No;;0;N1a;pT3bpN1b;7.29;RIESGO ALTO;2024-06-05;2024-06-08;Convencional;Total;Ro- Libre de tumor;Derecho;Unilateral;Derecho;;;II;Central;Hospital Regional de Ambato - Ecuador (EC07U);
260;13-64;RIESGO INTERMEDIO;RIESGO BAJO;1002167391;13-64;29.92;No;No;Nunca;Si;Imagen incidental;Eutiroideo;3;3;10.00;8.00;9.00;;;;;;1;Si;VI;Para nada;Para nada;Para nada;Para nada;Para nada;Para nada;Para nada;Bastante;Bastante;Un poco;Para nada;Un poco;Para nada;Un poco;Para nada;Para nada;Para nada;Un poco;Un poco;Un poco;Un poco;Para nada;Bastante;Para nada;52;Mujer;10;10;;Papilar;CPT- Folicular;;No especifica;Unilateral derecho;Unilateral derecho;Unilateral derecho;Ninguna;Si;No;No;;0;N1a;pT1a(m)pN1a;5.46;RIESGO INTERMEDIO;2024-06-05;2024-06-07;Convencional;Total;Ro- Libre de tumor;Derecho;;;;;;Central;Hospital Regional de Ambato - Ecuador (EC07U);
261;13-65;RIESGO INTERMEDIO;RIESGO ALTO;1804942793;13-65;30;No;No;Nunca;No;Nódulo sintomático;Eutiroideo;8;5;12.00;18.00;14.00;1;;;;;;Si;V;Para nada;Un poco;Un poco;Un poco;Bastante;Para nada;Un poco;Para nada;Para nada;Bastante;Un poco;Un poco;Bastante;Bastante;Un poco;Para nada;Para nada;Bastante;Un poco;Un poco;Un poco;Para nada;Un poco;Para nada;33;Mujer;33;30;;Papilar;CPT- Clásica;;Unilateral derecho;No especifica;Unilateral derecho;Unilateral derecho;Ninguna;Si;No;No;;0;N1a;pT2pN1a;5.09;RIESGO INTERMEDIO;2024-06-02;2024-06-05;Convencional;Total;Ro- Libre de tumor;Derecho;;;;;;Central;Hospital Regional de Ambato - Ecuador (EC07U);
262;13-66;BAJO RIESGO;RIESGO BAJO;1804970109;13-66;27.01;No;No;Nunca;No;Pruebas no relacionadas;Eutiroideo;7;5;16.00;22.00;18.00;1;;;;;;Si;VI;Bastante;Un poco;Para nada;Para nada;Un poco;Para nada;Para nada;Un poco;Un poco;Bastante;Para nada;Bastante;Bastante;Para nada;Para nada;Para nada;Bastante;Un poco;Bastante;Un poco;Para nada;Un poco;Un poco;Un poco;25;Mujer;20;15;;Papilar;CPT- Clásica;;Unilateral derecho;No especifica;Unilateral derecho;Unilateral derecho;Ninguna;Si;No;No;;0;N1a;pT1bpN1a;3.70;RIESGO INTERMEDIO;2024-06-09;2024-06-12;Convencional;Total;Ro- Libre de tumor;Derecho;;;;;;Central;Hospital Regional de Ambato - Ecuador (EC07U);
263;13-67;BAJO RIESGO;RIESGO BAJO;0501995864;13-67;30.96;No;No;Nunca;No;Tamizaje;Hipotiroideo;5;4;15.00;7.00;7.00;1;;;;;;Si;V;Para nada;Un poco;Para nada;Para nada;Para nada;Para nada;Bastante;Para nada;Para nada;Un poco;Un poco;Un poco;Bastante;Para nada;Para nada;Para nada;Para nada;Bastante;Un poco;Un poco;Un poco;Un poco;Un poco;Para nada;51;Mujer;;;;Papilar;CPT- Clásica;;Unilateral derecho;No especifica;Unilateral derecho;No hay presencia de invasión;Ninguna;No;No;No;;0;N0;pT1a;4.29;RIESGO INTERMEDIO;2024-06-23;2024-06-13;Convencional;Total;Ro- Libre de tumor;Derecho;;;;;;Central;Hospital Regional de Ambato - Ecuador (EC07U);
264;13-68;MUY BAJO RIESGO;RIESGO BAJO;1802173490;13-68;29.36;No;No;Nunca;No;Pruebas no relacionadas;Hipotiroideo;5;4;7.00;5.00;6.00;1;;;;1;;Si;VI;Un poco;Bastante;Para nada;Para nada;Para nada;Para nada;Bastante;Para nada;Para nada;Para nada;Para nada;Para nada;Para nada;Bastante;Bastante;Para nada;Para nada;Bastante;Un poco;Un poco;Un poco;Para nada;Un poco;Para nada;55;Mujer;;;;Papilar;CPT- Folicular;;;Unilateral derecho;No hay presencia de invasión;No hay presencia de invasión;Ninguna;No;No;Si;;M0;N0;pT1a(m);4.55;RIESGO BAJO;2024-06-12;2024-06-14;Convencional;Total;Ro- Libre de tumor;;;;;;;Ninguno;Hospital Regional de Ambato - Ecuador (EC07U);
265;13-69;MUY BAJO RIESGO;RIESGO BAJO;0917694689;13-69;33.32;No;No;Nunca;Si;Histología incidental;Hipotiroideo;4;4;13.00;6.00;7.00;;;;;1;;No;;Un poco;Bastante;Para nada;Para nada;Bastante;Para nada;Para nada;Para nada;Para nada;Para nada;Para nada;Para nada;Bastante;Un poco;Para nada;Para nada;Para nada;Bastante;Un poco;Un poco;Un poco;Un poco;Para nada;Para nada;44;Mujer;;;;Papilar;CPT- Clásica;;Unilateral izquierdo;No especifica;No hay presencia de invasión;No hay presencia de invasión;Ninguna;No;No;No;;0;N0;pT1a;3.61;RIESGO BAJO;2024-06-26;2024-06-28;Convencional;Total;Ro- Libre de tumor;;;;;;;Ninguno;Hospital Regional de Ambato - Ecuador (EC07U);
266;13-7;BAJO RIESGO;RIESGO BAJO;0602360810;13-7;31.65;No;No;Nunca;No;Pruebas no relacionadas;Hipotiroideo;4;4;44.00;33.00;30.00;2;Medio;;;;;Si;V;Para nada;Para nada;Para nada;Para nada;Un poco;Para nada;Para nada;Para nada;Para nada;Para nada;Para nada;Para nada;Para nada;Para nada;Para nada;Para nada;Para nada;Para nada;Para nada;Para nada;Para nada;Para nada;Para nada;Para nada;53;Mujer;20;13;;Papilar;CPT- Folicular;;No especifica;Unilateral derecho;Si, no especifica localización;Si, no especifica localización;Ninguna;No;No;Si;;0;N0;pT1b(m)pN0;4.84;RIESGO BAJO;2023-09-24;2023-09-27;Convencional;Total;Ro- Libre de tumor;Derecho;;;;;;Central;Hospital Regional de Ambato - Ecuador (EC07U);
267;13-70;MUY BAJO RIESGO;RIESGO BAJO;2100409495;13-70;23.82;No;No;Nunca;No;Imagen incidental;Eutiroideo;6;4;6.00;3.00;4.00;1;;;;;;Si;V;Para nada;Para nada;Para nada;Para nada;Para nada;Para nada;Bastante;Para nada;Para nada;Para nada;Para nada;Para nada;Para nada;Para nada;Para nada;Para nada;Para nada;Para nada;Para nada;Para nada;Para nada;Para nada;Un poco;Para nada;38;Mujer;;;;Papilar;CPT- Clásica;;Unilateral derecho;No especifica;No hay presencia de invasión;No hay presencia de invasión;Ninguna;No;No;No;;0;N0;pT1a;3.25;RIESGO BAJO;2024-07-30;2024-06-18;Convencional;Lobectomía derecha;Ro- Libre de tumor;;;;;;;Ninguno;Hospital Regional de Ambato - Ecuador (EC07U);
268;13-71;MUY BAJO RIESGO;RIESGO BAJO;1801799782;13-71;35.63;No;No;Nunca;Si;Imagen incidental;Hipotiroideo;5;4;10.00;6.00;6.00;1;;;;;;Si;VI;Para nada;Para nada;Para nada;Para nada;Para nada;Para nada;Para nada;Para nada;Un poco;Para nada;Para nada;Para nada;Para nada;Un poco;Para nada;Para nada;Para nada;Para nada;Para nada;Para nada;Para nada;Para nada;Para nada;Para nada;62;Mujer;;;;Papilar;CPT- Clásica;;Unilateral derecho;No especifica;No hay presencia de invasión;No hay presencia de invasión;Ninguna;No;No;No;;0;N0;pT1a;5.05;RIESGO BAJO;2024-06-16;2024-06-18;Convencional;Lobectomía + Istmectomía;;;;;;;;Ninguno;Hospital Regional de Ambato - Ecuador (EC07U);
269;13-72;BAJO RIESGO;RIESGO BAJO;1802858421;13-72;31.23;No;No;Nunca;No;Nódulo sintomático;Hipotiroideo;8;5;12.00;18.00;13.00;1;;;;;;Si;V;Para nada;Bastante;Un poco;Un poco;Para nada;Para nada;Para nada;Un poco;Un poco;Un poco;Para nada;Un poco;Para nada;Para nada;Para nada;Para nada;Para nada;Bastante;Un poco;Un poco;Para nada;Un poco;Un poco;Un poco;48;Mujer;;;;Papilar;CPT- Clásica;;No especifica;Unilateral derecho;Si, no especifica localización;No hay presencia de invasión;Ninguna;Si;No;No;;0;;pT1a(m)pN1a;4.14;RIESGO INTERMEDIO;2024-06-12;2024-06-14;Convencional;Total;Ro- Libre de tumor;;;;;;;Ninguno;Hospital Regional de Ambato - Ecuador (EC07U);
270;13-73;RIESGO INTERMEDIO;RIESGO BAJO;1801173889;13-73;27.84;No;No;Nunca;Si;Nódulo sintomático;Eutiroideo;5;4;20.00;18.00;18.00;;;;;1;;Si;V;Para nada;Bastante;Para nada;Para nada;Bastante;Para nada;Para nada;Para nada;Bastante;Para nada;Para nada;Para nada;Para nada;Bastante;Un poco;Para nada;Para nada;Un poco;Un poco;Para nada;Para nada;Para nada;Para nada;Bastante;68;Mujer;23;20;;Folicular;;Células de Hurtle;Unilateral izquierdo;No especifica;Si, no especifica localización;No hay presencia de invasión;Ninguna;No;No;No;;0;N0;pT2;6.13;RIESGO INTERMEDIO;2024-06-19;2024-06-21;Convencional;Total;Ro- Libre de tumor;;;;;;;Ninguno;;
271;13-74;BAJO RIESGO;RIESGO BAJO;1802885580;13-74;31.23;No;No;Nunca;No;Histología incidental;Eutiroideo;3;3;8.00;5.00;7.00;;;;;1;;No;;Para nada;Para nada;Para nada;Para nada;Mucho;Para nada;Para nada;Para nada;Para nada;Un poco;Un poco;Para nada;Un poco;Un poco;Para nada;Para nada;Para nada;Un poco;Un poco;Para nada;Para nada;Para nada;Para nada;Para nada;49;Mujer;20;12;;Papilar;CPT- Folicular;;Unilateral izquierdo;No especifica;Unilateral izquierdo;Unilateral izquierdo;Ninguna;No;No;No;;0;N0;pT1b;4.52;RIESGO INTERMEDIO;2024-08-13;2024-07-05;Convencional;Lobectomía izquierda;Ro- Libre de tumor;;;;;;;Ninguno;Hospital Regional de Ambato - Ecuador (EC07U);
272;13-75;MUY BAJO RIESGO;RIESGO BAJO;0201058997;13-75;28.26;No;No;Nunca;No;Imagen incidental;Hipotiroideo;4;4;11.00;9.00;9.00;;;;;1;;Si;VI;Para nada;Para nada;Para nada;Para nada;Para nada;Para nada;Para nada;Para nada;Para nada;Para nada;Para nada;Para nada;Para nada;Para nada;Para nada;Para nada;Para nada;Para nada;Para nada;Para nada;Para nada;Para nada;Para nada;Para nada;56;Hombre;;;;Papilar;CPT- Clásica;;No especifica;Bilateral;No hay presencia de invasión;No hay presencia de invasión;Ninguna;No;No;No;;0;N0;pT1a;4.69;RIESGO BAJO;2024-09-03;2024-09-03;Convencional;Total;Ro- Libre de tumor;;;;;;;Ninguno;Hospital Regional de Ambato - Ecuador (EC07U);
273;13-76;ALTO RIESGO;RIESGO ALTO;0550543086;13-76;23.61;No;No;Nunca;No;Nódulo sintomático;Eutiroideo;12;5;50.00;60.00;50.00;;;Polo superior;;1;;Si;VI;Para nada;Para nada;Para nada;Para nada;Bastante;Para nada;Para nada;Para nada;Para nada;Para nada;Para nada;Para nada;Para nada;Bastante;Para nada;Para nada;Para nada;Un poco;Para nada;Para nada;Para nada;Un poco;Para nada;Para nada;21;Mujer;60;45;;Papilar;CPT- Células altas;;;Unilateral izquierdo;Si, no especifica localización;Unilateral izquierdo;Invasión a tejido peritiroideo;Si;No;No;;M0;N1a;pT3b(m)pN1b;5.90;RIESGO ALTO;2024-08-04;2024-08-06;Convencional;Total;Ro- Libre de tumor;Derecho;Unilateral;Izquierdo;;;II;Central;Hospital Regional de Ambato - Ecuador (EC07U);
274;13-77;MUY BAJO RIESGO;RIESGO BAJO;1802110609;13-77;25.67;No;No;Nunca;No;Imagen incidental;Hipotiroideo;7;5;10.00;9.00;9.00;;;;;1;;Si;IV;Para nada;Para nada;Para nada;Para nada;Para nada;Para nada;Mucho;Para nada;Para nada;Para nada;Para nada;Un poco;Para nada;Un poco;Un poco;Para nada;Para nada;Para nada;Un poco;Un poco;Para nada;Para nada;Para nada;Para nada;57;Mujer;15;7;;Papilar;CPT- Folicular;;Unilateral izquierdo;No especifica;No hay presencia de invasión;No hay presencia de invasión;Ninguna;No;No;No;;0;N0;pT1b;5.01;RIESGO BAJO;2024-08-11;2024-08-13;Convencional;Total;Ro- Libre de tumor;;;;;;;Ninguno;Hospital Regional de Ambato - Ecuador (EC07U);
275;13-78;ALTO RIESGO;RIESGO ALTO;1205183286;13-78;28.23;No;No;Nunca;Si;Nódulo sintomático;Hipertiroideo;11;5;21.00;28.00;26.00;1;;;;1;;Si;VI;Un poco;Bastante;Bastante;Para nada;Bastante;Para nada;Un poco;Un poco;Un poco;Para nada;Para nada;Para nada;Un poco;Para nada;Para nada;Para nada;Un poco;Un poco;Un poco;Para nada;Para nada;Un poco;Para nada;Un poco;38;Mujer;20;17;;Papilar;CPT- Clásica;;;Unilateral derecho;Si, no especifica localización;Si, no especifica localización;Invasión a tejido peritiroideo;Si;No;No;;M0;N1a;pT3b(m)pN1b;4.70;RIESGO ALTO;2024-09-24;2024-08-14;Convencional;Total;Ro- Libre de tumor;Derecho;Unilateral;Derecho;;;II;Central;Hospital Regional de Ambato - Ecuador (EC07U);
276;13-79;BAJO RIESGO;RIESGO BAJO;0602739336;13-79;34.01;No;No;Nunca;Si;Imagen incidental;Eutiroideo;11;5;10.00;11.00;10.00;;;;;1;;Si;VI;Un poco;Para nada;Para nada;Para nada;Para nada;Para nada;Para nada;Bastante;Bastante;Un poco;Un poco;Para nada;Un poco;Un poco;Para nada;Un poco;Para nada;Para nada;Un poco;Un poco;Un poco;Bastante;Bastante;Para nada;47;Mujer;14;10;;Papilar;CPT- Clásica;;;Unilateral derecho;No hay presencia de invasión;No hay presencia de invasión;Ninguna;No;No;Si;;M0;N0;pT1b(m);4.18;RIESGO BAJO;2024-09-27;2024-09-27;Convencional;Total;Ro- Libre de tumor;;;;;;;Ninguno;Hospital Regional de Ambato - Ecuador (EC07U);
277;13-8;RIESGO INTERMEDIO;RIESGO BAJO;1805415443;13-8;23.5;Si;No;Nunca;No;Tamizaje;Eutiroideo;10;5;9.00;8.00;8.00;;;;;1;;Si;VI;Para nada;Para nada;Para nada;Para nada;Para nada;Para nada;Para nada;Para nada;Para nada;Para nada;Para nada;Para nada;Para nada;Para nada;Para nada;Para nada;Para nada;Para nada;Para nada;Para nada;Para nada;Para nada;Para nada;Para nada;22;Mujer;;;;Papilar;CPT- Folicular;;Unilateral izquierdo;No especifica;Unilateral izquierdo;Unilateral izquierdo;Ninguna;No;No;No;;0;N0;pT1a;3.40;RIESGO INTERMEDIO;2023-10-01;2023-10-03;Convencional;Total;Ro- Libre de tumor;;;;;;;Ninguno;Hospital Regional de Ambato - Ecuador (EC07U);
278;13-80;BAJO RIESGO;RIESGO BAJO;1802497790;13-80;27.22;Si;No;Nunca;Si;Imagen incidental;Eutiroideo;4;4;10.00;9.00;9.00;;;;;1;;Si;VI;Para nada;Para nada;Para nada;Para nada;Para nada;Para nada;Un poco;Para nada;Para nada;Para nada;Para nada;Para nada;Un poco;Un poco;Para nada;Para nada;Para nada;Para nada;Para nada;Para nada;Para nada;Para nada;Para nada;Para nada;54;Mujer;10;10;;Papilar;CPT- Clásica;;No especifica;Unilateral derecho;No hay presencia de invasión;No hay presencia de invasión;Ninguna;No;No;No;;0;N0;pT1a(m);4.62;RIESGO BAJO;2024-08-21;2024-08-23;Convencional;Total;Ro- Libre de tumor;;;;;;;Ninguno;Hospital Regional de Ambato - Ecuador (EC07U);
279;13-81;BAJO RIESGO;RIESGO BAJO;1802294684;13-81;27.62;Si;No;Nunca;No;Imagen incidental;Hipotiroideo;8;5;10.00;9.00;9.00;;;;;1;;Si;V;Para nada;Para nada;Para nada;Para nada;Para nada;Para nada;Para nada;Un poco;Un poco;Para nada;Para nada;Para nada;Un poco;Para nada;Un poco;Para nada;Para nada;Para nada;Para nada;Para nada;Para nada;Para nada;Para nada;Para nada;55;Mujer;;;;Papilar;CPT- Folicular;;No especifica;Unilateral izquierdo;No hay presencia de invasión;No hay presencia de invasión;Ninguna;No;No;No;;0;N0;pT1a(m);4.56;RIESGO BAJO;2024-09-01;2024-09-03;Convencional;Total;Ro- Libre de tumor;;;;;;;Ninguno;Hospital Regional de Ambato - Ecuador (EC07U);
280;13-82;RIESGO INTERMEDIO;RIESGO ALTO;1803608197;13-82;30.31;No;No;Nunca;Si;Nódulo sintomático;Eutiroideo;8;5;28.00;31.00;25.00;1;;;;;;Si;VI;Para nada;Para nada;Para nada;Para nada;Un poco;Para nada;Para nada;Para nada;Para nada;Bastante;Para nada;Bastante;Mucho;Para nada;Para nada;Para nada;Un poco;Bastante;Bastante;Un poco;Para nada;Un poco;Un poco;Un poco;43;Mujer;22;15;;Papilar;CPT- Clásica;;Unilateral derecho;No especifica;Si, no especifica localización;Si, no especifica localización;Ninguna;Si;No;No;;0;N1a;pT2pN1b;5.50;RIESGO INTERMEDIO;2024-10-08;2024-10-08;Convencional;Total;Ro- Libre de tumor;Derecho;Unilateral;Derecho;;;II;Central;;
281;13-83;RIESGO INTERMEDIO;RIESGO ALTO;0201850898;13-83;29.14;No;No;Nunca;No;Nódulo sintomático;Eutiroideo;11;5;35.00;40.00;36.00;;;;;1;;No;;Un poco;Para nada;Para nada;Para nada;Bastante;Para nada;Para nada;Un poco;Un poco;Un poco;Para nada;Para nada;Para nada;Un poco;Para nada;Para nada;Para nada;Bastante;Bastante;Un poco;Un poco;Un poco;Para nada;Para nada;39;Mujer;32;25;;Papilar;CPT- Folicular;;Unilateral izquierdo;No especifica;Unilateral izquierdo;Unilateral izquierdo;Ninguna;Si;No;No;;0;N1a;pT2pN1b;4.06;RIESGO INTERMEDIO;2024-10-15;2024-10-15;Convencional;Total;Ro- Libre de tumor;Derecho;Unilateral;Izquierdo;;;II;Central;Hospital Regional de Ambato - Ecuador (EC07U);
282;13-84;BAJO RIESGO;RIESGO BAJO;1801079136;13-84;31.22;No;No;Nunca;Si;Imagen incidental;Eutiroideo;6;4;27.00;15.00;18.00;1;;;;1;;Si;VI;Un poco;Para nada;Para nada;Para nada;Para nada;Para nada;Bastante;Para nada;Para nada;Un poco;Para nada;Bastante;Un poco;Bastante;Bastante;Bastante;Un poco;Un poco;Bastante;Bastante;Un poco;Bastante;Bastante;Para nada;70;Mujer;17;15;;Papilar;CPT-Otro;;Unilateral izquierdo;Unilateral derecho;No hay presencia de invasión;No hay presencia de invasión;Ninguna;No;No;No;;0;N0;pT1b(m);6.11;RIESGO INTERMEDIO;2024-09-18;2024-09-20;Convencional;Total;Ro- Libre de tumor;;;;;;;Ninguno;Hospital Regional de Ambato - Ecuador (EC07U);
283;13-85;BAJO RIESGO;RIESGO BAJO;1800302539;13-85;23.15;No;No;Nunca;Si;Nódulo sintomático;Hipotiroideo;8;5;21.00;22.00;20.00;;;;;1;;Si;VI;Para nada;Para nada;Un poco;Un poco;Un poco;Para nada;Un poco;Para nada;Para nada;Para nada;Para nada;Para nada;Para nada;Para nada;Un poco;Para nada;Para nada;Para nada;Un poco;Para nada;Para nada;Para nada;Un poco;Para nada;86;Hombre;22;14;;Papilar;CPT- Folicular;;;Unilateral derecho;Si, no especifica localización;Si, no especifica localización;Ninguna;No;No;No;;M0;N0;pT2(m);7.54;RIESGO INTERMEDIO;2024-09-04;2024-09-06;Convencional;Total;Ro- Libre de tumor;;;;;;;Ninguno;Hospital Regional de Ambato - Ecuador (EC07U);
284;13-86;ALTO RIESGO;RIESGO ALTO;1803293024;13-86;30.67;No;No;Nunca;No;Imagen incidental;Eutiroideo;10;5;18.00;14.00;11.00;;;;;1;;Si;VI;Para nada;Para nada;Para nada;Para nada;Bastante;Para nada;Para nada;Bastante;Bastante;Bastante;Para nada;Para nada;Bastante;Mucho;Un poco;Un poco;Bastante;Un poco;Un poco;Un poco;Un poco;Bastante;Bastante;Para nada;43;Mujer;23;13;;Papilar;CPT- Clásica;;Unilateral izquierdo;No especifica;Si, no especifica localización;Si, no especifica localización;Rebasa cápsula/ tejido peritiroideo;Si;No;No;;0;N1a;pT3bpN1b;4.13;RIESGO ALTO;2024-10-29;2024-09-07;Convencional;Total;Ro- Libre de tumor;Derecho;Unilateral;Izquierdo;;;II;Central;Hospital Regional de Ambato - Ecuador (EC07U);
285;13-87;RIESGO INTERMEDIO;RIESGO ALTO;1802424901;13-87;24.61;No;No;Ex Fumador;No;Imagen incidental;Hipotiroideo;7;5;10.00;10.00;10.00;1;;;;1;;Si;VI;Para nada;Para nada;Para nada;Para nada;Para nada;Para nada;Para nada;Para nada;Para nada;Para nada;Un poco;Para nada;Para nada;Para nada;Para nada;Para nada;Para nada;Para nada;Para nada;Para nada;Para nada;Para nada;Para nada;Para nada;52;Hombre;;;;Papilar;CPT- Folicular;;No especifica;Unilateral derecho;No hay presencia de invasión;No hay presencia de invasión;Ninguna;Si;No;Si;;0;N1a;pT1a(m)pN1a;4.34;RIESGO INTERMEDIO;2024-09-22;2024-09-24;Convencional;Total;Ro- Libre de tumor;Derecho;;;;;;Central;Hospital Regional de Ambato - Ecuador (EC07U);
286;13-88;BAJO RIESGO;RIESGO BAJO;1805136387;13-88;28.48;Si;No;Nunca;No;Imagen incidental;Eutiroideo;6;4;12.00;10.00;10.00;1;;;;;;Si;V;Bastante;Un poco;Para nada;Para nada;Para nada;Para nada;Bastante;Para nada;Un poco;Un poco;Para nada;Para nada;Para nada;Bastante;Para nada;Para nada;Un poco;Bastante;Bastante;Bastante;Bastante;Bastante;Bastante;Un poco;33;Mujer;;;;Papilar;CPT- Folicular;;Unilateral derecho;No especifica;No hay presencia de invasión;No hay presencia de invasión;Ninguna;No;No;No;;0;N0;pT1a;3.40;RIESGO BAJO;2024-08-28;2024-08-31;Convencional;Total;Ro- Libre de tumor;;;;;;;Ninguno;Hospital Regional de Ambato - Ecuador (EC07U);
287;13-89;BAJO RIESGO;RIESGO BAJO;1802474955;13-89;28.4;Si;No;Ex Fumador;Si;Tamizaje;;5;4;9.00;8.00;8.00;;;;;1;;Si;VI;Un poco;Para nada;Un poco;Un poco;Para nada;Para nada;Para nada;Para nada;Un poco;Un poco;Para nada;Para nada;Un poco;Para nada;Un poco;Un poco;Un poco;Un poco;Un poco;Para nada;Para nada;Para nada;Para nada;Bastante;54;Hombre;;;;Papilar;CPT- Clásica;;No especifica;Unilateral izquierdo;No hay presencia de invasión;No hay presencia de invasión;Ninguna;No;No;No;;0;N0;pT1a(m);4.50;RIESGO BAJO;2024-09-18;2024-09-20;Convencional;Total;;;;;;;;Ninguno;Hospital Regional de Ambato - Ecuador (EC07U);
288;13-9;MUY BAJO RIESGO;RIESGO BAJO;1803280625;13-9;24.56;No;No;Nunca;Si;Histología incidental;Eutiroideo;4;4;53.00;48.00;47.00;1;Medio;Medio;;2;;Si;II;Un poco;Un poco;Para nada;Para nada;Bastante;Para nada;Para nada;Un poco;Un poco;Para nada;Para nada;Para nada;Para nada;Para nada;Para nada;Para nada;Para nada;Para nada;Un poco;Un poco;Un poco;Para nada;Para nada;Para nada;46;Mujer;;;;Papilar;CPT- Clásica;;Unilateral derecho;No especifica;Si, no especifica localización;Si, no especifica localización;Ninguna;No;No;No;;0;N0;pT1a;3.68;RIESGO BAJO;2023-09-26;2023-09-29;Convencional;Total;Ro- Libre de tumor;;;;;;;Ninguno;Hospital Regional de Ambato - Ecuador (EC07U);
289;13-90;RIESGO INTERMEDIO;RIESGO BAJO;1850053289;13-90;21.53;Si;No;Nunca;No;Nódulo sintomático;Hipotiroideo;10;5;13.00;15.00;13.00;;;;;1;;Si;VI;Un poco;Para nada;Para nada;Para nada;Bastante;Para nada;Mucho;Mucho;Mucho;Un poco;Para nada;Para nada;Mucho;Un poco;Para nada;Para nada;Para nada;Mucho;Mucho;Mucho;Para nada;Un poco;Un poco;Para nada;20;Mujer;16;13;;Papilar;CPT- Clásica;;No especifica;Unilateral izquierdo;Si, no especifica localización;Si, no especifica localización;Ninguna;Si;No;Si;;0;N1a;pT1b(m)pN1a;3.58;RIESGO INTERMEDIO;2024-09-01;2024-09-04;Convencional;Total;;Derecho;;;;;;Central;;
290;13-91;BAJO RIESGO;RIESGO BAJO;1713810644;13-91;27.99;Si;No;Nunca;No;Imagen incidental;Eutiroideo;9;5;5.00;12.00;7.00;1;;;;;;Si;V;Para nada;Para nada;Para nada;Para nada;Para nada;Para nada;Mucho;Para nada;Para nada;Bastante;Para nada;Para nada;Bastante;Para nada;Mucho;Bastante;Bastante;Para nada;Para nada;Para nada;Para nada;Un poco;Un poco;Bastante;49;Mujer;20;9;;Papilar;CPT- Folicular;;Unilateral derecho;No especifica;Si, no especifica localización;Si, no especifica localización;Ninguna;Si;No;No;;0;N1a;pT1bpN1a;4.52;RIESGO INTERMEDIO;2024-09-29;2024-10-01;Convencional;Total;Ro- Libre de tumor;Derecho;;;;;;Central;Hospital Regional de Ambato - Ecuador (EC07U);
291;13-92;ALTO RIESGO;RIESGO ALTO;1803131828;13-92;26.22;No;No;Nunca;Si;Nódulo sintomático;Eutiroideo;12;5;36.00;50.00;40.00;1;;;;1;;Si;V;Un poco;Para nada;Para nada;Para nada;Mucho;Para nada;Para nada;Un poco;Un poco;Para nada;Para nada;Para nada;Bastante;Para nada;Para nada;Un poco;Para nada;Bastante;Un poco;Un poco;Un poco;Para nada;Para nada;Para nada;47;Mujer;60;40;;Papilar;CPT- Folicular;;;Unilateral derecho;Unilateral izquierdo;Unilateral izquierdo;Rebasa cápsula/ tejido peritiroideo;Si;No;Si;;M0;N1a;pT3b(m)pN1b;5.96;RIESGO ALTO;2024-11-27;2024-09-11;Convencional;Total;Ro- Libre de tumor;Derecho;Bilateral;;II;II;;Central;Hospital Regional de Ambato - Ecuador (EC07U);
292;13-93;BAJO RIESGO;RIESGO BAJO;0202084133;13-93;22.21;No;No;Nunca;No;Imagen incidental;Eutiroideo;3;3;34.00;30.00;28.00;;;;;1;;Si;V;Para nada;Para nada;Para nada;Para nada;Bastante;Para nada;Mucho;Para nada;Para nada;Un poco;Para nada;Un poco;Para nada;Para nada;Para nada;Para nada;Para nada;Para nada;Bastante;Para nada;Para nada;Un poco;Un poco;Para nada;35;Mujer;;;;Papilar;CPT-Otro;;Unilateral izquierdo;No especifica;Unilateral izquierdo;Unilateral izquierdo;Ninguna;Si;No;No;;0;N1a;pT1apN1a;3.22;RIESGO INTERMEDIO;2024-09-25;2024-09-27;Convencional;Total;Ro- Libre de tumor;Derecho;;;;;;Central;Hospital Regional de Ambato - Ecuador (EC07U);
293;13-94;MUY BAJO RIESGO;RIESGO BAJO;0503868382;13-94;19.75;Si;No;Nunca;No;Imagen incidental;Eutiroideo;4;4;7.00;6.00;6.00;1;;;;;;Si;VI;Para nada;Para nada;Para nada;Para nada;Para nada;Para nada;Bastante;Para nada;Para nada;Para nada;Para nada;Para nada;Un poco;Para nada;Para nada;Para nada;Para nada;Para nada;Bastante;Para nada;Para nada;Un poco;Un poco;Para nada;27;Mujer;;;;Papilar;CPT- Clásica;;Unilateral derecho;No especifica;No hay presencia de invasión;No hay presencia de invasión;Ninguna;No;No;No;;0;N0;pT1a;3.25;RIESGO BAJO;2024-09-22;2024-09-24;Convencional;Lobectomía + Istmectomía;Ro- Libre de tumor;;;;;;;Ninguno;Hospital Regional de Ambato - Ecuador (EC07U);
294;13-95;ALTO RIESGO;RIESGO ALTO;1850494780;13-95;19.05;No;No;Nunca;No;Nódulo sintomático;Eutiroideo;11;5;34.50;48.00;32.10;1;Polo superior;;;;;Si;VI;Para nada;Para nada;Para nada;Para nada;Mucho;Para nada;Para nada;Para nada;Para nada;Para nada;Para nada;Para nada;Para nada;Para nada;Para nada;Un poco;Para nada;Para nada;Para nada;Para nada;Para nada;Para nada;Para nada;Para nada;17;Mujer;56;58;;Papilar;CPT- Células altas;;Unilateral derecho;No especifica;Unilateral derecho;Unilateral derecho;Invasión a tejido peritiroideo;Si;No;No;;0;N1a;pT3bpN1b;5.75;RIESGO ALTO;2024-10-02;2024-10-05;Convencional;Total;Ro- Libre de tumor;Derecho;Unilateral;Derecho;;;II;Central;;
295;13-96;BAJO RIESGO;RIESGO BAJO;1850222231;13-96;18.03;Si;No;Nunca;No;Nódulo sintomático;Eutiroideo;3;3;12.00;10.00;10.00;;;Polo superior;;1;;Si;VI;Para nada;Un poco;Para nada;Para nada;Bastante;Para nada;Bastante;Un poco;Un poco;Bastante;Para nada;Bastante;Para nada;Para nada;Para nada;Bastante;Bastante;Bastante;Bastante;Bastante;Bastante;Bastante;Bastante;Un poco;24;Mujer;;;;Papilar;CPT- Clásica;;No especifica;Unilateral izquierdo;No hay presencia de invasión;No hay presencia de invasión;Ninguna;No;No;No;;0;N0;pT1a(m);3.40;RIESGO BAJO;2024-11-06;2024-11-08;Convencional;Total;Ro- Libre de tumor;;;;;;;Ninguno;Hospital Regional de Ambato - Ecuador (EC07U);
296;13-97;ALTO RIESGO;RIESGO ALTO;0908593858;13-97;25;No;No;Actualmente;Si;Nódulo sintomático;Eutiroideo;11;5;38.00;48.00;37.00;1;;;;;;Si;IV;Para nada;Para nada;Para nada;Para nada;Mucho;Para nada;Para nada;Para nada;Para nada;Para nada;Para nada;Para nada;Para nada;Para nada;Para nada;Para nada;Para nada;Para nada;Para nada;Para nada;Para nada;Para nada;Para nada;Para nada;58;Mujer;55;45;;Papilar;CPT- Clásica;;Unilateral derecho;No especifica;Unilateral derecho;Unilateral derecho;Rebasa laringe, tráquea, esófago, nervio laríngeo;Si;No;No;;0;N1a;pT4apN1a;7.29;RIESGO ALTO;2024-12-29;2025-01-01;Convencional;Total;Ro- Libre de tumor;Derecho;;;;;;Central;;
297;13-98;ALTO RIESGO;RIESGO ALTO;2100633037;13-98;28.6;No;No;Nunca;No;Nódulo sintomático;Eutiroideo;11;5;45.00;50.00;40.00;;;;;1;;Si;IV;Un poco;Un poco;Para nada;Para nada;Mucho;Para nada;Mucho;Un poco;Un poco;Mucho;Para nada;Un poco;Bastante;Bastante;Bastante;Un poco;Un poco;Bastante;Bastante;Bastante;Bastante;Un poco;Mucho;Un poco;30;Mujer;50;30;;Papilar;CPT- Clásica;;No especifica;Unilateral derecho;Unilateral izquierdo;Unilateral izquierdo;Rebasa cápsula/ tejido peritiroideo;Si;No;No;;0;N1a;pT3b(m)pN1a;5.60;RIESGO ALTO;2024-10-13;2024-10-15;Convencional;Total;Ro- Libre de tumor;Derecho;;;;;;Central;Hospital Regional de Ambato - Ecuador (EC07U);
298;13-99;RIESGO INTERMEDIO;RIESGO BAJO;1204389173;13-99;29.62;Si;No;Nunca;No;Nódulo sintomático;Eutiroideo;9;5;18.00;22.00;18.00;1;;;;;;Si;VI;Un poco;Para nada;Para nada;Para nada;Un poco;Para nada;Para nada;Para nada;Para nada;Un poco;Para nada;Para nada;Para nada;Para nada;Para nada;Para nada;Para nada;Para nada;Un poco;Para nada;Para nada;Un poco;Para nada;Para nada;46;Mujer;20;15;;Papilar;CPT- Folicular;;Unilateral derecho;No especifica;Unilateral derecho;Unilateral derecho;Ninguna;Si;No;Si;;0;N1a;pT1bpN1a;4.28;RIESGO INTERMEDIO;2024-10-16;2024-10-18;Convencional;Total;Ro- Libre de tumor;Derecho;;;;;;Central;Hospital Regional de Ambato - Ecuador (EC07U);
299;16-1;MUY BAJO RIESGO;RIESGO BAJO;5939;16-1;27.43;No;No;Actualmente;No;Imagen incidental;Eutiroideo;0;1;4.00;3.00;3.00;;;;;;;Si;VI;Un poco;Un poco;Para nada;Un poco;Para nada;Un poco;Un poco;Un poco;Un poco;Un poco;Para nada;Para nada;Un poco;Bastante;Un poco;Para nada;Para nada;Un poco;Bastante;Un poco;Un poco;Un poco;Para nada;Para nada;55;Mujer;;;;Papilar;CPT- Folicular;;Unilateral derecho;No especifica;No hay presencia de invasión;No hay presencia de invasión;Ninguna;No;No;No;;0;N0;T1a(s)N0M0;4.64;RIESGO BAJO;2024-02-20;2024-02-22;Convencional;Lobectomía derecha;Ro- Libre de tumor;;;;;;;Ninguno;;
300;16-2;MUY BAJO RIESGO;RIESGO BAJO;8739;16-2;29.34;No;No;Nunca;No;Nódulo sintomático;;0;1;;;;;;;;;;Si;IV;Bastante;Para nada;Un poco;Un poco;Para nada;Un poco;Mucho;Para nada;Para nada;Bastante;Un poco;Un poco;Bastante;Un poco;Un poco;Bastante;Para nada;Un poco;Bastante;Bastante;Bastante;Para nada;Un poco;Un poco;32;Mujer;;;;Papilar;CPT-Otro;;;Bilateral;No hay presencia de invasión;No hay presencia de invasión;Ninguna;No;No;No;;M0;N0;T1a(s)N0M0;3.37;RIESGO BAJO;2024-02-15;2024-02-17;Convencional;Total;Ro- Libre de tumor;;;;;;;Ninguno;;
301;16-3;MUY BAJO RIESGO;RIESGO BAJO;2413;16-3;24.16;No;No;Nunca;No;Nódulo sintomático;Hipertiroideo;4;4;10.89;6.41;14.76;1;;;;;;Si;V;;;;;;;;;;;;;;;;;;;;;;;;;63;Mujer;;;;Papilar;Desconocida;;Unilateral derecho;;No hay presencia de invasión;No hay presencia de invasión;Ninguna;No;No;No;;0;N0;T1a(s)N0M0;6.14;RIESGO BAJO;2024-04-17;2024-07-19;Convencional;Total;R1- Microscópica;;;;;;;Ninguno;;
302;16-4;;;9171;16-4;26;No;No;Nunca;Si;Nódulo sintomático;Hipertiroideo;0;1;;;;;;;;;;;;;;;;;;;;;;;;;;;;;;;;;;;;73;Mujer;;;;;;;;;;;;;;;;;;;;;;;;;;;;;;;;;;
303;16-5;;;8972;16-5;;Si;No;Nunca;Si;Imagen incidental;Eutiroideo;7;5;3.08;3.44;2.17;;;;;1;;Si;III;;;;;;;;;;;;;;;;;;;;;;;;;27;Mujer;;;;;;;;;;;;;;;;;;;;;;;;;;;;;;;;;;
304;16-6;;;9270;16-6;26.03;No;No;Nunca;Si;Imagen incidental;Hipotiroideo;6;4;7.67;5.25;5.11;;;;;;;Si;III;;;;;;;;;;;;;;;;;;;;;;;;;54;Mujer;;;;;;;;;;;;;;;;;;;;;;;;;;;;;;;;;;
305;16-7;;;8471;16-7;;;;;;;;0;1;;;;;;;;;;;;;;;;;;;;;;;;;;;;;;;;;;;;;;;;;;;;;;;;;;;;;;;;;;;;;;;;;;;;;;;
306;2;;;;2;;;;;;;;0;1;;;;;;;;;;;;;;;;;;;;;;;;;;;;;;;;;;;;;;;;;;;;;;;;;;;;;;;;;;;;;;;;;;;;;;;
307;21-1;BAJO RIESGO;RIESGO BAJO;31663781;21-1;35.32;No;Si;Nunca;Si;Tamizaje;Hipertiroideo;5;4;12.30;15.30;10.60;2;Medio;;;;;Si;VI;Un poco;Un poco;Un poco;Un poco;Para nada;Un poco;Para nada;Un poco;Un poco;Un poco;Para nada;Para nada;Para nada;Un poco;Un poco;Para nada;Un poco;Un poco;Para nada;Un poco;Para nada;Un poco;Un poco;Un poco;49;Hombre;19;14;;Papilar;CPT- Clásica;;Unilateral derecho;No especifica;No hay presencia de invasión;No hay presencia de invasión;Ninguna;No;No;No;;0;N0;"	T1b(s)N0M0";5.49;RIESGO BAJO;2023-08-12;2023-08-12;Convencional;Total;Ro- Libre de tumor;;;;;;;Ninguno;Hospital Nacional Edgardo Rebagliati Martins - Perú (PE01U);
308;21-10;RIESGO INTERMEDIO;RIESGO ALTO;07748672;21-10;35.11;No;No;Nunca;Si;Nódulo sintomático;Eutiroideo;8;5;10.30;31.80;19.60;1;Medio;;;1;;Si;VI;Para nada;Un poco;Para nada;Un poco;Un poco;Para nada;Un poco;Para nada;Un poco;Un poco;Para nada;Para nada;Para nada;Para nada;Para nada;Para nada;Para nada;Un poco;Un poco;Un poco;Para nada;Para nada;Un poco;Para nada;54;Mujer;13;11;;Papilar;CPT- Clásica;;Bilateral;No especifica;No hay presencia de invasión;Si, no especifica localización;Rebasa laringe, tráquea, esófago, nervio laríngeo;No;No;No;;0;N0;T4a(s)N0M0;5.87;RIESGO INTERMEDIO;2023-09-30;2023-09-30;Convencional;Total ampliada a anillos traqueales, laringe, tejidos blandos o piel;R1- Microscópica;;Unilateral;;;;III;Lateral;Hospital Nacional Edgardo Rebagliati Martins - Perú (PE01U);
309;21-100;RIESGO INTERMEDIO;RIESGO ALTO;09408666;21-100;23.74;No;No;Nunca;No;Nódulo sintomático;Eutiroideo;7;5;31.50;5.24;4.27;1;;;;;;Si;VI;Para nada;Un poco;Para nada;Para nada;Un poco;Para nada;Para nada;Para nada;Para nada;Para nada;Para nada;Para nada;Para nada;Para nada;Para nada;Para nada;Para nada;Para nada;Para nada;Para nada;Para nada;Para nada;Para nada;Un poco;55;Mujer;100;80;;Papilar;CPT- Clásica;;Bilateral;No especifica;No hay presencia de invasión;No hay presencia de invasión;Invasión a tejido peritiroideo;No;No;No;;0;N0;T3a(s)N0M0;7.48;RIESGO INTERMEDIO;2024-05-09;2024-05-09;Convencional;Total;R1- Microscópica;;Unilateral;Derecho;;;II;Lateral;Hospital Nacional Edgardo Rebagliati Martins - Perú (PE01U);
310;21-101;RIESGO INTERMEDIO;RIESGO BAJO;40020916;21-101;28.76;No;No;Nunca;No;Tamizaje;Eutiroideo;7;5;14.00;15.10;14.20;1;;;;;;Si;VI;Para nada;Para nada;Para nada;Para nada;Para nada;Para nada;Para nada;Para nada;Para nada;Para nada;Para nada;Para nada;Para nada;Para nada;Para nada;Para nada;Para nada;Para nada;Para nada;Para nada;Para nada;Para nada;Para nada;Un poco;44;Mujer;15;15;;Papilar;CPT- Folicular;;Unilateral derecho;No especifica;No hay presencia de invasión;No hay presencia de invasión;Rebasa cápsula/ tejido peritiroideo;No;No;No;;0;N0;T1b(s)N0M0;4.13;RIESGO INTERMEDIO;2024-06-08;2024-06-08;Convencional;Total;Ro- Libre de tumor;;;;;;;Ninguno;Hospital Nacional Edgardo Rebagliati Martins - Perú (PE01U);
311;21-102;RIESGO INTERMEDIO;RIESGO ALTO;48389984;21-102;27.34;No;No;Nunca;No;Tamizaje;Eutiroideo;5;4;13.00;11.00;10.30;;;;;;1;Si;VI;Para nada;Para nada;Para nada;Para nada;Para nada;Para nada;Para nada;Para nada;Para nada;Para nada;Para nada;Para nada;Para nada;Para nada;Para nada;Para nada;Para nada;Para nada;Para nada;Para nada;Para nada;Para nada;Para nada;Para nada;29;Mujer;30;20;;Papilar;CPT- Clásica;;;Bilateral;;;Ninguna;No;No;No;;M0;N0;"	T2(s)N0M0";4.00;RIESGO INTERMEDIO;2024-06-28;2024-06-28;Convencional;Total;Ro- Libre de tumor;;;;;;;Ninguno;Hospital Nacional Edgardo Rebagliati Martins - Perú (PE01U);
312;21-103;RIESGO INTERMEDIO;RIESGO BAJO;46224548;21-103;26.71;No;No;Nunca;Si;Tamizaje;Eutiroideo;5;4;48.00;29.00;32.00;1;Medio;;;;;Si;VI;Para nada;Para nada;Para nada;Para nada;Un poco;Para nada;Para nada;Para nada;Para nada;Para nada;Para nada;Para nada;Para nada;Para nada;Para nada;Para nada;Para nada;Para nada;Para nada;Para nada;Para nada;Para nada;Para nada;Para nada;33;Mujer;;;;Papilar;CPT- Clásica;;Unilateral izquierdo;No especifica;No hay presencia de invasión;No hay presencia de invasión;Rebasa cápsula/ tejido peritiroideo;No;No;No;;0;N0;T1a(s)N0M0;4.37;RIESGO INTERMEDIO;2024-06-25;2024-06-25;Convencional;Total;R1- Microscópica;;;;;;;Ninguno;Hospital Nacional Edgardo Rebagliati Martins - Perú (PE01U);
313;21-104;BAJO RIESGO;RIESGO BAJO;17904956;21-104;27.43;No;No;Nunca;No;Tamizaje;Eutiroideo;7;5;9.00;8.00;8.30;;;;;1;;No;;Para nada;Para nada;Para nada;Para nada;Un poco;Para nada;Para nada;Para nada;Para nada;Para nada;Para nada;Para nada;Para nada;Para nada;Para nada;Para nada;Para nada;Para nada;Para nada;Para nada;Para nada;Para nada;Para nada;Para nada;57;Mujer;;;;Papilar;CPT- Clásica;;Bilateral;;;;Rebasa cápsula/ tejido peritiroideo;No;No;No;;0;N0;T1a(s)N0M0;5.88;RIESGO INTERMEDIO;2024-07-09;2024-07-09;Convencional;Total;R1- Microscópica;;;;;;;Ninguno;Hospital Nacional Edgardo Rebagliati Martins - Perú (PE01U);
314;21-105;RIESGO INTERMEDIO;RIESGO BAJO;40082892;21-105;27.55;No;No;Nunca;No;Nódulo sintomático;Eutiroideo;5;4;16.00;22.00;23.00;;;Polo superior;;1;;Si;VI;Para nada;Un poco;Para nada;Para nada;Un poco;Para nada;Para nada;Para nada;Para nada;Para nada;Para nada;Para nada;Para nada;Para nada;Para nada;Para nada;Para nada;Para nada;Para nada;Para nada;Para nada;Para nada;Para nada;Para nada;44;Mujer;23;23;;Papilar;CPT- Clásica;;Unilateral izquierdo;No especifica;No hay presencia de invasión;No hay presencia de invasión;Rebasa cápsula/ tejido peritiroideo;No;No;No;;0;N0;T2(s)N1aM0;5.29;RIESGO INTERMEDIO;2024-07-19;2024-07-19;Convencional;Total;R1- Microscópica;;;;;;;Central;Hospital Nacional Edgardo Rebagliati Martins - Perú (PE01U);
315;21-106;RIESGO INTERMEDIO;RIESGO BAJO;25755942;21-106;25.97;No;No;Nunca;No;Nódulo sintomático;Eutiroideo;7;5;8.20;9.10;6.40;1;Medio;;;;;Si;V;Para nada;Un poco;Para nada;Un poco;Para nada;Para nada;Para nada;Para nada;Para nada;Para nada;Para nada;Para nada;Para nada;Para nada;Para nada;Para nada;Para nada;Para nada;Para nada;Para nada;Para nada;Para nada;Para nada;Un poco;50;Mujer;12;12;;Papilar;CPT- Clásica;;Unilateral derecho;No especifica;No hay presencia de invasión;No hay presencia de invasión;Ninguna;No;No;No;;0;N0;"	T1b(s)N0M0";5.44;RIESGO INTERMEDIO;2024-08-01;2024-08-01;Convencional;Total;R1- Microscópica;;Unilateral;Derecho;;;II;Lateral;Hospital Nacional Edgardo Rebagliati Martins - Perú (PE01U);
316;21-107;RIESGO INTERMEDIO;RIESGO ALTO;05392348;21-107;24.39;No;No;Nunca;No;Nódulo sintomático;Eutiroideo;4;4;25.00;14.00;16.00;1;Polo superior;;;;;Si;VI;Para nada;Un poco;Un poco;Para nada;Bastante;Para nada;Para nada;Para nada;Para nada;Para nada;Para nada;Para nada;Para nada;Para nada;Para nada;Para nada;Para nada;Para nada;Para nada;Para nada;Para nada;Para nada;Para nada;Para nada;53;Mujer;18;18;;Papilar;CPT- Folicular;;Unilateral derecho;No especifica;No hay presencia de invasión;Si, no especifica localización;Rebasa cápsula/ tejido peritiroideo;No;No;No;;0;N0;T1b(s)N1aM0;5.86;RIESGO INTERMEDIO;2024-08-01;2024-08-01;Convencional;Total;Ro- Libre de tumor;;Bilateral;;II;II;;Lateral;Hospital Nacional Edgardo Rebagliati Martins - Perú (PE01U);
317;21-108;RIESGO INTERMEDIO;RIESGO ALTO;42037359;21-108;27.43;No;No;Nunca;No;Nódulo sintomático;Eutiroideo;4;4;10.50;10.50;9.20;;;Polo superior;;1;;Si;VI;Para nada;Un poco;Para nada;Para nada;Un poco;Para nada;Para nada;Para nada;Para nada;Para nada;Para nada;Para nada;Para nada;Para nada;Para nada;Para nada;Para nada;Para nada;Para nada;Para nada;Para nada;Para nada;Para nada;Un poco;39;Mujer;58;53;;Papilar;CPT- Clásica;;Unilateral izquierdo;No especifica;No hay presencia de invasión;Si, no especifica localización;Rebasa cápsula/ tejido peritiroideo;No;No;No;;0;N0;"	T3a(s)N0M0";4.79;RIESGO INTERMEDIO;2024-01-25;2024-01-25;Convencional;Total;Ro- Libre de tumor;;;;;;;Central;Hospital Nacional Edgardo Rebagliati Martins - Perú (PE01U);
318;21-109;RIESGO INTERMEDIO;RIESGO ALTO;21463040;21-109;30.85;No;Si;Nunca;Si;Tamizaje;Eutiroideo;8;5;40.00;27.00;27.00;;;Medio;;1;;Si;VI;Para nada;Para nada;Para nada;Para nada;Para nada;Para nada;Para nada;Para nada;Para nada;Para nada;Para nada;Para nada;Para nada;Para nada;Para nada;Para nada;Para nada;Para nada;Para nada;Para nada;Para nada;Para nada;Un poco;Un poco;54;Mujer;43;41;;Papilar;CPT- Folicular;;Unilateral izquierdo;No especifica;No hay presencia de invasión;Si, no especifica localización;Rebasa cápsula/ tejido peritiroideo;No;No;No;;0;N0;T3a(s)N0M0;6.69;RIESGO INTERMEDIO;2024-01-29;2024-01-29;Convencional;Total ampliada a anillos traqueales, laringe, tejidos blandos o piel;Ro- Libre de tumor;;;;;;;Central;Hospital Nacional Edgardo Rebagliati Martins - Perú (PE01U);
319;21-11;MUY BAJO RIESGO;RIESGO BAJO;45463365;21-11;19.88;No;No;Nunca;Si;Tamizaje;Eutiroideo;5;4;14.30;15.80;13.80;;;Medio;;;;Si;V;Para nada;Para nada;Para nada;Para nada;Para nada;Para nada;Un poco;Para nada;Para nada;Para nada;Un poco;Para nada;Un poco;Para nada;Para nada;Para nada;Para nada;Para nada;Un poco;Para nada;Para nada;Para nada;Un poco;Un poco;35;Mujer;;;ADENOMA PARATIROIDEO;Otros;;;Unilateral izquierdo;No especifica;No hay presencia de invasión;No hay presencia de invasión;Ninguna;No;No;No;T0;0;N0;T1a(s)N0M0;3.28;RIESGO BAJO;2023-10-05;2023-10-05;Convencional;Total;Ro- Libre de tumor;;;;;;;Ninguno;;
320;21-110;BAJO RIESGO;RIESGO BAJO;21560224;21-110;31.89;No;No;Ex Fumador;No;Tamizaje;Hipotiroideo;6;4;15.00;14.00;15.00;;;Polo superior;;1;;Si;VI;Para nada;Para nada;Para nada;Para nada;Para nada;Para nada;Un poco;Para nada;Para nada;Un poco;Para nada;Para nada;Para nada;Un poco;Para nada;Para nada;Para nada;Para nada;Para nada;Para nada;Para nada;Para nada;Un poco;Un poco;48;Hombre;15;15;;Papilar;CPT- Clásica;;Unilateral izquierdo;No especifica;No hay presencia de invasión;No hay presencia de invasión;Ninguna;No;No;No;;0;N0;T1b(s)N0M0;4.29;RIESGO BAJO;2024-02-23;2024-02-23;Convencional;Total;Ro- Libre de tumor;;;;;;;Central;Hospital Nacional Edgardo Rebagliati Martins - Perú (PE01U);
321;21-111;MUY BAJO RIESGO;RIESGO BAJO;40070423;21-111;26.11;No;No;Nunca;No;Tamizaje;Eutiroideo;6;4;11.40;10.00;10.70;;Polo superior;;;;1;Si;III;Para nada;Para nada;Para nada;Para nada;Para nada;Para nada;Para nada;Para nada;Para nada;Para nada;Para nada;Para nada;Para nada;Para nada;Para nada;Para nada;Para nada;Para nada;Para nada;Para nada;Para nada;Para nada;Para nada;Para nada;44;Mujer;;;;Papilar;CPT- Clásica;;No especifica;Unilateral derecho;No hay presencia de invasión;No hay presencia de invasión;Ninguna;No;No;Si;;0;N0;T1a(m)N0M0;3.69;RIESGO BAJO;2024-03-13;2024-03-13;Convencional;Total;Ro- Libre de tumor;;;;;;;Ninguno;Hospital Nacional Edgardo Rebagliati Martins - Perú (PE01U);
322;21-112;BAJO RIESGO;RIESGO BAJO;08978288;21-112;22.48;No;Si;Nunca;No;Nódulo sintomático;Eutiroideo;3;3;30.00;10.00;15.00;1;;;;;;Si;VI;Para nada;Un poco;Un poco;Para nada;Para nada;Para nada;Para nada;Para nada;Para nada;Para nada;Para nada;Para nada;Para nada;Para nada;Para nada;Para nada;Para nada;Para nada;Para nada;Para nada;Para nada;Para nada;Para nada;Para nada;63;Mujer;;;;Papilar;CPT- Clásica;;No especifica;Unilateral derecho;No hay presencia de invasión;No hay presencia de invasión;Ninguna;No;No;No;;0;N0;T1a(m)N1aM0;3.78;RIESGO BAJO;2024-03-01;2024-03-01;Convencional;Total;Ro- Libre de tumor;;;;;;;Ninguno;Hospital Nacional Edgardo Rebagliati Martins - Perú (PE01U);
323;21-113;BAJO RIESGO;RIESGO BAJO;70433442;21-113;36.36;No;No;Nunca;No;Tamizaje;Eutiroideo;4;4;11.00;8.00;12.00;;;Medio;;1;;Si;VI;Para nada;Para nada;Para nada;Para nada;Para nada;Para nada;Para nada;Para nada;Para nada;Para nada;Para nada;Para nada;Para nada;Para nada;Para nada;Para nada;Para nada;Para nada;Para nada;Para nada;Para nada;Para nada;Un poco;Un poco;22;Mujer;;;;Papilar;CPT- Clásica;;Unilateral izquierdo;No especifica;No hay presencia de invasión;Si, no especifica localización;Ninguna;No;No;No;;0;N0;T1a(s)N0M0;3.34;RIESGO INTERMEDIO;2024-04-30;2024-04-30;Convencional;Total;Ro- Libre de tumor;;;;;;;Ninguno;Hospital Nacional Edgardo Rebagliati Martins - Perú (PE01U);
324;21-114;BAJO RIESGO;RIESGO BAJO;10182547;21-114;12.74;No;No;Nunca;No;Tamizaje;Eutiroideo;4;4;15.00;11.00;12.00;;;;;1;1;Si;VI;Para nada;Un poco;Para nada;Para nada;Un poco;Para nada;Para nada;Para nada;Para nada;Para nada;Para nada;Para nada;Para nada;Para nada;Para nada;Para nada;Para nada;Para nada;Para nada;Para nada;Para nada;Para nada;Para nada;Para nada;47;Mujer;;;;Papilar;CPT- Clásica;;Unilateral izquierdo;No especifica;No hay presencia de invasión;No hay presencia de invasión;Ninguna;No;No;No;;0;N0;"	T1a(s)N0M0";3.88;RIESGO BAJO;2024-02-26;2024-02-26;Convencional;Total ampliada a anillos traqueales, laringe, tejidos blandos o piel;Ro- Libre de tumor;;;;;;;Central;Hospital Nacional Edgardo Rebagliati Martins - Perú (PE01U);
325;21-115;RIESGO INTERMEDIO;RIESGO BAJO;09878678;21-115;30.49;No;No;Ex Fumador;No;Nódulo sintomático;Eutiroideo;3;3;12.00;9.00;10.00;;;;;1;;Si;VI;Para nada;Un poco;Para nada;Para nada;Un poco;Para nada;Para nada;Para nada;Para nada;Un poco;Para nada;Para nada;Para nada;Un poco;Para nada;Para nada;Para nada;Para nada;Para nada;Para nada;Para nada;Para nada;Para nada;Un poco;71;Mujer;;;;Papilar;CPT- Clásica;;Unilateral izquierdo;No especifica;No hay presencia de invasión;Si, no especifica localización;Ninguna;No;No;No;;0;N0;T1a(s)N0M0;6.03;RIESGO INTERMEDIO;2024-07-11;2024-07-11;Convencional;Total;Ro- Libre de tumor;;;;;;;Ninguno;Hospital Nacional Edgardo Rebagliati Martins - Perú (PE01U);
326;21-116;BAJO RIESGO;RIESGO BAJO;07920906;21-116;30.44;No;No;Nunca;Si;Tamizaje;Eutiroideo;3;3;10.90;8.60;10.20;2;Medio;;;;;Si;VI;Para nada;Para nada;Para nada;Para nada;Para nada;Para nada;Un poco;Para nada;Para nada;Un poco;Para nada;Para nada;Para nada;Para nada;Para nada;Para nada;Para nada;Para nada;Para nada;Para nada;Para nada;Para nada;Para nada;Para nada;66;Mujer;13;12;;Papilar;CPT- Clásica;;No especifica;Bilateral;No hay presencia de invasión;Si, no especifica localización;Ninguna;No;No;No;;0;N0;T1b(s)N0M0;5.67;RIESGO INTERMEDIO;2024-07-19;2024-07-19;Convencional;Total;Ro- Libre de tumor;;;;;;;Ninguno;Hospital Nacional Edgardo Rebagliati Martins - Perú (PE01U);
327;21-117;BAJO RIESGO;RIESGO BAJO;28210532;21-117;24.97;No;Si;Nunca;Si;Tamizaje;Eutiroideo;6;4;15.00;10.00;11.00;;;;;1;;Si;III;Para nada;Para nada;Para nada;Un poco;Para nada;Para nada;Para nada;Para nada;Para nada;Para nada;Para nada;Para nada;Para nada;Para nada;Para nada;Para nada;Para nada;Para nada;Para nada;Para nada;Para nada;Para nada;Para nada;Un poco;62;Mujer;;;;Folicular;;CTF- Mínimamente invasivo;Unilateral izquierdo;No especifica;No hay presencia de invasión;No hay presencia de invasión;Ninguna;No;No;No;;0;N0;T1a(s)N0M0;5.31;RIESGO INTERMEDIO;2024-07-25;2024-07-25;Convencional;Total;Ro- Libre de tumor;;;;;;;Ninguno;Hospital Nacional Edgardo Rebagliati Martins - Perú (PE01U);
328;21-118;BAJO RIESGO;RIESGO BAJO;28296017;21-118;26.95;No;No;Nunca;Si;Tamizaje;Eutiroideo;5;4;4.00;7.00;6.00;1;;;;;1;Si;VI;Para nada;Para nada;Para nada;Para nada;Para nada;Para nada;Para nada;Para nada;Para nada;Para nada;Un poco;Para nada;Para nada;Para nada;Para nada;Para nada;Para nada;Para nada;Para nada;Para nada;Para nada;Para nada;Para nada;Un poco;48;Mujer;11;11;;Folicular;;CTF- Mínimamente invasivo;Unilateral derecho;Istmo;No hay presencia de invasión;No hay presencia de invasión;Ninguna;No;No;No;;0;N0;"	T1b(s)N0M0";4.25;RIESGO INTERMEDIO;2024-08-03;2024-08-03;Convencional;Total;Ro- Libre de tumor;;;;;;;Ninguno;Hospital Nacional Edgardo Rebagliati Martins - Perú (PE01U);
329;21-119;RIESGO INTERMEDIO;RIESGO BAJO;15687726;21-119;29.32;No;No;Ex Fumador;No;Imagen incidental;Eutiroideo;6;4;18.00;9.00;18.00;1;;;;;;Si;VI;Para nada;Para nada;Para nada;Para nada;Para nada;Para nada;Para nada;Para nada;Para nada;Para nada;Para nada;Para nada;Para nada;Para nada;Para nada;Para nada;Para nada;Para nada;Para nada;Para nada;Para nada;Para nada;Para nada;Un poco;61;Mujer;12;12;;Papilar;CPT- Folicular;;No especifica;Unilateral derecho;No hay presencia de invasión;Si, no especifica localización;Rebasa cápsula/ tejido peritiroideo;No;No;No;;0;N0;T1b(s)N0M0;5.32;RIESGO INTERMEDIO;2024-08-08;2024-08-08;Convencional;Total ampliada a anillos traqueales, laringe, tejidos blandos o piel;Ro- Libre de tumor;;;;;;;Ninguno;Hospital Nacional Edgardo Rebagliati Martins - Perú (PE01U);
330;21-12;MUY BAJO RIESGO;RIESGO BAJO;08219614;21-12;22.06;No;No;Nunca;Si;Tamizaje;Eutiroideo;6;4;12.00;9.00;10.00;;;Medio;;1;;Si;VI;Un poco;Para nada;Para nada;Un poco;Para nada;Un poco;Un poco;Un poco;Para nada;Un poco;Para nada;Un poco;Un poco;Para nada;Un poco;Para nada;Para nada;Un poco;Un poco;Un poco;Un poco;Para nada;Bastante;Para nada;81;Mujer;;;;Papilar;CPT- Folicular;;Istmo;No especifica;No hay presencia de invasión;No hay presencia de invasión;Ninguna;No;No;No;;0;N0;T1a(s)N0M0;7.10;RIESGO BAJO;2023-10-07;2023-10-07;Convencional;Total;Ro- Libre de tumor;;;;;;;Ninguno;Hospital Nacional Edgardo Rebagliati Martins - Perú (PE01U);
331;21-120;RIESGO INTERMEDIO;RIESGO BAJO;09115211;21-120;31.53;No;No;Ex Fumador;No;Nódulo sintomático;Eutiroideo;6;4;55.00;44.70;56.40;1;;;;1;1;Si;VI;Un poco;Para nada;Para nada;Para nada;Un poco;Para nada;Para nada;Para nada;Para nada;Para nada;Para nada;Para nada;Para nada;Para nada;Para nada;Para nada;Para nada;Para nada;Para nada;Un poco;Para nada;Para nada;Para nada;Un poco;75;Hombre;80;80;;Papilar;CPT- Clásica;;Unilateral izquierdo;No especifica;No hay presencia de invasión;Si, no especifica localización;Rebasa cápsula/ tejido peritiroideo;No;No;No;;0;N0;T3a(s)N0M0;8.48;RIESGO INTERMEDIO;2024-08-09;2024-08-09;Convencional;Total ampliada a anillos traqueales, laringe, tejidos blandos o piel;Ro- Libre de tumor;;;;;;;Ninguno;Hospital Nacional Edgardo Rebagliati Martins - Perú (PE01U);
332;21-121;BAJO RIESGO;RIESGO BAJO;09269665;21-121;26.22;No;No;Nunca;No;Tamizaje;Eutiroideo;13;5;10.00;13.00;9.00;1;;;;1;;Si;VI;Para nada;Para nada;Un poco;Para nada;Para nada;Para nada;Para nada;Para nada;Para nada;Para nada;Para nada;Para nada;Para nada;Un poco;Para nada;Para nada;Para nada;Un poco;Para nada;Para nada;Un poco;Para nada;Para nada;Un poco;49;Mujer;;;;Papilar;CPT- Clásica;;No especifica;Bilateral;Si, no especifica localización;No hay presencia de invasión;Ninguna;No;No;No;T1a;M0;N0;T1a(s)N0M0;6.87;RIESGO BAJO;2024-08-14;2024-08-14;Convencional;Total;R1- Microscópica;Derecho;;;;;;Central;Hospital Nacional Edgardo Rebagliati Martins - Perú (PE01U);
333;21-122;RIESGO INTERMEDIO;RIESGO BAJO;05373775;21-122;25.22;No;No;Nunca;No;Imagen incidental;Eutiroideo;9;5;8.20;8.70;9.00;1;Medio;;;;;No;;Para nada;Para nada;Para nada;Para nada;Un poco;Para nada;Para nada;Para nada;Para nada;Para nada;Para nada;Para nada;Para nada;Para nada;Para nada;Para nada;Para nada;Para nada;Para nada;Para nada;Para nada;Para nada;Un poco;Para nada;77;Hombre;11;10;;Papilar;CPT- Folicular;;Unilateral derecho;No especifica;No hay presencia de invasión;Si, no especifica localización;Rebasa cápsula/ tejido peritiroideo;No;No;No;;0;N0;T1b(s)N0M0;6.57;RIESGO INTERMEDIO;2024-08-15;2024-08-15;Convencional;Total;Ro- Libre de tumor;;;;;;;Ninguno;Hospital Nacional Edgardo Rebagliati Martins - Perú (PE01U);
334;21-123;BAJO RIESGO;RIESGO BAJO;40691172;21-123;25.39;No;No;Nunca;No;Nódulo sintomático;Eutiroideo;5;4;12.70;10.50;11.60;1;Polo superior;;Polo superior;;1;Si;VI;Para nada;Un poco;Un poco;Un poco;Un poco;Para nada;Para nada;Para nada;Para nada;Para nada;Para nada;Para nada;Para nada;Para nada;Para nada;Para nada;Para nada;Para nada;Para nada;Para nada;Para nada;Para nada;Para nada;Un poco;43;Mujer;20;20;;Papilar;CPT- Folicular;;Unilateral derecho;No especifica;No hay presencia de invasión;Si, no especifica localización;Ninguna;No;No;No;;0;N0;"	T1b(s)N0M0";4.12;RIESGO BAJO;2024-08-19;2024-08-19;Convencional;Total;Ro- Libre de tumor;;;;;;;Ninguno;Hospital Nacional Edgardo Rebagliati Martins - Perú (PE01U);
335;21-124;RIESGO INTERMEDIO;RIESGO ALTO;23203873;21-124;22.66;No;No;Nunca;No;Nódulo sintomático;Eutiroideo;4;4;19.00;17.00;16.00;;;;;;1;Si;VI;Para nada;Un poco;Para nada;Para nada;Un poco;Para nada;Un poco;Para nada;Para nada;Un poco;Para nada;Un poco;Un poco;Para nada;Para nada;Para nada;Para nada;Un poco;Para nada;Para nada;Para nada;Para nada;Para nada;Para nada;77;Mujer;25;17;;Papilar;CPT- Clásica;;Istmo;No especifica;No hay presencia de invasión;Si, no especifica localización;Rebasa músculo pretiroideo;No;No;No;T3b;M0;N0;T3b(s)N1bM0;9.91;RIESGO INTERMEDIO;2024-06-18;2024-06-18;Convencional;Total ampliada a anillos traqueales, laringe, tejidos blandos o piel;R1- Microscópica;;;;;;;Central;Hospital Nacional Edgardo Rebagliati Martins - Perú (PE01U);
336;21-13;RIESGO INTERMEDIO;RIESGO BAJO;42414692;21-13;25.48;No;No;Nunca;Si;Nódulo sintomático;Hipotiroideo;4;4;4.70;4.00;3.00;;;Medio;;;;Si;VI;Para nada;Para nada;Un poco;Un poco;Un poco;Un poco;Un poco;Un poco;Para nada;Para nada;Para nada;Para nada;Para nada;Un poco;Para nada;Para nada;Para nada;Un poco;Para nada;Para nada;Para nada;Para nada;Un poco;Un poco;41;Mujer;;;;Papilar;CPT- Clásica;;Unilateral izquierdo;No especifica;No hay presencia de invasión;No hay presencia de invasión;Ninguna;No;No;No;;0;N0;T1a(s)N0M0;3.51;RIESGO INTERMEDIO;2023-10-13;2023-10-13;Convencional;Total;Ro- Libre de tumor;;;;;;;Ninguno;Hospital Nacional Edgardo Rebagliati Martins - Perú (PE01U);
337;21-14;RIESGO INTERMEDIO;RIESGO BAJO;09583507;21-14;30.47;No;No;Nunca;Si;Nódulo sintomático;Eutiroideo;10;5;8.00;7.00;7.10;;;;;2;;Si;VI;Un poco;Un poco;Para nada;Un poco;Un poco;Un poco;Para nada;Para nada;Para nada;Un poco;Para nada;Para nada;Para nada;Un poco;Para nada;Para nada;Para nada;Para nada;Un poco;Para nada;Un poco;Para nada;Un poco;Un poco;51;Mujer;;;;Papilar;CPT- Clásica;;Unilateral izquierdo;No especifica;No hay presencia de invasión;Si, no especifica localización;Invasión a tejido peritiroideo;Si;No;No;;0;N1b;T1a(s)N0M0;4.54;RIESGO INTERMEDIO;2023-10-11;2023-10-11;Convencional;Total;R1- Microscópica;;Unilateral;;;;II;Lateral;Hospital Nacional Edgardo Rebagliati Martins - Perú (PE01U);
338;21-15;MUY BAJO RIESGO;RIESGO BAJO;31603965;21-15;26.95;No;No;Nunca;Si;Tamizaje;Hipotiroideo;3;3;33.40;31.30;30.20;2;Medio;;;;;Si;III;Para nada;Un poco;Un poco;Para nada;Un poco;Para nada;Para nada;Para nada;Para nada;Para nada;Para nada;Para nada;Para nada;Para nada;Para nada;Para nada;Un poco;Para nada;Para nada;Para nada;Para nada;Para nada;Para nada;Un poco;77;Hombre;22;9;TIROIDITIS;Otros;;;Unilateral derecho;No especifica;No hay presencia de invasión;No hay presencia de invasión;Ninguna;No;No;Si;;0;N0;T1b(s)N0M0;6.92;RIESGO BAJO;2023-10-07;2023-10-07;Convencional;Total;Ro- Libre de tumor;;;;;;;Ninguno;;
339;21-16;RIESGO INTERMEDIO;RIESGO BAJO;07662740;21-16;24.52;No;No;Nunca;Si;Tamizaje;Eutiroideo;3;3;20.00;12.00;13.50;;;Polo inferior;;2;;Si;VI;Para nada;Para nada;Para nada;Para nada;Para nada;Un poco;Un poco;Para nada;Para nada;Un poco;Un poco;Para nada;Un poco;Un poco;Un poco;Para nada;Para nada;Un poco;Un poco;Un poco;Para nada;Para nada;Bastante;Para nada;67;Mujer;21;15;;Papilar;CPT- Clásica;;No especifica;Unilateral izquierdo;No hay presencia de invasión;No hay presencia de invasión;Rebasa cápsula/ tejido peritiroideo;No;No;No;;0;N0;"	T2(m)N1aM0";7.99;RIESGO INTERMEDIO;2023-10-18;2023-10-18;Convencional;Total ampliada a anillos traqueales, laringe, tejidos blandos o piel;R1- Microscópica;;;;;;;Central;Hospital Nacional Edgardo Rebagliati Martins - Perú (PE01U);
340;21-17;RIESGO INTERMEDIO;RIESGO BAJO;42269574;21-17;25.39;Si;No;Nunca;Si;Tamizaje;Hipotiroideo;6;4;7.00;8.00;7.00;;;Polo inferior;;;;Si;VI;Para nada;Para nada;Para nada;Para nada;Para nada;Un poco;Un poco;Para nada;Un poco;Para nada;Para nada;Para nada;Para nada;Un poco;Para nada;Para nada;Para nada;Para nada;Para nada;Un poco;Un poco;Para nada;Un poco;Un poco;39;Mujer;24;21;;Papilar;CPT- Clásica;;No especifica;Bilateral;Si, no especifica localización;No hay presencia de invasión;Rebasa cápsula/ tejido peritiroideo;No;No;No;;0;N0;T2(s)N0M0;5.82;RIESGO INTERMEDIO;2023-10-19;2023-10-19;Convencional;Total;R1- Microscópica;;;;;;;Ninguno;Hospital Nacional Edgardo Rebagliati Martins - Perú (PE01U);
341;21-18;RIESGO INTERMEDIO;RIESGO ALTO;1045994;21-18;27.43;No;No;Nunca;Si;Tamizaje;Hipotiroideo;10;5;9.50;11.00;7.70;;;Medio;;1;;Si;VI;Un poco;Para nada;Un poco;Un poco;Para nada;Un poco;Un poco;Para nada;Para nada;Un poco;Para nada;Para nada;Bastante;Un poco;Un poco;Para nada;Para nada;Un poco;Un poco;Un poco;Un poco;Para nada;Un poco;Un poco;58;Mujer;12;10;;Papilar;CPT- Clásica;;No especifica;Bilateral;Si, no especifica localización;No hay presencia de invasión;Rebasa cápsula/ tejido peritiroideo;No;No;Si;;0;N0;T1b(m)N0M0;7.00;RIESGO INTERMEDIO;2023-10-21;2023-10-21;Convencional;Total;R1- Microscópica;;;;;;;Central;Hospital Nacional Edgardo Rebagliati Martins - Perú (PE01U);
342;21-19;RIESGO INTERMEDIO;RIESGO ALTO;18176591;21-19;26.17;No;No;Nunca;No;Tamizaje;Eutiroideo;7;5;6.30;10.10;7.70;;;;;;1;Si;VI;Para nada;Para nada;Para nada;Para nada;Para nada;Para nada;Para nada;Para nada;Para nada;Para nada;Para nada;Para nada;Para nada;Para nada;Para nada;Para nada;Para nada;Para nada;Para nada;Para nada;Para nada;Para nada;Un poco;Un poco;47;Mujer;;;;Papilar;CPT- Clásica;;Istmo;No especifica;No hay presencia de invasión;No hay presencia de invasión;Ninguna;No;No;No;;0;N0;T1a(s)N0M0;4.06;RIESGO INTERMEDIO;2023-10-17;2023-10-17;Convencional;Total;R1- Microscópica;;;;;;;Central;Hospital Nacional Edgardo Rebagliati Martins - Perú (PE01U);
343;21-2;BAJO RIESGO;RIESGO BAJO;19878286;21-2;26.29;No;No;;No;Tamizaje;Eutiroideo;5;4;9.90;7.40;10.00;1;Medio;;;;;Si;VI;Para nada;Para nada;Un poco;Un poco;Para nada;Un poco;Un poco;Para nada;Un poco;Un poco;Para nada;Un poco;Un poco;Un poco;Para nada;Para nada;Para nada;Un poco;Un poco;Un poco;Para nada;Para nada;Un poco;Para nada;56;Mujer;15;10;;Papilar;CPT- Clásica;;Unilateral izquierdo;No especifica;No hay presencia de invasión;No hay presencia de invasión;Ninguna;No;No;No;;0;N0;T1b(s)N0M0;6.21;RIESGO BAJO;2023-08-25;2023-08-25;Convencional;Total;Ro- Libre de tumor;;;;;;;Ninguno;Hospital Nacional Edgardo Rebagliati Martins - Perú (PE01U);
344;21-20;RIESGO INTERMEDIO;RIESGO BAJO;17807386;21-20;24;No;No;Nunca;No;Tamizaje;Eutiroideo;9;5;15.60;19.20;12.60;1;Medio;;;;;Si;VI;Para nada;Un poco;Un poco;Para nada;Un poco;Un poco;Un poco;Para nada;Para nada;Para nada;Un poco;Para nada;Para nada;Un poco;Para nada;Para nada;Para nada;Bastante;Para nada;Un poco;Un poco;Para nada;Bastante;Bastante;58;Mujer;18;15;;Papilar;CPT- Folicular;;Unilateral derecho;No especifica;No hay presencia de invasión;Si, no especifica localización;Rebasa cápsula/ tejido peritiroideo;No;No;No;;0;N0;T1b(s)N0M0;6.18;RIESGO INTERMEDIO;2023-10-23;2023-10-23;Convencional;Total;R1- Microscópica;;;;;;;Ninguno;Hospital Nacional Edgardo Rebagliati Martins - Perú (PE01U);
345;21-21;ALTO RIESGO;RIESGO ALTO;05371585;21-21;22.83;No;No;Ex Fumador;No;Tamizaje;Eutiroideo;4;4;20.00;14.00;14.00;;;;;1;;Si;VI;Para nada;Para nada;Para nada;Para nada;Para nada;Para nada;Para nada;Para nada;Para nada;Para nada;Para nada;Para nada;Para nada;Un poco;Para nada;Para nada;Para nada;Para nada;Para nada;Para nada;Para nada;Para nada;Para nada;Para nada;56;Hombre;30;20;;Papilar;CPT- Clásica;;Unilateral izquierdo;No especifica;No hay presencia de invasión;Si, no especifica localización;Rebasa músculo pretiroideo;No;No;No;;0;N0;T3b(s)N0M0;5.38;RIESGO ALTO;2023-10-25;2023-10-25;Convencional;Total ampliada a anillos traqueales, laringe, tejidos blandos o piel;R1- Microscópica;;;;;;;Central;Hospital Nacional Edgardo Rebagliati Martins - Perú (PE01U);
346;21-22;RIESGO INTERMEDIO;RIESGO ALTO;06307324;21-22;29.14;No;No;Nunca;Si;Tamizaje;Eutiroideo;7;5;15.50;12.60;12.50;;;;;1;;Si;VI;Para nada;Para nada;Para nada;Para nada;Para nada;Para nada;Un poco;Para nada;Un poco;Para nada;Para nada;Para nada;Para nada;Un poco;Para nada;Para nada;Para nada;Para nada;Un poco;Para nada;Para nada;Para nada;Un poco;Para nada;60;Mujer;18;15;;Folicular;;Desconocida;Unilateral izquierdo;No especifica;No hay presencia de invasión;No hay presencia de invasión;Ninguna;;No;No;;0;;T1b(s)N0M0;5.42;RIESGO INTERMEDIO;2023-10-25;2023-10-25;Convencional;Total;Ro- Libre de tumor;;;;;;;Ninguno;Hospital Nacional Edgardo Rebagliati Martins - Perú (PE01U);
347;21-23;ALTO RIESGO;RIESGO ALTO;40755288;21-23;24.61;No;No;Nunca;No;Tamizaje;Eutiroideo;6;4;7.50;4.00;0.00;1;;;;;;Si;VI;Para nada;Para nada;Para nada;Para nada;Para nada;Para nada;Un poco;Para nada;Para nada;Para nada;Para nada;Para nada;Para nada;Un poco;Para nada;Para nada;Para nada;Un poco;Para nada;Para nada;Para nada;Para nada;Un poco;Para nada;43;Mujer;40;24;;Papilar;CPT- Clásica;;No especifica;Unilateral derecho;No hay presencia de invasión;Si, no especifica localización;Invasión a tejido peritiroideo;No;No;No;;0;N0;T4a(m)N0M0;5.64;RIESGO ALTO;2023-10-31;2023-10-31;Convencional;Total ampliada a anillos traqueales, laringe, tejidos blandos o piel;;;;;;;;Ninguno;Hospital Nacional Edgardo Rebagliati Martins - Perú (PE01U);
348;21-24;RIESGO INTERMEDIO;RIESGO BAJO;21496519;21-24;37.45;No;No;Nunca;Si;Nódulo sintomático;;7;5;45.80;32.00;35.00;;;;;2;;Si;V;Un poco;Un poco;Para nada;Para nada;Bastante;Para nada;Un poco;Para nada;Para nada;Un poco;Para nada;Para nada;Para nada;Un poco;Para nada;Para nada;Para nada;Para nada;Para nada;Para nada;Para nada;Para nada;Un poco;Para nada;57;Hombre;45;30;;Papilar;CPT- Clásica;;Unilateral izquierdo;No especifica;Si, no especifica localización;No hay presencia de invasión;Rebasa cápsula/ tejido peritiroideo;No;No;No;;0;N0;T3a(s)N1bM0;6.99;RIESGO INTERMEDIO;2023-11-02;2023-11-02;Convencional;Total ampliada a anillos traqueales, laringe, tejidos blandos o piel;R1- Microscópica;;Unilateral;Izquierdo;;;II;Lateral;Hospital Nacional Edgardo Rebagliati Martins - Perú (PE01U);
349;21-25;BAJO RIESGO;RIESGO BAJO;70357734;21-25;27.99;No;No;Nunca;Si;Tamizaje;;6;4;41.00;34.50;36.00;1;;;;;;Si;VI;Para nada;Para nada;Para nada;Un poco;Un poco;Para nada;Un poco;Para nada;Para nada;Para nada;Para nada;Para nada;Un poco;Un poco;Para nada;Para nada;Para nada;Para nada;Un poco;Para nada;Para nada;Un poco;Para nada;Un poco;35;Hombre;48;42;;Papilar;CPT- Clásica;;Unilateral derecho;No especifica;No hay presencia de invasión;No hay presencia de invasión;Ninguna;No;No;No;;0;N0;T3a(s)N0M0;4.54;RIESGO BAJO;2023-11-11;2023-11-11;Convencional;Total ampliada a anillos traqueales, laringe, tejidos blandos o piel;Ro- Libre de tumor;;;;;;;Ninguno;Hospital Nacional Edgardo Rebagliati Martins - Perú (PE01U);
350;21-26;;;06055116;21-26;31.2;No;No;Ex Fumador;No;Tamizaje;Hipotiroideo;4;4;14.00;5.00;8.80;;;;;;1;Si;IV;Para nada;Para nada;Para nada;Un poco;Un poco;Para nada;Para nada;Para nada;Para nada;Un poco;Para nada;Para nada;Para nada;Un poco;Para nada;Para nada;Para nada;Un poco;Para nada;Para nada;Para nada;Para nada;Un poco;Un poco;57;Hombre;;;Adenoma folicular de células de Hurtle.;Otros;;;Istmo;No especifica;No hay presencia de invasión;No hay presencia de invasión;Ninguna;No;No;No;;0;N0;;;;2023-11-18;2023-11-18;Convencional;Lobectomía + Istmectomía;Ro- Libre de tumor;;;;;;;Ninguno;;
351;21-27;;;08293392;21-27;30.44;No;No;Nunca;Si;Tamizaje;Eutiroideo;4;4;14.00;15.50;16.00;1;Medio;;;;;Si;VI;Para nada;Para nada;Para nada;Para nada;Un poco;Para nada;Para nada;Para nada;Para nada;Para nada;Para nada;Para nada;Para nada;Para nada;Para nada;Para nada;Para nada;Para nada;Para nada;Para nada;Para nada;Para nada;Para nada;Para nada;62;Mujer;;;HIPERPLASIA MACRO Y MICROFOLICULAR MULTITINODULAR;Otros;;;Unilateral izquierdo;No especifica;No hay presencia de invasión;No hay presencia de invasión;Ninguna;No;No;No;;0;N0;;;;2023-11-20;2023-11-20;Convencional;Total;Ro- Libre de tumor;;;;;;;Ninguno;;
352;21-28;RIESGO INTERMEDIO;RIESGO BAJO;44966803;21-28;28.07;No;No;Nunca;No;Nódulo sintomático;Hipotiroideo;5;4;8.00;7.00;10.00;1;Polo superior;Polo inferior;Medio;1;1;Si;VI;Un poco;Un poco;Para nada;Para nada;Para nada;Para nada;Para nada;Para nada;Para nada;Para nada;Para nada;Un poco;Para nada;Un poco;Para nada;Para nada;Para nada;Para nada;Para nada;Un poco;Para nada;Un poco;Un poco;Un poco;37;Mujer;11;7;;Papilar;CPT- Clásica;;Bilateral;No especifica;No hay presencia de invasión;Si, no especifica localización;Rebasa cápsula/ tejido peritiroideo;No;No;No;;0;N0;T1b(s)N0M0;4.43;RIESGO INTERMEDIO;2023-11-20;2023-11-20;Convencional;Total;R1- Microscópica;;;;;;;Central;Hospital Nacional Edgardo Rebagliati Martins - Perú (PE01U);
353;21-29;BAJO RIESGO;RIESGO BAJO;47425522;21-29;23.88;Si;No;Nunca;No;Nódulo sintomático;Eutiroideo;9;5;13.00;16.00;20.00;1;Medio;;;1;;Si;V;Para nada;Un poco;Para nada;Un poco;Un poco;Un poco;Para nada;Para nada;Para nada;Para nada;Para nada;Un poco;Para nada;Un poco;Para nada;Para nada;Para nada;Para nada;Para nada;Para nada;Para nada;Para nada;Un poco;Un poco;31;Mujer;;;;Papilar;CPT- Clásica;;Istmo;No especifica;No hay presencia de invasión;Si, no especifica localización;Rebasa cápsula/ tejido peritiroideo;No;No;No;;0;N0;T1a(s)N0M0;3.40;RIESGO BAJO;2023-11-27;2023-11-27;Convencional;Total;Ro- Libre de tumor;;;;;;;Central;Hospital Nacional Edgardo Rebagliati Martins - Perú (PE01U);
354;21-3;MUY BAJO RIESGO;RIESGO BAJO;06745401;21-3;35.09;No;;;Si;Nódulo sintomático;Eutiroideo;5;4;51.00;26.00;44.00;;;;;3;;Si;II;Para nada;Un poco;Un poco;Para nada;Bastante;Para nada;Un poco;Para nada;Para nada;Un poco;Un poco;Para nada;Un poco;Un poco;Un poco;Para nada;Para nada;Para nada;Un poco;Para nada;Un poco;Para nada;Un poco;Para nada;66;Mujer;;;;Papilar;CPT- Clásica;;Unilateral izquierdo;No especifica;No hay presencia de invasión;No hay presencia de invasión;Ninguna;No;No;No;;0;N0;T1a(s)N0M0;6.57;RIESGO BAJO;2023-08-19;2023-08-19;Convencional;Total;Ro- Libre de tumor;;;;;;;Ninguno;Hospital Nacional Edgardo Rebagliati Martins - Perú (PE01U);
355;21-30;MUY BAJO RIESGO;RIESGO BAJO;08831042;21-30;23.24;No;No;Nunca;Si;Tamizaje;Eutiroideo;7;5;7.50;8.80;9.20;1;Medio;Medio;;1;;Si;V;Para nada;Para nada;Un poco;Un poco;Para nada;Para nada;Para nada;Para nada;Para nada;Para nada;Para nada;Para nada;Para nada;Para nada;Para nada;Para nada;Para nada;Para nada;Para nada;Para nada;Para nada;Para nada;Para nada;Un poco;65;Hombre;23;23;;Papilar;CPT-Otro;;Unilateral izquierdo;No especifica;No hay presencia de invasión;No hay presencia de invasión;Ninguna;No;No;No;;0;N0;T2(s)N0M0;6.05;RIESGO BAJO;2023-11-25;2023-11-25;Convencional;Total;Ro- Libre de tumor;;;;;;;Ninguno;Hospital Nacional Edgardo Rebagliati Martins - Perú (PE01U);
356;21-31;RIESGO INTERMEDIO;RIESGO BAJO;32405799;21-31;33.24;No;No;Nunca;Si;Tamizaje;Hipotiroideo;4;4;9.60;00.00;13.60;;;Medio;;1;;Si;IV;Para nada;Para nada;Para nada;Para nada;Para nada;Para nada;Para nada;Para nada;Para nada;Para nada;Para nada;Para nada;Para nada;Un poco;Para nada;Para nada;Para nada;Para nada;Un poco;Para nada;Para nada;Para nada;Un poco;Un poco;46;Mujer;;;;Papilar;CPT- Clásica;;Unilateral izquierdo;No especifica;No hay presencia de invasión;Si, no especifica localización;Rebasa cápsula/ tejido peritiroideo;No;No;Si;;0;N0;"	T1a(s)N0M0";4.00;RIESGO INTERMEDIO;2023-11-25;2023-11-25;Convencional;Total;Ro- Libre de tumor;;;;;;;Central;Hospital Nacional Edgardo Rebagliati Martins - Perú (PE01U);
357;21-32;RIESGO INTERMEDIO;RIESGO ALTO;41689858;21-32;37.04;No;No;Ex Fumador;No;Tamizaje;Eutiroideo;4;4;5.30;5.30;5.30;;;Medio;;1;;Si;VI;Para nada;Para nada;Para nada;Para nada;Para nada;Para nada;Para nada;Para nada;Para nada;Para nada;Para nada;Para nada;Para nada;Un poco;Para nada;Para nada;Para nada;Para nada;Para nada;Para nada;Para nada;Para nada;Para nada;Un poco;39;Mujer;25;12;;Papilar;CPT- Clásica;;Unilateral izquierdo;No especifica;No hay presencia de invasión;No hay presencia de invasión;Rebasa cápsula/ tejido peritiroideo;No;No;No;T2;0;N0;T2(s)N0M0;6.03;RIESGO INTERMEDIO;2023-12-04;2023-12-04;Convencional;Total;R1- Microscópica;;;;;;;Central;Hospital Nacional Edgardo Rebagliati Martins - Perú (PE01U);
358;21-33;BAJO RIESGO;RIESGO BAJO;21545226;21-33;26.84;No;Si;Nunca;Si;Tamizaje;Eutiroideo;4;4;16.00;24.00;34.00;1;Polo inferior;;;1;;Si;VI;Para nada;Para nada;Para nada;Un poco;Un poco;Para nada;Para nada;Para nada;Para nada;Para nada;Para nada;Para nada;Para nada;Para nada;Para nada;Para nada;Para nada;Para nada;Para nada;Un poco;Para nada;Para nada;Un poco;Un poco;49;Mujer;21;21;;Papilar;CPT- Clásica;;Unilateral derecho;No especifica;No hay presencia de invasión;No hay presencia de invasión;Ninguna;No;No;No;;0;N0;T2(s)N0M0;5.71;RIESGO BAJO;2023-12-02;2023-12-02;Convencional;Total;Ro- Libre de tumor;;;;;;;Ninguno;Hospital Nacional Edgardo Rebagliati Martins - Perú (PE01U);
359;21-34;BAJO RIESGO;RIESGO BAJO;06637650;21-34;27.05;No;No;Nunca;Si;Tamizaje;;8;5;13.00;15.00;22.00;1;Medio;;;;;Si;VI;Para nada;Para nada;Para nada;Para nada;Un poco;Para nada;Para nada;Para nada;Para nada;Para nada;Para nada;Para nada;Para nada;Un poco;Para nada;Para nada;Para nada;Para nada;Para nada;Para nada;Para nada;Para nada;Un poco;Un poco;69;Mujer;;;;Papilar;CPT- Clásica;;Unilateral derecho;No especifica;No hay presencia de invasión;No hay presencia de invasión;Ninguna;No;No;No;;0;N0;T1a(s)N0M0;5.83;RIESGO BAJO;2023-12-01;2023-12-01;Convencional;Total;Ro- Libre de tumor;;;;;;;Ninguno;Hospital Nacional Edgardo Rebagliati Martins - Perú (PE01U);
360;21-35;RIESGO INTERMEDIO;RIESGO BAJO;09122851;21-35;28.44;No;;Nunca;Si;Nódulo sintomático;;10;5;28.40;31.50;38.70;1;Medio;Polo inferior;;1;;Si;VI;Para nada;Un poco;Para nada;Un poco;Bastante;Para nada;Un poco;Para nada;Para nada;Para nada;Para nada;Para nada;Para nada;Un poco;Para nada;Un poco;Para nada;Para nada;Un poco;Para nada;Para nada;Para nada;Un poco;Un poco;57;Mujer;30;30;;Papilar;CPT- Clásica;;No especifica;Unilateral derecho;No hay presencia de invasión;Si, no especifica localización;Rebasa cápsula/ tejido peritiroideo;No;No;No;;0;N0;T2(m)N1aM0;5.62;RIESGO INTERMEDIO;2023-12-01;2023-12-01;Convencional;Total ampliada a anillos traqueales, laringe, tejidos blandos o piel;R1- Microscópica;;;;;;;Central;Hospital Nacional Edgardo Rebagliati Martins - Perú (PE01U);
361;21-36;RIESGO INTERMEDIO;RIESGO ALTO;07271788;21-36;28.44;No;Si;Nunca;No;Nódulo sintomático;Eutiroideo;5;4;30.40;21.90;26.40;;;Polo inferior;;2;;Si;VI;Un poco;Bastante;Un poco;Un poco;Un poco;Para nada;Para nada;Para nada;Para nada;Un poco;Un poco;Un poco;Para nada;Para nada;Para nada;Para nada;Para nada;Para nada;Un poco;Un poco;Para nada;Para nada;Un poco;Un poco;56;Mujer;50;30;;Papilar;CPT- Clásica;;Unilateral derecho;No especifica;No hay presencia de invasión;Si, no especifica localización;Rebasa cápsula/ tejido peritiroideo;No;No;No;;0;N0;T3a(m)N1aM0;6.14;RIESGO INTERMEDIO;2023-12-06;2023-12-06;Convencional;Total ampliada a anillos traqueales, laringe, tejidos blandos o piel;Ro- Libre de tumor;;;;;;;Ninguno;Hospital Nacional Edgardo Rebagliati Martins - Perú (PE01U);
362;21-37;RIESGO INTERMEDIO;RIESGO BAJO;28299193;21-37;32.45;No;No;Nunca;Si;Tamizaje;Eutiroideo;6;4;4.50;3.40;5.00;1;;;;;;Si;VI;Un poco;Para nada;Para nada;Un poco;Para nada;Para nada;Para nada;Para nada;Para nada;Bastante;Un poco;Un poco;Un poco;Un poco;Para nada;Para nada;Para nada;Un poco;Para nada;Para nada;Para nada;Para nada;Un poco;Un poco;47;Mujer;;;;Papilar;CPT- Clásica;;Unilateral derecho;No especifica;No hay presencia de invasión;No hay presencia de invasión;Ninguna;No;No;No;;0;N0;T1a(s)N0M0;4.05;RIESGO INTERMEDIO;2023-12-11;2023-12-11;Convencional;Total;Ro- Libre de tumor;;;;;;;Ninguno;Hospital Nacional Edgardo Rebagliati Martins - Perú (PE01U);
363;21-38;RIESGO INTERMEDIO;RIESGO ALTO;43103480;21-38;34.16;No;Si;Nunca;Si;Tamizaje;Eutiroideo;5;4;21.70;27.10;30.50;1;;;;;;Si;VI;Para nada;Un poco;Para nada;Un poco;Un poco;Para nada;Para nada;Para nada;Para nada;Un poco;Para nada;Un poco;Para nada;Bastante;Un poco;Un poco;Para nada;Un poco;Para nada;Para nada;Para nada;Para nada;Un poco;Un poco;38;Mujer;25;20;;Papilar;CPT- Clásica;;;Unilateral derecho;No hay presencia de invasión;Si, no especifica localización;Rebasa cápsula/ tejido peritiroideo;No;No;No;;M0;N0;T2(m)N1bM0;4.95;RIESGO INTERMEDIO;2023-12-11;2023-12-11;Convencional;Total ampliada a anillos traqueales, laringe, tejidos blandos o piel;R1- Microscópica;;Unilateral;Derecho;;;II;Lateral;Hospital Nacional Edgardo Rebagliati Martins - Perú (PE01U);
364;21-39;BAJO RIESGO;RIESGO BAJO;45567034;21-39;29.64;No;No;Nunca;Si;Pruebas no relacionadas;Eutiroideo;7;5;12.80;14.80;16.30;;;Polo inferior;;1;;Si;VI;Para nada;Para nada;Para nada;Un poco;Para nada;Para nada;Un poco;Para nada;Para nada;Para nada;Un poco;Para nada;Para nada;Un poco;Un poco;Para nada;Un poco;Para nada;Para nada;Para nada;Para nada;Para nada;Un poco;Un poco;41;Mujer;25;15;;Papilar;CPT- Clásica;;Bilateral;No especifica;No hay presencia de invasión;No hay presencia de invasión;Rebasa cápsula/ tejido peritiroideo;No;No;No;;0;N0;T2(s)N0M0;5.11;RIESGO BAJO;2023-12-11;2023-12-11;Convencional;Total;Ro- Libre de tumor;;;;;;;Ninguno;Hospital Nacional Edgardo Rebagliati Martins - Perú (PE01U);
365;21-4;ALTO RIESGO;RIESGO ALTO;09386194;21-4;23.34;No;No;Nunca;No;Nódulo sintomático;Eutiroideo;8;5;16.30;11.30;11.60;;;Medio;;1;;Si;VI;Un poco;Para nada;Para nada;Para nada;Un poco;Un poco;Un poco;Para nada;Un poco;Para nada;Para nada;Para nada;Un poco;Para nada;Para nada;Para nada;Para nada;Para nada;Para nada;Para nada;Para nada;Un poco;Un poco;Para nada;53;Hombre;15;13;;Papilar;CPT- Clásica;;Unilateral izquierdo;No especifica;Unilateral izquierdo;No hay presencia de invasión;Invasión a tejido peritiroideo;Si;No;No;;0;N1b;T4a(s)N1bM0;10.90;RIESGO ALTO;2023-09-07;2023-09-07;Convencional;Total ampliada a anillos traqueales, laringe, tejidos blandos o piel;R1- Microscópica;;Unilateral;Izquierdo;;;II;Lateral;Hospital Nacional Edgardo Rebagliati Martins - Perú (PE01U);
366;21-40;ALTO RIESGO;RIESGO ALTO;05246322;21-40;30.43;No;No;Nunca;Si;Nódulo sintomático;Hipotiroideo;5;4;39.60;25.20;0.00;;Medio;;;;;Si;VI;Un poco;Bastante;Un poco;Para nada;Bastante;Un poco;Un poco;Para nada;Para nada;Un poco;Para nada;Un poco;Para nada;Para nada;Para nada;Para nada;Para nada;Un poco;Un poco;Para nada;Para nada;Un poco;Un poco;Para nada;55;Mujer;80;32;;Papilar;CPT- Clásica;;No especifica;Bilateral;No hay presencia de invasión;Si, no especifica localización;Invasión a tejido peritiroideo;No;No;No;;0;N0;T4a(m)N1aM0;8.40;RIESGO ALTO;2023-12-12;2023-12-12;Convencional;Total ampliada a anillos traqueales, laringe, tejidos blandos o piel;R1- Microscópica;;;;;;;Central;Hospital Nacional Edgardo Rebagliati Martins - Perú (PE01U);
367;21-41;BAJO RIESGO;RIESGO BAJO;10227851;21-41;31.64;No;Si;Nunca;No;Nódulo sintomático;Eutiroideo;5;4;8.60;10.00;00.00;;;Polo inferior;;2;;Si;VI;Para nada;Un poco;Un poco;Para nada;Un poco;Para nada;Un poco;Para nada;Para nada;Un poco;Para nada;Un poco;Para nada;Un poco;Para nada;Para nada;Para nada;Para nada;Un poco;Para nada;Para nada;Para nada;Un poco;Para nada;50;Mujer;;;;Papilar;CPT- Clásica;;Bilateral;No especifica;Si, no especifica localización;Si, no especifica localización;Rebasa cápsula/ tejido peritiroideo;No;No;No;;0;N0;T1a(s)N0M0;4.38;RIESGO BAJO;2023-12-26;2023-12-26;Convencional;Total;R1- Microscópica;;;;;;;Ninguno;Hospital Nacional Edgardo Rebagliati Martins - Perú (PE01U);
368;21-42;RIESGO INTERMEDIO;RIESGO BAJO;44464115;21-42;28.44;No;No;Nunca;Si;Tamizaje;Hipertiroideo;7;5;11.00;5.00;00.00;;;;;;1;Si;VI;Para nada;Para nada;Un poco;Para nada;Para nada;Para nada;Para nada;Para nada;Para nada;Para nada;Para nada;Para nada;Un poco;Un poco;Para nada;Para nada;Para nada;Para nada;Para nada;Para nada;Para nada;Para nada;Para nada;Para nada;35;Mujer;15;15;;Papilar;CPT- Clásica;;No especifica;Unilateral derecho;No hay presencia de invasión;Si, no especifica localización;Rebasa cápsula/ tejido peritiroideo;No;No;No;;0;N0;T1b(s)N0M0;4.55;RIESGO INTERMEDIO;2023-12-27;2023-12-27;Convencional;Total;R1- Microscópica;;;;;;;Central;Hospital Nacional Edgardo Rebagliati Martins - Perú (PE01U);
369;21-43;MUY BAJO RIESGO;RIESGO BAJO;17577128;21-43;21.91;No;No;Nunca;No;Nódulo sintomático;;4;4;18.00;25.00;36.00;;;;;;;Si;II;Para nada;Un poco;Un poco;Un poco;Bastante;Un poco;Para nada;Para nada;Para nada;Para nada;Un poco;Para nada;Para nada;Para nada;Para nada;Para nada;Para nada;Un poco;Para nada;Para nada;Para nada;Para nada;Para nada;Para nada;54;Mujer;;;;Papilar;CPT- Folicular;;Unilateral izquierdo;No especifica;No hay presencia de invasión;No hay presencia de invasión;Ninguna;No;No;No;;0;N0;T1a(s)N0M0;4.61;RIESGO BAJO;2024-01-16;2024-01-16;Convencional;Lobectomía izquierda;Ro- Libre de tumor;;;;;;;Ninguno;Hospital Nacional Edgardo Rebagliati Martins - Perú (PE01U);
370;21-44;MUY BAJO RIESGO;RIESGO BAJO;10563841;21-44;20.51;No;No;Nunca;No;Nódulo sintomático;Eutiroideo;4;4;31.00;28.00;39.00;1;;;;;;Si;II;Para nada;Para nada;Un poco;Para nada;Un poco;Para nada;Para nada;Para nada;Para nada;Para nada;Para nada;Para nada;Para nada;Para nada;Para nada;Para nada;Para nada;Para nada;Para nada;Para nada;Para nada;Para nada;Un poco;Un poco;50;Mujer;;;;Papilar;CPT- Clásica;;Istmo;No especifica;No hay presencia de invasión;No hay presencia de invasión;Ninguna;No;No;No;;0;N0;"	T1a(s)N0M0";4.46;RIESGO BAJO;2024-01-16;2024-01-16;Convencional;Lobectomía derecha;Ro- Libre de tumor;;;;;;;Ninguno;Hospital Nacional Edgardo Rebagliati Martins - Perú (PE01U);
371;21-45;;;07738520;21-45;30.38;No;No;Nunca;Si;Nódulo sintomático;;4;4;21.00;13.00;12.00;;;;;1;;Si;V;Un poco;Bastante;Un poco;Un poco;Un poco;Para nada;Para nada;Para nada;Un poco;Para nada;Un poco;Un poco;Para nada;Un poco;Para nada;Para nada;Para nada;Un poco;Para nada;Para nada;Para nada;Para nada;Para nada;Para nada;60;Mujer;20;20;Adenoma microfolicular oxifílico;Otros;;;Unilateral izquierdo;No especifica;No hay presencia de invasión;No hay presencia de invasión;Ninguna;No;No;No;;0;N0;;;;2024-01-16;2024-01-16;Convencional;Lobectomía izquierda;Ro- Libre de tumor;;;;;;;Ninguno;;
372;21-46;BAJO RIESGO;RIESGO BAJO;28263623;21-46;22.66;No;No;Nunca;No;Nódulo sintomático;Hipotiroideo;4;4;6.40;6.00;00.00;;Polo superior;;;;;Si;V;Un poco;Para nada;Para nada;Un poco;Para nada;Para nada;Un poco;Para nada;Para nada;Para nada;Para nada;Un poco;Un poco;Un poco;Para nada;Para nada;Para nada;Para nada;Un poco;Para nada;Para nada;Para nada;Un poco;Un poco;54;Mujer;25;13;;Papilar;CPT- Clásica;;Bilateral;No especifica;Si, no especifica localización;No hay presencia de invasión;Ninguna;No;No;No;;0;N0;"	T2(m)N0M0";6.31;RIESGO BAJO;2024-01-06;2024-01-06;Convencional;Total;R1- Microscópica;;;;;;;Central;Hospital Nacional Edgardo Rebagliati Martins - Perú (PE01U);
373;21-47;BAJO RIESGO;RIESGO BAJO;10277241;21-47;29.05;No;No;Nunca;Si;Tamizaje;Hipotiroideo;7;5;15.00;00.00;10.00;;Medio;;;;;Si;VI;Para nada;Para nada;Para nada;Para nada;Para nada;Para nada;Para nada;Para nada;Para nada;Para nada;Para nada;Para nada;Un poco;Un poco;Para nada;Para nada;Para nada;Para nada;Para nada;Para nada;Para nada;Para nada;Para nada;Para nada;59;Mujer;13;9;;Papilar;CPT- Clásica;;Bilateral;No especifica;No hay presencia de invasión;No hay presencia de invasión;Ninguna;No;No;No;;0;N0;T1b(s)N0M0;5.11;RIESGO BAJO;2024-01-04;2024-01-04;Convencional;Total;Ro- Libre de tumor;;;;;;;Ninguno;Hospital Nacional Edgardo Rebagliati Martins - Perú (PE01U);
374;21-48;MUY BAJO RIESGO;RIESGO BAJO;07752196;21-48;25.32;No;No;Nunca;No;Pruebas no relacionadas;Eutiroideo;7;5;6.20;8.10;13.30;1;Medio;;;;;Si;VI;Un poco;Para nada;Para nada;Para nada;Para nada;Para nada;Un poco;Para nada;Para nada;Un poco;Para nada;Para nada;Un poco;Un poco;Para nada;Para nada;Para nada;Para nada;Un poco;Para nada;Para nada;Para nada;Un poco;Un poco;52;Mujer;;;;Papilar;CPT- Clásica;;Unilateral derecho;No especifica;No hay presencia de invasión;No hay presencia de invasión;Ninguna;No;No;No;;0;N0;T1a(s)N0M0;4.55;RIESGO BAJO;2024-01-08;2024-01-08;Convencional;Total;Ro- Libre de tumor;;;;;;;Ninguno;Hospital Nacional Edgardo Rebagliati Martins - Perú (PE01U);
375;21-49;BAJO RIESGO;RIESGO BAJO;21546400;21-49;25.56;No;No;Nunca;Si;Tamizaje;Eutiroideo;4;4;16.00;11.00;18.00;;;;;;1;Si;VI;Para nada;Para nada;Para nada;Para nada;Para nada;Para nada;Para nada;Para nada;Para nada;Para nada;Para nada;Para nada;Para nada;Para nada;Para nada;Para nada;Para nada;Para nada;Para nada;Para nada;Para nada;Para nada;Para nada;Bastante;49;Hombre;18;16;;Papilar;CPT- Clásica;;Istmo;No especifica;No hay presencia de invasión;Si, no especifica localización;Ninguna;No;No;No;;0;N0;T1b(s)N0M0;4.54;RIESGO BAJO;2023-09-20;2023-09-20;Convencional;Total;Ro- Libre de tumor;;;;;;;Ninguno;Hospital Nacional Edgardo Rebagliati Martins - Perú (PE01U);
376;21-5;RIESGO INTERMEDIO;RIESGO ALTO;05226766;21-5;27.85;No;No;Nunca;No;Nódulo sintomático;Eutiroideo;7;5;20.00;20.00;15.00;;;Polo superior;;1;;No;;Para nada;Un poco;Para nada;Un poco;Bastante;Un poco;Para nada;Un poco;Un poco;Un poco;Para nada;Para nada;Para nada;Un poco;Para nada;Para nada;Para nada;Un poco;Para nada;Un poco;Un poco;Para nada;Un poco;Para nada;61;Mujer;;;;Papilar;CPT- Folicular;;Unilateral izquierdo;No especifica;No hay presencia de invasión;Si, no especifica localización;Invasión a tejido peritiroideo;No;No;No;;0;N0;T4a(s)N1bM0;7.23;RIESGO INTERMEDIO;2023-08-23;2023-08-23;Convencional;Total ampliada a anillos traqueales, laringe, tejidos blandos o piel;R1- Microscópica;;Unilateral;Izquierdo;;;II;Lateral;Hospital Nacional Edgardo Rebagliati Martins - Perú (PE01U);
377;21-50;BAJO RIESGO;RIESGO BAJO;46443108;21-50;27.34;No;No;Nunca;Si;Tamizaje;Eutiroideo;5;4;7.20;4.00;6.40;;;;;;1;Si;VI;Para nada;Para nada;Para nada;Un poco;Para nada;Para nada;Para nada;Para nada;Para nada;Para nada;Para nada;Para nada;Un poco;Para nada;Para nada;Para nada;Para nada;Un poco;Para nada;Para nada;Para nada;Para nada;Bastante;Un poco;32;Mujer;;;;Papilar;CPT- Clásica;;Istmo;No especifica;No hay presencia de invasión;No hay presencia de invasión;Rebasa cápsula/ tejido peritiroideo;No;No;No;;0;N0;T1a(s)N0M0;3.34;RIESGO BAJO;2024-02-10;2024-02-10;Convencional;Lobectomía + Istmectomía;R1- Microscópica;;;;;;;Ninguno;Hospital Nacional Edgardo Rebagliati Martins - Perú (PE01U);
378;21-51;BAJO RIESGO;RIESGO BAJO;21452745;21-51;28.83;No;No;Ex Fumador;Si;Tamizaje;Eutiroideo;6;4;25.00;00.00;20.00;;;Medio;;1;;Si;VI;Para nada;Para nada;Para nada;Para nada;Para nada;Para nada;Para nada;Para nada;Para nada;Para nada;Para nada;Para nada;Para nada;Para nada;Para nada;Para nada;Para nada;Para nada;Para nada;Para nada;Para nada;Para nada;Para nada;Bastante;63;Hombre;17;15;;Papilar;CPT- Clásica;;Unilateral izquierdo;No especifica;No hay presencia de invasión;Si, no especifica localización;Ninguna;No;No;No;;0;N0;T1b(s)N0M0;5.55;RIESGO INTERMEDIO;2024-01-15;2024-01-15;Convencional;Total;R1- Microscópica;;;;;;;Ninguno;Hospital Nacional Edgardo Rebagliati Martins - Perú (PE01U);
379;21-52;MUY BAJO RIESGO;RIESGO BAJO;43058304;21-52;23.19;No;No;Nunca;No;Tamizaje;Hipotiroideo;4;4;10.40;00.00;00.00;2;;;Medio;3;01;Si;VI;Para nada;Para nada;Para nada;Para nada;Para nada;Para nada;Un poco;Para nada;Para nada;Para nada;Para nada;Para nada;Un poco;Un poco;Para nada;Para nada;Para nada;Para nada;Para nada;Para nada;Para nada;Para nada;Para nada;Un poco;38;Mujer;;;;Papilar;CPT- Clásica;;Unilateral derecho;No especifica;No hay presencia de invasión;No hay presencia de invasión;Ninguna;No;No;Si;;0;N0;T1a(s)N0M0;3.34;RIESGO BAJO;2024-02-19;2024-02-19;Convencional;Total;Ro- Libre de tumor;;;;;;;Central;Hospital Nacional Edgardo Rebagliati Martins - Perú (PE01U);
380;21-53;BAJO RIESGO;RIESGO BAJO;07261770;21-53;25.81;No;No;Nunca;Si;Nódulo sintomático;Hipertiroideo;6;4;12.30;10.10;12.80;1;Polo superior;;;;;Si;VI;Para nada;Un poco;Un poco;Para nada;Un poco;Para nada;Para nada;Para nada;Para nada;Para nada;Para nada;Para nada;Para nada;Un poco;Para nada;Para nada;Para nada;Para nada;Para nada;Para nada;Para nada;Para nada;Un poco;Para nada;59;Mujer;12;10;;Papilar;CPT- Clásica;;Unilateral derecho;No especifica;No hay presencia de invasión;No hay presencia de invasión;Ninguna;No;No;No;;0;N0;"	T1b(s)N0M0";5.24;RIESGO BAJO;2024-02-22;2024-02-22;Convencional;Total;Ro- Libre de tumor;;;;;;;Central;Hospital Nacional Edgardo Rebagliati Martins - Perú (PE01U);
381;21-54;RIESGO INTERMEDIO;RIESGO BAJO;08898797;21-54;26.78;No;No;Nunca;No;Tamizaje;Eutiroideo;5;4;12.50;10.00;11.50;;;;Polo superior;;1;Si;VI;Para nada;Para nada;Para nada;Para nada;Un poco;Para nada;Para nada;Para nada;Para nada;Para nada;Para nada;Para nada;Para nada;Para nada;Para nada;Para nada;Para nada;Para nada;Para nada;Para nada;Para nada;Para nada;Para nada;Para nada;59;Mujer;11;10;;Papilar;CPT- Clásica;;Unilateral izquierdo;No especifica;No hay presencia de invasión;Si, no especifica localización;Invasión a tejido peritiroideo;No;No;No;;0;N0;T1b(s)N0M0;6.21;RIESGO INTERMEDIO;2024-02-24;2024-02-24;Convencional;Total ampliada a anillos traqueales, laringe, tejidos blandos o piel;R1- Microscópica;;;;;;;Central;Hospital Nacional Edgardo Rebagliati Martins - Perú (PE01U);
382;21-55;;;08255017;21-55;29.57;No;Si;Ex Fumador;Si;Nódulo sintomático;Eutiroideo;4;4;43.00;36.00;55.00;;;;;1;;Si;IV;Para nada;Un poco;Un poco;Un poco;Un poco;Para nada;Un poco;Para nada;Para nada;Un poco;Para nada;Un poco;Un poco;Un poco;Para nada;Para nada;Un poco;Para nada;Para nada;Un poco;Un poco;Un poco;Para nada;Para nada;88;Hombre;;;Hiperplasia folicular oxifílica multinodular;Otros;;;Unilateral izquierdo;No especifica;No hay presencia de invasión;No hay presencia de invasión;Ninguna;No;No;No;;0;N0;;;;2024-02-26;2024-02-26;Convencional;Lobectomía izquierda;Ro- Libre de tumor;;;;;;;Ninguno;;
383;21-56;BAJO RIESGO;RIESGO BAJO;41448201;21-56;23.78;No;No;Nunca;No;Tamizaje;Eutiroideo;4;4;16.50;12.50;00.00;1;Medio;;;;;Si;V;Para nada;Para nada;Para nada;Para nada;Para nada;Para nada;Para nada;Para nada;Para nada;Para nada;Para nada;Para nada;Para nada;Para nada;Para nada;Para nada;Para nada;Para nada;Para nada;Para nada;Para nada;Para nada;Para nada;Para nada;51;Mujer;20;15;;Papilar;CPT- Clásica;;Unilateral derecho;No especifica;No hay presencia de invasión;No hay presencia de invasión;Ninguna;No;No;No;;0;N0;T1b(s)N0M0;3.96;RIESGO BAJO;2024-03-05;2024-03-05;Convencional;Total;Ro- Libre de tumor;;;;;;;Ninguno;Hospital Nacional Edgardo Rebagliati Martins - Perú (PE01U);
384;21-57;ALTO RIESGO;RIESGO ALTO;10085612;21-57;30.63;No;Si;Nunca;No;Pruebas no relacionadas;Eutiroideo;3;3;16.00;14.00;16.50;1;Medio;Polo inferior;;1;;Si;IV;Para nada;Para nada;Un poco;Un poco;Un poco;Un poco;Para nada;Para nada;Para nada;Para nada;Un poco;Un poco;Para nada;Un poco;Para nada;Para nada;Para nada;Para nada;Para nada;Un poco;Para nada;Para nada;Un poco;Un poco;51;Mujer;20;20;;Folicular;;Desconocida;Bilateral;No especifica;No hay presencia de invasión;No hay presencia de invasión;Ninguna;No;No;No;;0;N0;T1b(s)N0M0;4.68;RIESGO INTERMEDIO;2024-03-20;2024-03-20;Convencional;Total;Ro- Libre de tumor;;;;;;;Ninguno;Hospital Nacional Edgardo Rebagliati Martins - Perú (PE01U);
385;21-58;BAJO RIESGO;RIESGO BAJO;76292922;21-58;17.44;No;No;Nunca;No;Nódulo sintomático;Eutiroideo;5;4;32.30;23.30;44.30;1;Medio;;;;;Si;VI;Para nada;Para nada;Para nada;Un poco;Bastante;Para nada;Para nada;Para nada;Para nada;Para nada;Para nada;Un poco;Para nada;Un poco;Para nada;Para nada;Para nada;Para nada;Para nada;Para nada;Para nada;Para nada;Para nada;Un poco;26;Mujer;23;22;;Papilar;CPT- Clásica;;Unilateral derecho;No especifica;No hay presencia de invasión;Si, no especifica localización;Ninguna;No;No;No;;0;N0;"	T2(s)N0M0";3.79;RIESGO BAJO;2024-03-20;2024-03-20;Convencional;Total;Ro- Libre de tumor;;;;;;;Ninguno;Hospital Nacional Edgardo Rebagliati Martins - Perú (PE01U);
386;21-59;BAJO RIESGO;RIESGO BAJO;02039237;21-59;25.57;No;No;Nunca;No;Nódulo sintomático;Eutiroideo;4;4;21.00;14.00;00.00;1;Polo superior;;;;;Si;V;Para nada;Un poco;Un poco;Para nada;Bastante;Un poco;Para nada;Para nada;Para nada;Un poco;Un poco;Un poco;Para nada;Un poco;Para nada;Para nada;Para nada;Para nada;Para nada;Para nada;Para nada;Para nada;Para nada;Un poco;51;Mujer;17;15;;Papilar;CPT- Clásica;;Istmo;No especifica;No hay presencia de invasión;No hay presencia de invasión;Ninguna;No;No;No;;0;N0;"	T1b(s)N0M0";4.59;RIESGO BAJO;2024-03-23;2024-03-23;Convencional;Total;Ro- Libre de tumor;;;;;;;Ninguno;Hospital Nacional Edgardo Rebagliati Martins - Perú (PE01U);
387;21-6;BAJO RIESGO;RIESGO BAJO;08584675;21-6;27.06;No;Si;Nunca;Si;Tamizaje;Eutiroideo;5;4;11.40;8.20;10.80;1;Polo superior;;;;;Si;V;Un poco;Para nada;Para nada;Un poco;Para nada;Un poco;Un poco;Para nada;Para nada;Un poco;Un poco;Un poco;Un poco;Para nada;Para nada;Para nada;Para nada;Un poco;Un poco;Un poco;Para nada;Para nada;Un poco;Para nada;73;Mujer;;;;Papilar;CPT- Clásica;;Unilateral derecho;No especifica;No hay presencia de invasión;No hay presencia de invasión;Rebasa cápsula/ tejido peritiroideo;No;No;No;;0;N0;T1b(s)N0M0;8.28;RIESGO BAJO;2023-09-21;2023-09-21;Convencional;Total;Ro- Libre de tumor;;;;;;;Ninguno;Hospital Nacional Edgardo Rebagliati Martins - Perú (PE01U);
388;21-60;RIESGO INTERMEDIO;RIESGO BAJO;74118339;21-60;27.34;No;Si;Nunca;No;Tamizaje;Eutiroideo;4;4;13.00;8.00;13.00;1;Polo superior;;;;;Si;VI;Para nada;Para nada;Un poco;Un poco;Para nada;Para nada;Un poco;Para nada;Para nada;Para nada;Para nada;Un poco;Para nada;Para nada;Para nada;Para nada;Para nada;Para nada;Para nada;Para nada;Para nada;Para nada;Para nada;Un poco;28;Mujer;18;12;;Papilar;CPT- Clásica;;Unilateral derecho;No especifica;No hay presencia de invasión;No hay presencia de invasión;Rebasa cápsula/ tejido peritiroideo;No;No;No;;0;N0;T1b(s)N0M0;4.64;RIESGO INTERMEDIO;2024-03-27;2024-03-27;Convencional;Total;R1- Microscópica;;;;;;;Central;Hospital Nacional Edgardo Rebagliati Martins - Perú (PE01U);
389;21-61;BAJO RIESGO;RIESGO BAJO;07212789;21-61;30.04;No;Si;Nunca;Si;Nódulo sintomático;Eutiroideo;6;4;8.70;6.10;8.30;;;;;;2;Si;V;Para nada;Un poco;Un poco;Para nada;Un poco;Para nada;Para nada;Para nada;Para nada;Para nada;Para nada;Un poco;Para nada;Para nada;Para nada;Para nada;Para nada;Para nada;Un poco;Para nada;Para nada;Para nada;Bastante;Para nada;70;Mujer;;;;Papilar;CPT- Folicular;;No especifica;Bilateral;Si, no especifica localización;Si, no especifica localización;Ninguna;No;No;No;T1a;M0;N0;T1a(m)N0M0;5.87;RIESGO BAJO;2024-03-27;2024-03-27;Convencional;Lobectomía izquierda;R1- Microscópica;;;;;;;Ninguno;Hospital Nacional Edgardo Rebagliati Martins - Perú (PE01U);
390;21-62;RIESGO INTERMEDIO;RIESGO BAJO;28801976;21-62;27.87;No;No;Nunca;No;Tamizaje;Eutiroideo;5;4;13.00;10.00;00.00;1;Polo superior;;;;;Si;VI;Para nada;Para nada;Para nada;Un poco;Para nada;Para nada;Para nada;Para nada;Para nada;Para nada;Para nada;Para nada;Para nada;Para nada;Para nada;Para nada;Para nada;Para nada;Un poco;Un poco;Para nada;Para nada;Un poco;Para nada;67;Mujer;40;20;;Papilar;CPT- Clásica;;No especifica;Unilateral derecho;No hay presencia de invasión;Si, no especifica localización;Rebasa cápsula/ tejido peritiroideo;No;No;No;;0;N0;T2(m)N1bM0;7.64;RIESGO INTERMEDIO;2024-03-23;2024-03-23;Convencional;Total;Ro- Libre de tumor;;Unilateral;Derecho;;;II;Central;Hospital Nacional Edgardo Rebagliati Martins - Perú (PE01U);
391;21-63;ALTO RIESGO;RIESGO ALTO;45279703;21-63;22.22;;No;Nunca;No;Nódulo sintomático;Hipotiroideo;5;4;46.40;26.20;43.90;1;;;;;;Si;VI;Para nada;Un poco;Para nada;Un poco;Un poco;Para nada;Para nada;Para nada;Para nada;Para nada;Para nada;Para nada;Para nada;Para nada;Para nada;Para nada;Para nada;Para nada;Para nada;Para nada;Un poco;Para nada;Para nada;Un poco;35;Mujer;65;60;;Papilar;CPT- Clásica;;Unilateral derecho;No especifica;No hay presencia de invasión;Si, no especifica localización;Rebasa cápsula/ tejido peritiroideo;No;No;No;;0;N0;T3a(s)N1bM0;6.05;RIESGO INTERMEDIO;2024-03-26;2024-03-26;Convencional;Total;Ro- Libre de tumor;;Unilateral;Derecho;;;II;Lateral;Hospital Nacional Edgardo Rebagliati Martins - Perú (PE01U);
392;21-64;BAJO RIESGO;RIESGO BAJO;43074173;21-64;34.06;No;No;Actualmente;No;Tamizaje;Eutiroideo;8;5;13.00;13.60;21.40;1;Polo superior;Polo superior;;1;;Si;VI;Para nada;Para nada;Bastante;Para nada;Para nada;Para nada;Para nada;Para nada;Para nada;Para nada;Para nada;Para nada;Para nada;Bastante;Para nada;Para nada;Para nada;Un poco;Para nada;Para nada;Para nada;Para nada;Para nada;Un poco;38;Hombre;14;14;;Papilar;CPT- Clásica;;Unilateral izquierdo;No especifica;Si, no especifica localización;No hay presencia de invasión;Ninguna;No;No;No;;M0;N0;"	T1b(s)N0M0";3.52;RIESGO BAJO;2024-06-13;2024-06-13;Convencional;Total;Ro- Libre de tumor;;;;;;;Ninguno;Hospital Nacional Edgardo Rebagliati Martins - Perú (PE01U);
393;21-65;RIESGO INTERMEDIO;RIESGO ALTO;80071866;21-65;30.18;No;Si;Nunca;No;Nódulo sintomático;Eutiroideo;7;5;34.80;34.70;37.30;;;Polo superior;;1;;Si;VI;Para nada;Un poco;Bastante;Para nada;Un poco;Para nada;Un poco;Para nada;Para nada;Para nada;Para nada;Para nada;Para nada;Un poco;Para nada;Para nada;Para nada;Para nada;Para nada;Para nada;Para nada;Para nada;Un poco;Para nada;45;Mujer;40;35;;Papilar;CPT- Clásica;;Bilateral;No especifica;No hay presencia de invasión;No hay presencia de invasión;Ninguna;No;No;No;;0;N0;T1b(s)N1bM0;4.02;RIESGO INTERMEDIO;2024-04-05;2024-04-05;Convencional;Total;Ro- Libre de tumor;;Unilateral;;;;II;Lateral;Hospital Nacional Edgardo Rebagliati Martins - Perú (PE01U);
394;21-66;BAJO RIESGO;RIESGO BAJO;32955830;21-66;30.06;Si;No;Nunca;No;Pruebas no relacionadas;Eutiroideo;5;4;7.50;6.70;9.80;1;;Medio;;1;;Si;VI;Para nada;Para nada;Para nada;Para nada;Para nada;Para nada;Para nada;Para nada;Para nada;Para nada;Para nada;Para nada;Para nada;Para nada;Para nada;Para nada;Para nada;Para nada;Para nada;Para nada;Para nada;Para nada;Para nada;Para nada;53;Mujer;;;;Papilar;CPT- Células altas;;Unilateral izquierdo;No especifica;No hay presencia de invasión;Si, no especifica localización;Ninguna;No;No;No;;0;N0;T1a(s)N0M0;4.36;RIESGO INTERMEDIO;2024-04-04;2024-04-04;Convencional;Total;Ro- Libre de tumor;;;;;;;Central;Hospital Nacional Edgardo Rebagliati Martins - Perú (PE01U);
395;21-67;RIESGO INTERMEDIO;RIESGO ALTO;05414250;21-67;29.69;No;No;Nunca;No;Nódulo sintomático;Eutiroideo;4;4;32.00;18.00;20.00;;;Polo superior;;1;;Si;VI;Para nada;Bastante;Un poco;Para nada;Un poco;Para nada;Para nada;Para nada;Para nada;Para nada;Para nada;Para nada;Para nada;Para nada;Para nada;Para nada;Para nada;Para nada;Para nada;Para nada;Para nada;Para nada;Para nada;Para nada;65;Mujer;25;20;;Papilar;CPT- Clásica;;Bilateral;No especifica;No hay presencia de invasión;Si, no especifica localización;Rebasa laringe, tráquea, esófago, nervio laríngeo;No;No;No;;0;N0;T4a(s)N1aM0;7.95;RIESGO INTERMEDIO;2024-04-06;2024-04-06;Convencional;Total ampliada a anillos traqueales, laringe, tejidos blandos o piel;R1- Microscópica;;;;;;;Central;Hospital Nacional Edgardo Rebagliati Martins - Perú (PE01U);
396;21-68;;;09282210;21-68;26.93;Si;Si;Ex Fumador;No;Nódulo sintomático;Eutiroideo;4;4;13.00;8.00;12.00;1;Polo inferior;;;;;Si;V;Para nada;Para nada;Para nada;Un poco;Para nada;Un poco;Un poco;Para nada;Para nada;Para nada;Para nada;Para nada;Para nada;Un poco;Para nada;Para nada;Para nada;Para nada;Para nada;Para nada;Para nada;Para nada;Un poco;Un poco;70;Mujer;;;hiperplasia folicular con atipia leve, fibrosis y microcalcificación;Otros;;;No especifica;No especifica;No hay presencia de invasión;No hay presencia de invasión;Ninguna;No;No;No;T0;0;N0;;;;2024-04-01;2024-04-01;Convencional;Total;Ro- Libre de tumor;;;;;;;Ninguno;;
397;21-69;BAJO RIESGO;RIESGO BAJO;22515761;21-69;21.23;No;No;Nunca;Si;Tamizaje;Eutiroideo;7;5;7.00;7.60;8.60;;;Medio;;1;;Si;VI;Un poco;Para nada;Para nada;Un poco;Para nada;Para nada;Para nada;Para nada;Para nada;Para nada;Para nada;Para nada;Para nada;Para nada;Para nada;Para nada;Para nada;Para nada;Para nada;Para nada;Para nada;Para nada;Para nada;Bastante;46;Mujer;;;;Papilar;CPT- Clásica;;Unilateral izquierdo;No especifica;No hay presencia de invasión;No hay presencia de invasión;Ninguna;No;No;No;;0;N0;"	T1a(s)N0M0";3.94;RIESGO BAJO;2024-04-08;2024-04-08;Convencional;Total;Ro- Libre de tumor;;;;;;;Ninguno;Hospital Nacional Edgardo Rebagliati Martins - Perú (PE01U);
398;21-7;BAJO RIESGO;RIESGO BAJO;06057020;21-7;21.48;No;Si;Nunca;Si;Tamizaje;Hipotiroideo;8;5;9.90;13.00;13.00;;Medio;;;;;Si;VI;Para nada;Para nada;Un poco;Un poco;Para nada;Para nada;Un poco;Para nada;Para nada;Un poco;Un poco;Un poco;Un poco;Para nada;Para nada;Un poco;Un poco;Un poco;Para nada;Un poco;Para nada;Un poco;Bastante;Para nada;72;Mujer;18;18;;Papilar;CPT- Folicular;;Unilateral derecho;No especifica;Si, no especifica localización;Si, no especifica localización;Rebasa cápsula/ tejido peritiroideo;No;Desconocido (mx);No;;0;N0;T1b(s)N0M0;8.38;RIESGO INTERMEDIO;2023-10-03;2023-10-03;Convencional;Total;R1- Microscópica;;;;;;;Ninguno;Hospital Nacional Edgardo Rebagliati Martins - Perú (PE01U);
399;21-70;BAJO RIESGO;RIESGO BAJO;07267168;21-70;21.88;No;No;Nunca;No;Nódulo sintomático;Eutiroideo;3;3;34.10;19.10;26.60;2;Polo superior;Polo inferior;;1;;Si;V;Para nada;Para nada;Para nada;Para nada;Un poco;Para nada;Para nada;Para nada;Para nada;Un poco;Para nada;Para nada;Para nada;Para nada;Para nada;Para nada;Para nada;Un poco;Para nada;Para nada;Para nada;Para nada;Un poco;Para nada;50;Mujer;;;;Papilar;CPT- Folicular;;Unilateral izquierdo;No especifica;No hay presencia de invasión;Si, no especifica localización;Ninguna;No;No;No;;0;N0;"	T1a(s)N0M0";4.29;RIESGO BAJO;2024-01-23;2024-01-23;Convencional;Total;Ro- Libre de tumor;;;;;;;Ninguno;Hospital Nacional Edgardo Rebagliati Martins - Perú (PE01U);
400;21-71;BAJO RIESGO;RIESGO BAJO;41855647;21-71;25.67;No;No;Nunca;Si;Tamizaje;Eutiroideo;6;4;13.00;5.00;10.00;1;Polo superior;;;;;Si;VI;Para nada;Para nada;Para nada;Un poco;Para nada;Para nada;Un poco;Para nada;Para nada;Para nada;Para nada;Para nada;Un poco;Para nada;Para nada;Para nada;Para nada;Para nada;Para nada;Para nada;Para nada;Para nada;Un poco;Para nada;40;Mujer;;;;Papilar;CPT- Clásica;;Unilateral derecho;No especifica;No hay presencia de invasión;Si, no especifica localización;Ninguna;No;No;Si;T1a;M0;N0;T1a(s)N0M0;3.43;RIESGO INTERMEDIO;2024-04-22;2024-04-22;Convencional;Total;Ro- Libre de tumor;;;;;;;Ninguno;Hospital Nacional Edgardo Rebagliati Martins - Perú (PE01U);
401;21-72;BAJO RIESGO;RIESGO BAJO;41002688;21-72;24.65;No;No;Nunca;No;Nódulo sintomático;Eutiroideo;6;4;29.00;17.00;13.00;;;Medio;;;1;Si;VI;Para nada;Para nada;Para nada;Para nada;Para nada;Para nada;Para nada;Para nada;Para nada;Para nada;Para nada;Para nada;Para nada;Para nada;Para nada;Para nada;Para nada;Para nada;Para nada;Para nada;Para nada;Para nada;Para nada;Para nada;41;Mujer;18;18;;Papilar;CPT- Clásica;;Bilateral;Bilateral;Si, no especifica localización;No hay presencia de invasión;Ninguna;Si;No;No;T1b;M0;N1b;T1b(m)N1bM0;3.90;RIESGO BAJO;2024-04-16;2024-04-16;Convencional;Total ampliada a anillos traqueales, laringe, tejidos blandos o piel;Ro- Libre de tumor;;Unilateral;;;;II;Lateral;Hospital Nacional Edgardo Rebagliati Martins - Perú (PE01U);
402;21-73;BAJO RIESGO;RIESGO BAJO;10482121;21-73;25.91;No;No;Nunca;No;Tamizaje;Eutiroideo;8;5;28.00;16.00;15.00;1;Polo superior;;;;;Si;V;Para nada;Para nada;Para nada;Para nada;Para nada;Para nada;Para nada;Para nada;Para nada;Para nada;Para nada;Para nada;Para nada;Para nada;Para nada;Para nada;Para nada;Para nada;Para nada;Para nada;Para nada;Para nada;Un poco;Un poco;74;Mujer;38;38;;Folicular;;CTF- Mínimamente invasivo;Unilateral derecho;No especifica;No hay presencia de invasión;No hay presencia de invasión;Ninguna;No;No;No;T2;M0;N0;T2(s)N0M0;7.06;RIESGO BAJO;2024-04-22;2024-04-22;Convencional;Total;Ro- Libre de tumor;;;;;;;Ninguno;;
403;21-74;RIESGO INTERMEDIO;RIESGO BAJO;74966760;21-74;35.16;No;No;Nunca;Si;Nódulo sintomático;Eutiroideo;7;5;47.30;37.80;39.20;1;;;;2;1;Si;VI;Para nada;Un poco;Para nada;Un poco;Un poco;Para nada;Para nada;Para nada;Para nada;Para nada;Un poco;Para nada;Para nada;Para nada;Para nada;Para nada;Para nada;Para nada;Para nada;Para nada;Para nada;Para nada;Un poco;Para nada;27;Mujer;90;50;;Papilar;CPT- Clásica;;Bilateral;Bilateral;No hay presencia de invasión;Si, no especifica localización;Invasión a tejido peritiroideo;Si;No;No;T3a;M0;N1b;"	T3a(s)N1bM0";5.80;RIESGO INTERMEDIO;2024-05-20;2024-05-20;Convencional;Total ampliada a anillos traqueales, laringe, tejidos blandos o piel;R1- Microscópica;;Bilateral;;II;II;;Lateral;Hospital Nacional Edgardo Rebagliati Martins - Perú (PE01U);
404;21-75;BAJO RIESGO;RIESGO BAJO;09780067;21-75;28.2;No;No;Nunca;No;Tamizaje;Hipotiroideo;4;4;10.90;10.60;9.30;;;Polo superior;;01;;Si;VI;Para nada;Para nada;Para nada;Para nada;Para nada;Para nada;Para nada;Para nada;Para nada;Para nada;Para nada;Para nada;Para nada;Para nada;Para nada;Para nada;Para nada;Un poco;Para nada;Para nada;Para nada;Para nada;Un poco;Un poco;49;Mujer;15;11;;Papilar;CPT- Clásica;;Unilateral izquierdo;No especifica;No hay presencia de invasión;No hay presencia de invasión;Ninguna;;No;No;T1b;M0;N0;"	T1b(s)N0M0";4.37;RIESGO BAJO;2024-05-23;2024-05-23;Convencional;Total;Ro- Libre de tumor;;;;;;;Ninguno;Hospital Nacional Edgardo Rebagliati Martins - Perú (PE01U);
405;21-76;ALTO RIESGO;RIESGO ALTO;10608099;21-76;20.61;Si;No;Ex Fumador;Si;Tamizaje;Eutiroideo;5;4;27.90;23.20;6.70;1;Polo superior;Medio;Polo inferior;1;1;Si;VI;Para nada;Un poco;Para nada;Para nada;Un poco;Para nada;Para nada;Para nada;Para nada;Para nada;Un poco;Para nada;Para nada;Para nada;Para nada;Para nada;Para nada;Para nada;Para nada;Para nada;Para nada;Para nada;Para nada;Para nada;78;Mujer;36;27;;Papilar;CPT- Clásica;;Unilateral izquierdo;No especifica;No hay presencia de invasión;Si, no especifica localización;Rebasa músculo pretiroideo;Si;No;No;T4a;M0;N1b;T4a(s)N1bM0;9.48;RIESGO INTERMEDIO;2024-05-23;2024-05-23;Convencional;Total ampliada a anillos traqueales, laringe, tejidos blandos o piel;R1- Microscópica;Derecho;Unilateral;Izquierdo;;;II;Central;Hospital Nacional Edgardo Rebagliati Martins - Perú (PE01U);
406;21-77;BAJO RIESGO;RIESGO BAJO;72676920;21-77;23.53;No;Si;Nunca;Si;Tamizaje;Hipotiroideo;2;2;8.00;5.00;6.00;;;Medio;;1;;No;;Para nada;Para nada;Para nada;Para nada;Para nada;Un poco;Para nada;Un poco;Para nada;Para nada;Para nada;Para nada;Un poco;Para nada;Para nada;Para nada;Para nada;Para nada;Para nada;Para nada;Un poco;Para nada;Un poco;Un poco;26;Mujer;;;;Papilar;CPT- Clásica;;Unilateral izquierdo;No especifica;No hay presencia de invasión;No hay presencia de invasión;;No;No;No;T1a;M0;Nx;"	T1a(s)N0M0";3.19;RIESGO BAJO;2024-07-30;2024-07-30;Convencional;Total;Ro- Libre de tumor;;;;;;;Central;Hospital Nacional Edgardo Rebagliati Martins - Perú (PE01U);
407;21-78;RIESGO INTERMEDIO;RIESGO BAJO;45008219;21-78;24.14;No;No;Ex Fumador;No;Tamizaje;Hipertiroideo;5;4;10.00;8.00;8.00;;;Medio;;1;;Si;VI;Un poco;Un poco;Para nada;Para nada;Para nada;Para nada;Para nada;Para nada;Un poco;Para nada;Para nada;Para nada;Para nada;Para nada;Para nada;Para nada;Para nada;Un poco;Para nada;Para nada;Para nada;Para nada;Un poco;Un poco;38;Mujer;22;20;;Papilar;CPT- Clásica;;Bilateral;No especifica;No hay presencia de invasión;Si, no especifica localización;Rebasa cápsula/ tejido peritiroideo;Si;No;No;T2;M0;N1a;T2(m)N1aM0;3.76;RIESGO INTERMEDIO;2024-06-06;2024-06-06;Convencional;Total;R1- Microscópica;;;;;;;Central;Hospital Nacional Edgardo Rebagliati Martins - Perú (PE01U);
408;21-79;RIESGO INTERMEDIO;RIESGO ALTO;09047236;21-79;25.39;No;;Nunca;No;Tamizaje;Eutiroideo;4;4;39.00;22.00;25.00;;Medio;;;1;1;Si;VI;Para nada;Un poco;Para nada;Para nada;Bastante;Para nada;Para nada;Para nada;Para nada;Un poco;Para nada;Para nada;Para nada;Para nada;Un poco;Para nada;Para nada;Para nada;Para nada;Un poco;Para nada;Para nada;Para nada;Para nada;61;Mujer;48;45;;Papilar;CPT- Clásica;;Bilateral;No especifica;Si, no especifica localización;No hay presencia de invasión;Rebasa cápsula/ tejido peritiroideo;Si;No;No;T3a;M0;N1b;T3a(m)N1bM0;6.54;RIESGO INTERMEDIO;2024-06-10;2024-06-10;Convencional;Total ampliada a anillos traqueales, laringe, tejidos blandos o piel;R1- Microscópica;;Unilateral;Derecho;;;II;Lateral;Hospital Nacional Edgardo Rebagliati Martins - Perú (PE01U);
409;21-8;BAJO RIESGO;RIESGO BAJO;10459914;21-8;26.67;No;No;Nunca;No;Nódulo sintomático;Eutiroideo;8;5;9.50;11.00;7.70;;;Medio;;2;;Si;VI;Para nada;Un poco;Para nada;Un poco;Un poco;Para nada;Un poco;Para nada;Un poco;Para nada;Para nada;Un poco;Para nada;Un poco;Para nada;Para nada;Para nada;Un poco;Para nada;Para nada;Para nada;Para nada;Un poco;Para nada;58;Mujer;12;10;;Papilar;CPT- Clásica;;No especifica;Bilateral;Si, no especifica localización;Si, no especifica localización;Rebasa cápsula/ tejido peritiroideo;No;No;Si;;0;N0;T1b(s)N0M0;6.08;RIESGO INTERMEDIO;2023-10-21;2023-10-21;Convencional;Total;R1- Microscópica;Derecho;;;;;;Central;Hospital Nacional Edgardo Rebagliati Martins - Perú (PE01U);
410;21-80;RIESGO INTERMEDIO;RIESGO BAJO;42830577;21-80;29.3;No;No;Nunca;Si;Tamizaje;Eutiroideo;4;4;13.00;12.60;6.60;;;Polo superior;;2;;Si;VI;Para nada;Para nada;Para nada;Para nada;Para nada;Para nada;Para nada;Para nada;Para nada;Un poco;Para nada;Un poco;Para nada;Bastante;Para nada;Para nada;Para nada;Para nada;Para nada;Un poco;Para nada;Para nada;Un poco;Para nada;37;Mujer;15;15;;Papilar;CPT- Clásica;;Unilateral izquierdo;No especifica;Si, no especifica localización;Si, no especifica localización;Rebasa cápsula/ tejido peritiroideo;Si;No;No;T1b;M0;N1a;T1b(s)N1aM0;4.55;RIESGO INTERMEDIO;2024-06-22;2024-06-22;Convencional;Total;R1- Microscópica;;;;;;;Central;Hospital Nacional Edgardo Rebagliati Martins - Perú (PE01U);
411;21-81;RIESGO INTERMEDIO;RIESGO BAJO;60882755;21-81;20.7;No;No;Nunca;No;Nódulo sintomático;Eutiroideo;4;4;9.00;5.80;6.30;;;Medio;;;;Si;VI;Para nada;Para nada;Para nada;Para nada;Un poco;Para nada;Para nada;Para nada;Para nada;Para nada;Para nada;Para nada;Para nada;Para nada;Para nada;Para nada;Para nada;Para nada;Para nada;Para nada;Para nada;Para nada;Para nada;Para nada;17;Hombre;;;;Papilar;CPT- Clásica;;Unilateral izquierdo;No especifica;No hay presencia de invasión;Si, no especifica localización;Rebasa cápsula/ tejido peritiroideo;No;No;No;T1a;M0;N1a;T1a(s)N0M0;4.25;RIESGO INTERMEDIO;2024-06-15;2024-06-15;Convencional;Total;Ro- Libre de tumor;;;;;;;Central;Hospital Nacional Edgardo Rebagliati Martins - Perú (PE01U);
412;21-82;RIESGO INTERMEDIO;RIESGO BAJO;33341991;21-82;25.87;No;No;Nunca;Si;Tamizaje;Eutiroideo;6;4;12.80;12.40;17.60;;;;;;1;Si;VI;Para nada;Para nada;Para nada;Para nada;Para nada;Para nada;Para nada;Para nada;Para nada;Para nada;Para nada;Para nada;Para nada;Para nada;Para nada;Un poco;Para nada;Un poco;Para nada;Para nada;Para nada;Para nada;Para nada;Un poco;50;Mujer;14;14;;Papilar;CPT- Clásica;;Istmo;No especifica;No hay presencia de invasión;Si, no especifica localización;Rebasa cápsula/ tejido peritiroideo;No;No;No;T1b;M0;Nx;"	T1b(s)N0M0";5.58;RIESGO INTERMEDIO;2024-06-25;2024-06-25;Convencional;Total;R1- Microscópica;;;;;;;Ninguno;Hospital Nacional Edgardo Rebagliati Martins - Perú (PE01U);
413;21-83;BAJO RIESGO;RIESGO BAJO;70017811;21-83;22.94;No;Si;Nunca;Si;Imagen incidental;Hipertiroideo;11;5;10.00;12.00;13.00;1;;;;;;Si;VI;Para nada;Para nada;Para nada;Un poco;Para nada;Para nada;Para nada;Para nada;Para nada;Para nada;Para nada;Un poco;Para nada;Para nada;Para nada;Para nada;Para nada;Bastante;Para nada;Un poco;Para nada;Para nada;Para nada;Un poco;36;Mujer;15;15;;Papilar;CPT- Clásica;;Unilateral derecho;No especifica;Si, no especifica localización;Si, no especifica localización;Rebasa cápsula/ tejido peritiroideo;Si;No;No;T1b;M0;N1a;T1b(s)N1aM0;3.55;RIESGO BAJO;2024-05-21;2024-05-21;Convencional;Total;Ro- Libre de tumor;;;;;;;Ninguno;Hospital Nacional Edgardo Rebagliati Martins - Perú (PE01U);
414;21-84;MUY BAJO RIESGO;RIESGO BAJO;21435785;21-84;32.44;No;Si;Nunca;Si;Nódulo sintomático;Hipertiroideo;4;4;8.00;6.00;6.20;1;;;;;;No;;Un poco;Para nada;Un poco;Un poco;Para nada;Para nada;Para nada;Para nada;Para nada;Para nada;Para nada;Para nada;Para nada;Bastante;Para nada;Para nada;Para nada;Un poco;Para nada;Para nada;Para nada;Para nada;Un poco;Un poco;58;Mujer;;;;Papilar;CPT- Clásica;;Bilateral;No especifica;No hay presencia de invasión;No hay presencia de invasión;Ninguna;No;No;No;;0;N0;T1a(s)N0M0;4.96;RIESGO BAJO;2023-12-04;2023-12-04;Convencional;Total;Ro- Libre de tumor;;;;;;;Ninguno;Hospital Nacional Edgardo Rebagliati Martins - Perú (PE01U);
415;21-85;BAJO RIESGO;RIESGO BAJO;21408465;21-85;32.41;No;No;Ex Fumador;No;Nódulo sintomático;Eutiroideo;4;4;14.00;13.00;12.40;;;Medio;;1;;Si;VI;Para nada;Para nada;Para nada;Para nada;Para nada;Para nada;Un poco;Para nada;Para nada;Para nada;Para nada;Para nada;Un poco;Para nada;Un poco;Para nada;Para nada;Para nada;Para nada;Para nada;Para nada;Para nada;Para nada;Un poco;62;Hombre;12;10;;Papilar;CPT- Clásica;;Unilateral izquierdo;No especifica;No hay presencia de invasión;No hay presencia de invasión;Ninguna;No;No;No;;0;N0;T1b(s)N0M0;5.08;RIESGO BAJO;2023-12-18;2023-12-18;Convencional;Total;R1- Microscópica;;;;;;;Ninguno;Hospital Nacional Edgardo Rebagliati Martins - Perú (PE01U);
416;21-86;BAJO RIESGO;RIESGO BAJO;25837729;21-86;26.49;Si;No;Nunca;Si;Tamizaje;Hipotiroideo;5;4;22.00;12.00;14.50;;;;;1;;Si;V;Para nada;Para nada;Para nada;Para nada;Para nada;Para nada;Para nada;Para nada;Para nada;Para nada;Para nada;Para nada;Para nada;Para nada;Para nada;Para nada;Para nada;Para nada;Para nada;Para nada;Para nada;Para nada;Para nada;Un poco;48;Mujer;15;12;;Papilar;CPT- Clásica;;Unilateral izquierdo;No especifica;Si, no especifica localización;No hay presencia de invasión;Ninguna;No;No;No;;0;N0;T1b(s)N0M0;4.37;RIESGO BAJO;2023-12-30;2023-12-30;Convencional;Total;Ro- Libre de tumor;;;;;;;Ninguno;Hospital Nacional Edgardo Rebagliati Martins - Perú (PE01U);
417;21-87;MUY BAJO RIESGO;RIESGO BAJO;31661586;21-87;31.3;No;No;Nunca;Si;Tamizaje;Hipotiroideo;5;4;11.00;9.00;10.00;1;Medio;;;;;Si;VI;Para nada;Para nada;Para nada;Para nada;Para nada;Para nada;Para nada;Para nada;Para nada;Para nada;Para nada;Para nada;Un poco;Para nada;Para nada;Para nada;Para nada;Para nada;Para nada;Para nada;Un poco;Para nada;Para nada;Un poco;51;Hombre;;;;Papilar;CPT- Clásica;;Unilateral derecho;No especifica;No hay presencia de invasión;No hay presencia de invasión;Ninguna;No;No;Si;;0;N0;T1a(s)N0M0;4.37;RIESGO BAJO;2024-01-23;2024-01-23;Convencional;Total;Ro- Libre de tumor;;;;;;;Ninguno;Hospital Nacional Edgardo Rebagliati Martins - Perú (PE01U);
418;21-88;BAJO RIESGO;RIESGO BAJO;16724241;21-88;27.3;No;No;Nunca;No;Nódulo sintomático;Eutiroideo;4;4;18.00;13.50;18.00;1;Polo inferior;;;;;Si;VI;Para nada;Un poco;Un poco;Un poco;Un poco;Para nada;Para nada;Para nada;Para nada;Para nada;Para nada;Para nada;Para nada;Para nada;Para nada;Para nada;Para nada;Para nada;Para nada;Para nada;Para nada;Para nada;Para nada;Un poco;50;Mujer;17;14;;Papilar;CPT- Clásica;;Unilateral derecho;No especifica;No hay presencia de invasión;No hay presencia de invasión;Ninguna;No;No;Si;;0;N0;T1b(s)N0M0;4.51;RIESGO BAJO;2024-01-25;2024-01-25;Convencional;Total;Ro- Libre de tumor;;;;;;;Central;Hospital Nacional Edgardo Rebagliati Martins - Perú (PE01U);
419;21-89;BAJO RIESGO;RIESGO BAJO;07849711;21-89;27.05;No;No;Nunca;No;Nódulo sintomático;Eutiroideo;6;4;17.90;16.50;18.90;;;Polo superior;;1;;Si;VI;Para nada;Un poco;Bastante;Un poco;Un poco;Para nada;Para nada;Para nada;Para nada;Para nada;Para nada;Para nada;Para nada;Para nada;Para nada;Para nada;Para nada;Para nada;Para nada;Para nada;Para nada;Para nada;Para nada;Para nada;64;Mujer;;;;Papilar;CPT- Clásica;;Bilateral;No especifica;No hay presencia de invasión;Si, no especifica localización;Ninguna;No;No;Si;;0;N0;"	T1a(s)N0M0";5.47;RIESGO BAJO;2024-01-23;2024-01-23;Convencional;Total;Ro- Libre de tumor;;;;;;;Ninguno;Hospital Nacional Edgardo Rebagliati Martins - Perú (PE01U);
420;21-9;RIESGO INTERMEDIO;RIESGO ALTO;08841767;21-9;24.15;No;Si;Nunca;Si;Tamizaje;Eutiroideo;5;4;32.00;22.00;24.00;;;Medio;;;;Si;VI;Para nada;Para nada;Un poco;Un poco;Un poco;Para nada;Para nada;Para nada;Para nada;Un poco;Para nada;Un poco;Para nada;Para nada;Un poco;Un poco;Para nada;Un poco;Un poco;Un poco;Un poco;Para nada;Un poco;Para nada;74;Mujer;30;27;;Papilar;CPT- Folicular;;Unilateral izquierdo;Unilateral izquierdo;No hay presencia de invasión;Si, no especifica localización;Invasión a tejido peritiroideo;;No;No;T2;0;;"	T4a(s)N0M0";7.82;RIESGO INTERMEDIO;2023-09-28;2023-09-28;Convencional;Total;R1- Microscópica;Izquierdo;;;;;;Central;Hospital Nacional Edgardo Rebagliati Martins - Perú (PE01U);
421;21-90;BAJO RIESGO;RIESGO BAJO;21288582;21-90;41.62;No;No;Ex Fumador;Si;Nódulo sintomático;Hipotiroideo;4;4;86.00;66.00;127.00;;Medio;;;;;Si;VI;Para nada;Bastante;Un poco;Para nada;Bastante;Para nada;Para nada;Un poco;Para nada;Para nada;Para nada;Para nada;Para nada;Un poco;Para nada;Para nada;Para nada;Para nada;Para nada;Un poco;Para nada;Para nada;Un poco;Para nada;62;Mujer;;;;Papilar;Desconocida;;No especifica;Unilateral izquierdo;No hay presencia de invasión;No hay presencia de invasión;Ninguna;No;No;No;;0;N0;T1a(s)N0M0;5.28;RIESGO BAJO;2024-01-25;2024-01-25;Convencional;Total;Ro- Libre de tumor;;;;;;;Ninguno;Hospital Nacional Edgardo Rebagliati Martins - Perú (PE01U);
422;21-91;BAJO RIESGO;RIESGO BAJO;31624943;21-91;28.3;No;Si;Nunca;Si;Imagen incidental;Eutiroideo;6;4;14.60;10.90;11.00;;;Polo superior;;1;;Si;VI;Para nada;Para nada;Para nada;Para nada;Para nada;Para nada;Para nada;Para nada;Para nada;Para nada;Para nada;Para nada;Para nada;Para nada;Para nada;Para nada;Para nada;Un poco;Para nada;Un poco;Un poco;Para nada;Para nada;Para nada;58;Mujer;14;9;;Papilar;CPT- Clásica;;Unilateral izquierdo;No especifica;No hay presencia de invasión;No hay presencia de invasión;Rebasa cápsula/ tejido peritiroideo;No;No;No;;0;N0;"	T1b(s)N0M0";5.14;RIESGO BAJO;2024-01-29;2024-01-29;Convencional;Total;Ro- Libre de tumor;;;;;;;Ninguno;Hospital Nacional Edgardo Rebagliati Martins - Perú (PE01U);
423;21-92;BAJO RIESGO;RIESGO BAJO;08260535;21-92;27.34;No;No;Nunca;No;Tamizaje;Eutiroideo;5;4;36.00;29.00;46.00;2;;;;;;Si;VI;Para nada;Para nada;Para nada;Para nada;Un poco;Para nada;Un poco;Para nada;Para nada;Para nada;Un poco;Para nada;Para nada;Para nada;Para nada;Para nada;Para nada;Para nada;Para nada;Para nada;Para nada;Para nada;Para nada;Para nada;75;Hombre;16;18;;Papilar;CPT- Clásica;;Unilateral derecho;No especifica;No hay presencia de invasión;No hay presencia de invasión;Invasión a tejido peritiroideo;No;No;No;;0;N0;T1b(s)N0M0;6.70;RIESGO BAJO;2024-02-01;2024-02-01;;Total;Ro- Libre de tumor;;;;;;;Ninguno;Hospital Nacional Edgardo Rebagliati Martins - Perú (PE01U);
424;21-93;RIESGO INTERMEDIO;RIESGO ALTO;09574303;21-93;25.33;No;No;Nunca;No;Tamizaje;Eutiroideo;5;4;29.00;27.90;19.40;;;Polo superior;;2;;Si;VI;Para nada;Para nada;Para nada;Para nada;Para nada;Para nada;Para nada;Para nada;Para nada;Para nada;Para nada;Para nada;Para nada;Para nada;Para nada;Para nada;Para nada;Para nada;Para nada;Para nada;Para nada;Para nada;Para nada;Un poco;53;Mujer;24;15;;Medular;;;Unilateral izquierdo;No especifica;No hay presencia de invasión;No hay presencia de invasión;Ninguna;No;No;No;T2;M0;N0;T2(s)N0M0;5.04;RIESGO INTERMEDIO;2024-01-30;2024-01-30;Convencional;Total;Ro- Libre de tumor;;Bilateral;;II;II;;Central;;
425;21-94;RIESGO INTERMEDIO;RIESGO BAJO;32403131;21-94;22.04;Si;Si;Nunca;Si;Nódulo sintomático;Eutiroideo;7;5;15.40;13.50;14.90;1;;;;;;Si;VI;Para nada;Un poco;Para nada;Un poco;Un poco;Para nada;Para nada;Para nada;Para nada;Para nada;Para nada;Para nada;Para nada;Para nada;Para nada;Para nada;Para nada;Un poco;Para nada;Para nada;Para nada;Para nada;Para nada;Un poco;49;Mujer;12;10;;Papilar;CPT- Clásica;;Bilateral;;;;Rebasa cápsula/ tejido peritiroideo;No;No;No;;0;N0;T1b(s)N0M0;6.52;RIESGO INTERMEDIO;2024-02-10;2024-02-10;Convencional;Total;R1- Microscópica;;;;;;;Central;Hospital Nacional Edgardo Rebagliati Martins - Perú (PE01U);
426;21-95;BAJO RIESGO;RIESGO BAJO;09679848;21-95;31.85;Si;No;Nunca;No;Nódulo sintomático;Eutiroideo;5;4;17.00;11.00;14.00;1;;;;;;Si;VI;Para nada;Un poco;Para nada;Para nada;Un poco;Para nada;Para nada;Para nada;Para nada;Para nada;Para nada;Para nada;Para nada;Un poco;Para nada;Para nada;Para nada;Para nada;Para nada;Para nada;Para nada;Para nada;Para nada;Un poco;48;Mujer;17;17;;Papilar;CPT- Clásica;;Bilateral;No especifica;No hay presencia de invasión;No hay presencia de invasión;Ninguna;No;No;No;;0;N0;T1b(s)N0M0;4.43;RIESGO BAJO;2024-02-08;2024-02-08;Convencional;Total;Ro- Libre de tumor;;;;;;;Ninguno;Hospital Nacional Edgardo Rebagliati Martins - Perú (PE01U);
427;21-96;RIESGO INTERMEDIO;RIESGO BAJO;10797636;21-96;22.37;Si;Si;Nunca;Si;Imagen incidental;Eutiroideo;5;4;13.60;9.70;12.30;1;;;;1;;Si;VI;Para nada;Para nada;Para nada;Para nada;Para nada;Para nada;Para nada;Un poco;Para nada;Para nada;Para nada;Para nada;Para nada;Para nada;Para nada;Un poco;Para nada;Para nada;Para nada;Para nada;Para nada;Para nada;Un poco;Un poco;45;Mujer;;;;Papilar;CPT- Clásica;;No especifica;Unilateral derecho;No hay presencia de invasión;No hay presencia de invasión;Ninguna;No;No;No;;0;N0;T1A(s)N0M0;3.98;RIESGO INTERMEDIO;2024-02-23;2024-02-23;Convencional;Total;Ro- Libre de tumor;;;;;;;Ninguno;Hospital Nacional Edgardo Rebagliati Martins - Perú (PE01U);
428;21-97;RIESGO INTERMEDIO;RIESGO BAJO;05402501;21-97;27.29;No;No;Nunca;No;Nódulo sintomático;Eutiroideo;5;4;12.00;10.00;10.00;1;;;;1;1;Si;VI;Para nada;Para nada;Para nada;Para nada;Un poco;Para nada;Para nada;Para nada;Para nada;Para nada;Para nada;Para nada;Para nada;Para nada;Para nada;Para nada;Para nada;Para nada;Para nada;Para nada;Para nada;Para nada;Para nada;Un poco;45;Mujer;12;12;;Papilar;CPT- Clásica;;Istmo;No especifica;No hay presencia de invasión;Si, no especifica localización;Invasión a tejido peritiroideo;No;No;No;T1b;M0;N0;T1b(s)N0M0;5.12;RIESGO INTERMEDIO;2024-03-22;2024-03-22;Convencional;Total;R1- Microscópica;;;;;;;Ninguno;Hospital Nacional Edgardo Rebagliati Martins - Perú (PE01U);
429;21-98;MUY BAJO RIESGO;RIESGO BAJO;10614658;21-98;26.64;No;No;Nunca;Si;Nódulo sintomático;Eutiroideo;4;4;25.00;16.00;23.00;2;;;;1;;Si;IV;Para nada;Un poco;Para nada;Un poco;Un poco;Para nada;Para nada;Para nada;Para nada;Para nada;Un poco;Para nada;Para nada;Un poco;Para nada;Para nada;Para nada;Para nada;Para nada;Para nada;Para nada;Para nada;Para nada;Un poco;45;Mujer;;;;Papilar;CPT- Folicular;;Unilateral derecho;No especifica;No hay presencia de invasión;No hay presencia de invasión;Ninguna;No;No;No;;0;N0;T1a(s)N0M0;3.77;RIESGO BAJO;2024-04-18;2024-04-18;Convencional;Total;Ro- Libre de tumor;;;;;;;Ninguno;Hospital Nacional Edgardo Rebagliati Martins - Perú (PE01U);
430;21-99;RIESGO INTERMEDIO;RIESGO BAJO;06905249;21-99;26.22;No;No;Nunca;No;Tamizaje;Eutiroideo;8;5;5.70;6.70;7.00;1;;;;;1;Si;VI;Para nada;Para nada;Un poco;Para nada;Para nada;Para nada;Para nada;Para nada;Para nada;Para nada;Para nada;Para nada;Para nada;Para nada;Para nada;Para nada;Para nada;Para nada;Para nada;Para nada;Para nada;Para nada;Para nada;Para nada;66;Mujer;;;;Papilar;CPT- Clásica;;Unilateral derecho;No especifica;No hay presencia de invasión;No hay presencia de invasión;Rebasa cápsula/ tejido peritiroideo;No;No;No;;0;N0;T1a(s)N0M0;5.57;RIESGO INTERMEDIO;2024-04-12;2024-04-12;Convencional;Total;Ro- Libre de tumor;;;;;;;Ninguno;Hospital Nacional Edgardo Rebagliati Martins - Perú (PE01U);
431;22-1;RIESGO INTERMEDIO;RIESGO BAJO;37801857;22-1;32.66;Si;No;Nunca;No;Tamizaje;Eutiroideo;7;5;9.00;11.00;0.00;1;Medio;;;;;Si;VI;Para nada;Para nada;Para nada;Para nada;Para nada;Para nada;Para nada;Para nada;Para nada;Para nada;Para nada;Para nada;Para nada;Para nada;Para nada;Para nada;Para nada;Para nada;Para nada;Para nada;Para nada;Para nada;Para nada;Un poco;51;Mujer;12;9;;Papilar;CPT- Clásica;;Unilateral derecho;;Unilateral derecho;Unilateral derecho;Invasión a tejido peritiroideo;No;No;No;;0;N0;T1bN0M0;5.44;RIESGO INTERMEDIO;2024-01-17;2024-01-20;Convencional;Total;R2- Macroscópica;;;;;;;Ninguno;;
432;22-2;ALTO RIESGO;RIESGO ALTO;42293041;22-2;40;No;No;Nunca;Si;Nódulo sintomático;Eutiroideo;5;4;74.00;52.00;39.00;1;;;;;;No;;Para nada;Para nada;Un poco;Un poco;Para nada;Para nada;Para nada;Para nada;Para nada;Para nada;Para nada;Para nada;Para nada;Para nada;Para nada;Para nada;Para nada;Para nada;Para nada;Para nada;Para nada;Para nada;Para nada;Un poco;46;Mujer;20;13;;Papilar;CPT- Folicular;;;Bilateral;No hay presencia de invasión;No hay presencia de invasión;Rebasa músculo pretiroideo;No;No;No;;M0;N0;T3bN0M0;4.28;RIESGO ALTO;2024-05-29;2024-06-04;Convencional;Total;R2- Macroscópica;;;;;;;Ninguno;;
433;22-3;RIESGO INTERMEDIO;RIESGO ALTO;18677370;22-3;27.04;No;No;Nunca;Si;Nódulo sintomático;Eutiroideo;6;4;70.00;130.00;58.00;;;Polo inferior;;1;;Si;VI;Para nada;Para nada;Un poco;Para nada;Para nada;Un poco;Para nada;Para nada;Para nada;Para nada;Para nada;Para nada;Para nada;Para nada;Para nada;Para nada;Para nada;Para nada;Para nada;Para nada;Para nada;Para nada;Un poco;Un poco;57;Hombre;76;45;;Papilar;CPT- Folicular;;;Bilateral;No hay presencia de invasión;No hay presencia de invasión;Ninguna;No;No;No;;M0;N0;T3aN0M0;6.84;RIESGO INTERMEDIO;2024-09-06;2024-09-20;Convencional;Total ampliada a anillos traqueales, laringe, tejidos blandos o piel;R2- Macroscópica;;;;;;;Ninguno;;
434;22-4;;;44629373;22-4;24.03;No;No;Nunca;No;Tamizaje;Eutiroideo;3;3;12.00;7.00;8.00;;Medio;;;;;Si;IV;Para nada;Para nada;Para nada;Para nada;Para nada;Un poco;Para nada;Para nada;Para nada;Para nada;Para nada;Para nada;Para nada;Para nada;Para nada;Para nada;Para nada;Para nada;Para nada;Para nada;Para nada;Para nada;Para nada;Para nada;43;Mujer;;;;;;;;;;;;;;;;;;;;;2024-10-28;2024-08-31;Convencional;Total;R2- Macroscópica;;;;;;;Ninguno;;
435;22-5;BAJO RIESGO;RIESGO BAJO;45566720;22-5;19.15;No;No;Actualmente;No;Nódulo sintomático;Eutiroideo;3;3;38.00;27.00;22.00;;;Medio;;1;;Si;VI;Para nada;Bastante;Para nada;Para nada;Bastante;Para nada;Para nada;Para nada;Para nada;Para nada;Un poco;Para nada;Para nada;Para nada;Para nada;Para nada;Para nada;Para nada;Para nada;Para nada;Para nada;Para nada;Para nada;Un poco;45;Mujer;35;24;;Medular;;;;;;Unilateral izquierdo;Invasión a tejido peritiroideo;Si;No;No;T2;M0;N1a;;4.28;RIESGO BAJO;2025-03-05;2025-03-17;Convencional;Total;;;;;;;;Central;;
436;22-6;BAJO RIESGO;RIESGO BAJO;44864153;22-6;26.4;No;No;Nunca;No;Nódulo sintomático;Eutiroideo;3;3;16.00;31.00;12.00;;;;Polo superior;;1;Si;V;Para nada;Para nada;Para nada;Para nada;Para nada;Para nada;Para nada;Para nada;Para nada;Para nada;Mucho;Mucho;Para nada;Para nada;Para nada;Para nada;Para nada;Para nada;Para nada;Para nada;Para nada;Para nada;Para nada;Para nada;35;Mujer;30;20;;Papilar;CPT- Clásica;;Istmo;;No hay presencia de invasión;No hay presencia de invasión;Ninguna;No;No;Si;T2;M0;N0;T2N0M0;1.40;RIESGO BAJO;2024-09-25;2024-10-07;Convencional;Total;;Derecho;;;;;;Central;;
437;22-7;;;53764302;22-7;38.77;No;No;Actualmente;No;Nódulo sintomático;Eutiroideo;3;3;66.00;41.00;63.00;;;Medio;;1;;Si;V;Un poco;Un poco;Para nada;Para nada;Un poco;Un poco;Para nada;Para nada;Para nada;Un poco;Un poco;Para nada;Para nada;Para nada;Para nada;Para nada;Para nada;Para nada;Para nada;Para nada;Para nada;Para nada;Para nada;Para nada;28;Mujer;;;;;;;;;;;;;;;;;;;;;;;;;;;;;;;;;;
438;22-8;;;32646907;22-8;36.73;;;Actualmente;No;Nódulo sintomático;Eutiroideo;8;5;14.60;15.50;15.40;1;;;;;;Si;VI;Bastante;Bastante;Bastante;Bastante;Bastante;Un poco;Para nada;Para nada;Para nada;Para nada;Un poco;Un poco;Para nada;Para nada;Para nada;Para nada;Para nada;Para nada;Para nada;Para nada;Para nada;Para nada;Para nada;Para nada;46;Mujer;;;;;;;;;;;;;;;;;;;;;2025-06-11;;Convencional;Total;;;;;;;;Central;;
439;23-1;BAJO RIESGO;RIESGO BAJO;20158331;23-1;28.52;No;No;Ex Fumador;No;Nódulo sintomático;Eutiroideo;7;5;19.00;15.00;14.00;1;Medio;;;;;Si;V;Para nada;Un poco;Para nada;Para nada;Un poco;Un poco;Bastante;Para nada;Para nada;Un poco;Un poco;Para nada;Un poco;Un poco;Un poco;Para nada;Para nada;Para nada;Un poco;Un poco;Un poco;Un poco;Un poco;Para nada;43;Mujer;15;14;;Papilar;CPT- Clásica;;Unilateral derecho;;No hay presencia de invasión;No hay presencia de invasión;Ninguna;No;Desconocido (mx);Si;;0;N0;T1bMXNX;4.89;RIESGO BAJO;2024-07-26;2024-12-28;Convencional;Total;Ro- Libre de tumor;;;;;;;Ninguno;"Hospital Universitario ""Dr. José E. González"" Universidad Autónoma de Nuevo León - México (ME01U)";
440;23-10;ALTO RIESGO;RIESGO ALTO;20531810;23-10;47.45;No;No;Nunca;No;Nódulo sintomático;Eutiroideo;8;5;49.00;20.00;40.00;;;;;;;Si;VI;Un poco;Bastante;Un poco;Un poco;Bastante;Para nada;Para nada;Para nada;Para nada;Para nada;Para nada;Para nada;Para nada;Un poco;Para nada;Para nada;Para nada;Para nada;Para nada;Para nada;Para nada;Para nada;Para nada;Para nada;35;Mujer;44;40;;Papilar;CPT- Clásica;;Unilateral izquierdo;;No hay presencia de invasión;No hay presencia de invasión;Rebasa cápsula/ tejido peritiroideo;No;No;No;T4b;M0;N0;T4bN0M0;4.10;RIESGO ALTO;2024-04-29;2024-04-30;Convencional;Total;Ro- Libre de tumor;;;;;;;;"Hospital Universitario ""Dr. José E. González"" Universidad Autónoma de Nuevo León - México (ME01U)";
441;23-11;ALTO RIESGO;RIESGO ALTO;20031783;23-11;32.42;No;No;Nunca;No;Tamizaje;Eutiroideo;8;5;53.00;23.00;17.00;;;Polo inferior;;;;Si;VI;Un poco;Bastante;Un poco;Un poco;Bastante;Para nada;Para nada;Para nada;Para nada;Para nada;Para nada;Para nada;Para nada;Para nada;Para nada;Para nada;Para nada;Para nada;Para nada;Para nada;Para nada;Para nada;Para nada;Para nada;28;Mujer;17;15;;Papilar;CPT- Clásica;;Unilateral izquierdo;No especifica;No hay presencia de invasión;No hay presencia de invasión;Ninguna;Si;No;No;T1b;M0;N1b;PT1bN1bMX;3.60;RIESGO ALTO;2025-01-08;2025-01-11;Convencional;Total;Ro- Libre de tumor;Derecho;;;;;;Central;"Hospital Universitario ""Dr. José E. González"" Universidad Autónoma de Nuevo León - México (ME01U)";
442;23-2;BAJO RIESGO;RIESGO BAJO;20150283;23-2;30.18;No;No;Nunca;Si;Nódulo sintomático;Eutiroideo;9;5;42.00;24.00;21.00;1;Polo superior;;;;;Si;VI;Un poco;Un poco;Un poco;Un poco;Bastante;Para nada;Un poco;Un poco;Un poco;Un poco;Un poco;Para nada;Bastante;Bastante;Para nada;Para nada;Para nada;Para nada;Bastante;Un poco;Un poco;Para nada;Para nada;Para nada;52;Mujer;20;22;;Papilar;CPT- Folicular;;No especifica;Bilateral;No hay presencia de invasión;No hay presencia de invasión;Ninguna;No;Desconocido (mx);No;T2;M0;N0;PT2N0M0;4.32;RIESGO BAJO;2024-08-23;2024-08-25;Convencional;Total;Ro- Libre de tumor;;;;;;;Central;"Hospital Universitario ""Dr. José E. González"" Universidad Autónoma de Nuevo León - México (ME01U)";
443;23-3;BAJO RIESGO;RIESGO BAJO;20477673;23-3;23.46;No;No;Nunca;No;Nódulo sintomático;Eutiroideo;9;5;24.00;10.00;23.00;;;;Polo superior;;1;Si;VI;Para nada;Bastante;Bastante;Bastante;Bastante;Un poco;Para nada;Un poco;Un poco;Para nada;Un poco;Para nada;Un poco;Para nada;Para nada;Para nada;Para nada;Para nada;Un poco;Para nada;Para nada;Para nada;Para nada;Para nada;31;Mujer;13;20;;Papilar;CPT- Clásica;;Istmo;;No hay presencia de invasión;Si, no especifica localización;Ninguna;No;Desconocido (mx);No;T1b;M0;Nx;PT1bNXMX;4.49;RIESGO BAJO;2024-07-11;2024-07-13;Convencional;Total;Ro- Libre de tumor;;;;;;;;"Hospital Universitario ""Dr. José E. González"" Universidad Autónoma de Nuevo León - México (ME01U)";
444;23-4;BAJO RIESGO;RIESGO BAJO;12588651;23-4;34.67;No;No;Nunca;No;Nódulo sintomático;Hipertiroideo;3;3;22.00;24.00;22.00;2;;Polo superior;;1;;No;;Un poco;Bastante;Un poco;Un poco;Bastante;Un poco;Para nada;Bastante;Bastante;Un poco;Para nada;Para nada;Para nada;Para nada;Para nada;Para nada;Para nada;Un poco;Para nada;Para nada;Para nada;Un poco;Un poco;Un poco;46;Mujer;26;13;;Papilar;CPT- Folicular;;Unilateral derecho;;No hay presencia de invasión;No hay presencia de invasión;Ninguna;No;No;Si;T2;M0;Nx;T2NXMX;4.45;RIESGO BAJO;2024-07-09;2024-07-11;Convencional;Total;Ro- Libre de tumor;;;;;;;Ninguno;"Hospital Universitario ""Dr. José E. González"" Universidad Autónoma de Nuevo León - México (ME01U)";
445;23-5;BAJO RIESGO;RIESGO BAJO;20474288;23-5;32.46;No;No;Nunca;No;Nódulo sintomático;Eutiroideo;4;4;30.00;24.00;31.00;2;;;;1;1;Si;IV;Un poco;Bastante;Bastante;Un poco;Bastante;Un poco;Para nada;Para nada;Para nada;Para nada;Para nada;Para nada;Para nada;Para nada;Para nada;Para nada;Para nada;Para nada;Para nada;Para nada;Para nada;Para nada;Para nada;Para nada;35;Mujer;;;;Papilar;CPT- Folicular;;;Unilateral izquierdo;No hay presencia de invasión;No hay presencia de invasión;Ninguna;No;No;Si;T1a;M0;Nx;PT1aNXMX;3.22;RIESGO BAJO;2024-07-17;2024-07-20;Convencional;Total;Ro- Libre de tumor;;;;;;;Ninguno;"Hospital Universitario ""Dr. José E. González"" Universidad Autónoma de Nuevo León - México (ME01U)";
446;23-6;BAJO RIESGO;RIESGO BAJO;19241257;23-6;34.45;No;No;Nunca;No;Nódulo sintomático;Eutiroideo;7;5;09.00;09.50;14.00;1;Polo superior;;;;;Si;VI;Para nada;Un poco;Un poco;Un poco;Bastante;Para nada;Para nada;Para nada;Para nada;Para nada;Para nada;Para nada;Para nada;Para nada;Para nada;Para nada;Para nada;Para nada;Para nada;Para nada;Para nada;Para nada;Para nada;Un poco;60;Mujer;21;12;;Papilar;CPT- Clásica;;Unilateral derecho;;No hay presencia de invasión;Si, no especifica localización;Ninguna;No;No;No;T2;M0;Nx;T2NXMX;5.59;RIESGO BAJO;2023-08-06;2023-08-09;Convencional;Total;Ro- Libre de tumor;;;;;;;Central;;
447;23-7;BAJO RIESGO;RIESGO BAJO;11686014;23-7;25.1;No;No;Nunca;No;Nódulo sintomático;Eutiroideo;7;5;13.00;13.00;20.00;;;Polo superior;;1;;Si;IV;Para nada;Un poco;Un poco;Un poco;Un poco;Para nada;Para nada;Para nada;Para nada;Para nada;Para nada;Para nada;Para nada;Para nada;Para nada;Para nada;Para nada;Para nada;Para nada;Para nada;Para nada;Para nada;Para nada;Para nada;53;Mujer;18;15;;Folicular;;Células de Hurtle;Unilateral izquierdo;;Unilateral izquierdo;No hay presencia de invasión;Ninguna;No;Desconocido (mx);No;T1b;M0;N0;T1bNXMX;5.90;RIESGO BAJO;2023-11-14;2023-11-18;Convencional;Total;Ro- Libre de tumor;Derecho;;;;;;Central;"Hospital Universitario ""Dr. José E. González"" Universidad Autónoma de Nuevo León - México (ME01U)";
448;23-8;RIESGO INTERMEDIO;RIESGO ALTO;20331152;23-8;37.47;No;No;Nunca;No;Nódulo sintomático;Eutiroideo;7;5;24.00;22.00;17.00;1;Polo superior;;;;;Si;VI;Un poco;Un poco;Un poco;Para nada;Un poco;Para nada;Un poco;Para nada;Para nada;Para nada;Para nada;Para nada;Para nada;Para nada;Para nada;Para nada;Para nada;Para nada;Para nada;Para nada;Para nada;Para nada;Para nada;Para nada;57;Mujer;23;22;;Papilar;CPT- Clásica;;Unilateral derecho;;No hay presencia de invasión;Si, no especifica localización;Ninguna;Si;No;No;T2;M0;N1a;T2N1aMO;6.33;RIESGO INTERMEDIO;2024-03-06;2024-03-09;Convencional;Total;Ro- Libre de tumor;Derecho;;;;;;Central;"Hospital Universitario ""Dr. José E. González"" Universidad Autónoma de Nuevo León - México (ME01U)";
449;23-9;BAJO RIESGO;RIESGO BAJO;20459353;23-9;28.04;No;No;Nunca;No;Nódulo sintomático;Eutiroideo;6;4;26.00;23.00;35.00;1;;;;;;Si;IV;Un poco;Bastante;Un poco;Un poco;Bastante;Un poco;Un poco;Para nada;Para nada;Para nada;Para nada;Para nada;Para nada;Para nada;Para nada;Para nada;Para nada;Para nada;Para nada;Para nada;Para nada;Para nada;Para nada;Un poco;36;Mujer;35;16;;Papilar;CPT- Folicular;;Unilateral derecho;No especifica;Unilateral derecho;No hay presencia de invasión;Ninguna;No;No;No;T2;M0;N0;T2N0M0;14.00;RIESGO INTERMEDIO;2024-08-12;2024-08-14;Convencional;Total;Ro- Libre de tumor;Derecho;;;;;;Central;"Hospital Universitario ""Dr. José E. González"" Universidad Autónoma de Nuevo León - México (ME01U)";
450;24-1;RIESGO INTERMEDIO;RIESGO ALTO;1706012745;24-1;26.28;No;No;Nunca;No;Nódulo sintomático;Eutiroideo;7;5;17.00;22.00;15.00;;Medio;;;;;Si;V;Un poco;Un poco;Un poco;Un poco;Bastante;Para nada;Un poco;Para nada;Para nada;Un poco;Para nada;Para nada;Un poco;Un poco;Para nada;Un poco;Para nada;Un poco;Un poco;Un poco;Un poco;Un poco;Un poco;Para nada;51;Mujer;17;22;;Papilar;CPT- Clásica;;Unilateral derecho;Unilateral derecho;No hay presencia de invasión;Unilateral derecho;Invasión a tejido peritiroideo;Si;No;No;T2;0;N1b;T2(s)N1bM0;5.82;RIESGO INTERMEDIO;2023-08-23;2023-08-24;Convencional;Total;Ro- Libre de tumor;;Unilateral;Derecho;;;II;Lateral;ITECC  UIO - Ecuador (EC03P);
451;24-10;;;1708379936;24-10;27.55;No;No;Nunca;Si;Nódulo sintomático;Eutiroideo;5;4;15.00;23.00;8.00;;;Polo superior;;1;;Si;VI;Para nada;Para nada;Un poco;Un poco;Un poco;Para nada;Para nada;Un poco;Un poco;Para nada;Para nada;Un poco;Un poco;Un poco;Un poco;Un poco;Para nada;Un poco;Un poco;Para nada;Un poco;Un poco;Un poco;Bastante;59;Mujer;;;;;;;;;;;;;;;;;;;;;;;;;;;;;;;;;;
452;24-11;;;0400799409;24-11;26.67;No;No;Nunca;No;Tamizaje;Eutiroideo;6;4;9.00;17.00;7.00;1;Medio;;;;;Si;VI;Un poco;Para nada;Para nada;Un poco;Un poco;Para nada;Para nada;Un poco;Un poco;Un poco;Para nada;Para nada;Para nada;Un poco;Un poco;Para nada;Un poco;Un poco;Un poco;Un poco;Un poco;Para nada;Un poco;Bastante;56;Hombre;;;;;;;;;;;;;;;;;;;;;;;;;;;;;;;;;;
453;24-12;ALTO RIESGO;RIESGO ALTO;1711328888;24-12;27.55;Si;No;Nunca;No;Nódulo sintomático;Eutiroideo;4;4;40.00;45.00;40.00;;;Medio;;1;;Si;VI;Un poco;Un poco;Un poco;Un poco;Un poco;Un poco;Un poco;Un poco;Un poco;Un poco;Un poco;Un poco;Un poco;Un poco;Un poco;Un poco;Un poco;Un poco;Un poco;Un poco;Un poco;Un poco;Un poco;Un poco;53;Hombre;12;8;;Papilar;CPT- Clásica;;No especifica;Bilateral;No hay presencia de invasión;Si, no especifica localización;Invasión a tejido peritiroideo;Si;No;No;;0;N1a;T3b(m)N1bM0;5.60;RIESGO ALTO;2024-04-10;2024-04-11;Convencional;Total;Ro- Libre de tumor;Derecho;Bilateral;;II;II;;Central;ITECC  UIO - Ecuador (EC03P);
454;24-13;BAJO RIESGO;RIESGO BAJO;1715920912;24-13;29.38;No;No;Nunca;No;Tamizaje;Eutiroideo;4;4;50.00;40.00;45.00;1;Medio;;;;;Si;V;Un poco;Un poco;Bastante;Bastante;Bastante;Bastante;Un poco;Un poco;Bastante;Bastante;Bastante;Bastante;Bastante;Bastante;Bastante;Bastante;Un poco;Un poco;Un poco;Bastante;Bastante;Bastante;Bastante;Bastante;38;Mujer;25;10;;Papilar;CPT- Clásica;;Unilateral izquierdo;No especifica;No hay presencia de invasión;No hay presencia de invasión;Ninguna;No;No;No;;0;N0;T2(s)N0M0;3.85;RIESGO BAJO;2024-04-10;2024-04-11;Convencional;Total;Ro- Libre de tumor;;;;;;;Ninguno;ITECC  UIO - Ecuador (EC03P);
455;24-14;BAJO RIESGO;RIESGO BAJO;1003310263;24-14;20.81;No;No;Nunca;Si;Imagen incidental;Hipotiroideo;8;5;10.00;14.00;6.00;1;Medio;;;;;Si;VI;Un poco;Un poco;Para nada;Para nada;Para nada;Para nada;Para nada;Para nada;Un poco;Un poco;Un poco;Un poco;Un poco;Un poco;Para nada;Para nada;Un poco;Un poco;Para nada;Para nada;Para nada;Un poco;Un poco;Para nada;38;;9;7;;Papilar;CPT- Folicular;;Unilateral derecho;No especifica;No hay presencia de invasión;No hay presencia de invasión;Ninguna;No;No;No;;0;N0;T1a(s)N1aM0;3.37;RIESGO BAJO;2024-04-24;2024-04-25;Convencional;Total;Ro- Libre de tumor;Derecho;Unilateral;Derecho;;;II;Central;ITECC  UIO - Ecuador (EC03P);
456;24-15;BAJO RIESGO;RIESGO BAJO;1715880488;24-15;31.25;No;No;Nunca;Si;Imagen incidental;Hipotiroideo;6;4;15.00;10.00;8.00;;;;Medio;;1;Si;V;;;;;;;;;;;;;;Bastante;Un poco;Un poco;Para nada;Para nada;Un poco;Un poco;Un poco;Bastante;Bastante;Para nada;38;Mujer;18;14;;Papilar;CPT- Clásica;;Unilateral derecho;No especifica;No hay presencia de invasión;No hay presencia de invasión;Ninguna;Si;No;Si;;0;N1a;T1b(s)N1aM0;3.64;RIESGO ALTO;2024-04-29;2024-04-30;Convencional;Total;Ro- Libre de tumor;Derecho;;;;;;Central;ITECC  UIO - Ecuador (EC03P);
457;24-16;BAJO RIESGO;RIESGO BAJO;1706975107;24-16;24.53;No;No;Nunca;No;Tamizaje;Eutiroideo;9;5;10.00;13.00;10.00;;;;Medio;;1;Si;VI;Un poco;Un poco;Un poco;Un poco;Un poco;Para nada;Un poco;Un poco;Un poco;Un poco;Para nada;Para nada;Un poco;Un poco;Un poco;Un poco;Un poco;Un poco;Para nada;Para nada;Para nada;Para nada;Para nada;Para nada;63;Mujer;20;10;;Papilar;CPT- Clásica;;Unilateral izquierdo;No especifica;No hay presencia de invasión;No hay presencia de invasión;Invasión a tejido peritiroideo;No;No;No;;0;N0;T1b(s)N0M0;5.64;RIESGO BAJO;2024-06-17;2024-06-18;Convencional;Total;Ro- Libre de tumor;;;;;;;Ninguno;;
458;24-17;BAJO RIESGO;RIESGO BAJO;1003435540;24-17;24.77;No;No;Nunca;No;Imagen incidental;Eutiroideo;8;5;10.00;17.00;6.00;1;Medio;;;;;No;;Un poco;Un poco;Para nada;Para nada;Un poco;Un poco;Para nada;Para nada;Un poco;Un poco;Un poco;Un poco;Para nada;Un poco;Para nada;Un poco;Un poco;Para nada;Un poco;Un poco;Un poco;Para nada;Para nada;Un poco;37;Mujer;20;13;;Papilar;CPT- Clásica;;No especifica;Unilateral derecho;No hay presencia de invasión;Si, no especifica localización;Invasión a tejido peritiroideo;Si;No;No;;0;N1a;T1b(m)N1aM0;4.70;RIESGO INTERMEDIO;2024-06-10;2024-06-11;Convencional;Total;Ro- Libre de tumor;Derecho;;;;;;Central;;
459;24-18;;;1712364767;24-18;30.29;No;No;Nunca;Si;Pruebas no relacionadas;Hipotiroideo;5;4;1.50;1.00;1.60;;;Polo inferior;;1;;Si;V;Para nada;Un poco;Un poco;Un poco;Para nada;Un poco;Un poco;Un poco;Para nada;Para nada;Un poco;Un poco;Un poco;Un poco;Un poco;Para nada;Un poco;Un poco;Un poco;Para nada;Para nada;Un poco;Un poco;Bastante;51;Mujer;;;;;;;;;;;;;;;;;;;;;;;;;;;;;;;;;;
460;24-19;BAJO RIESGO;RIESGO BAJO;1715781991;24-19;27.21;No;No;Nunca;No;Tamizaje;Eutiroideo;6;4;15.00;6.00;8.00;1;Medio;;;;;Si;V;Un poco;Un poco;Para nada;Un poco;Un poco;Un poco;Un poco;Para nada;Un poco;Un poco;Para nada;Un poco;Un poco;Un poco;Para nada;Para nada;Para nada;Un poco;Un poco;Un poco;Para nada;Para nada;Un poco;Un poco;36;Mujer;15;12;;Papilar;CPT- Clásica;;Unilateral derecho;No especifica;No hay presencia de invasión;No hay presencia de invasión;Ninguna;No;No;No;;0;N0;T1b(s)N0M0;3.55;RIESGO BAJO;2024-05-29;2024-05-30;Convencional;Total;Ro- Libre de tumor;;;;;;;Ninguno;;
461;24-2;;;1002331088;24-2;30.59;No;No;Nunca;Si;Nódulo sintomático;Eutiroideo;0;1;;;;;;;;1;;Si;VI;Un poco;Un poco;Un poco;Un poco;Un poco;Bastante;Bastante;Bastante;Un poco;Un poco;Un poco;Un poco;Bastante;Bastante;Bastante;Bastante;Un poco;Un poco;Un poco;Bastante;Bastante;Bastante;Bastante;Bastante;35;Mujer;;;;;;;;;;;;;;;;;;;;;;;;;;;;;;;;;;
462;24-20;;;501288500;24-20;21.33;No;No;Nunca;Si;Imagen incidental;Hipotiroideo;6;4;2.00;3.00;1.00;1;Medio;;;;;Si;V;Para nada;Un poco;Para nada;Para nada;Un poco;Un poco;Para nada;Para nada;Un poco;Un poco;Un poco;Para nada;Para nada;Un poco;Un poco;Para nada;Un poco;Un poco;Un poco;Para nada;Para nada;Para nada;Un poco;Un poco;61;Mujer;;;;;;;;;;;;;;;;;;;;;;;;;;;;;;;;;;
463;24-21;;;1726610676;24-21;24.84;No;No;Nunca;Si;Nódulo sintomático;Hipotiroideo;6;4;20.00;18.00;9.00;;;Medio;;2;;Si;VI;Para nada;Un poco;Para nada;Para nada;Un poco;Un poco;Un poco;Para nada;Para nada;Un poco;Un poco;Para nada;Un poco;Para nada;Un poco;Para nada;Un poco;Un poco;Para nada;Un poco;Un poco;Para nada;Un poco;Un poco;26;Mujer;;;;;;;;;;;;;;;;;;;;;;;;;;;;;;;;;;
464;24-22;;;0400589495;24-22;22.31;No;No;Nunca;Si;Nódulo sintomático;Eutiroideo;7;5;48.00;35.00;22.00;;;Polo superior;;1;;Si;IV;Para nada;Un poco;Un poco;Para nada;Un poco;Un poco;Un poco;Para nada;Un poco;Un poco;Un poco;Para nada;Un poco;Para nada;Un poco;Un poco;Un poco;Para nada;Para nada;Un poco;Un poco;Un poco;Para nada;Un poco;71;Mujer;;;;;;;;;;;;;;;;;;;;;;;;;;;;;;;;;;
465;24-23;;;466127006;24-23;22.27;Si;No;Nunca;No;Imagen incidental;;7;5;5.00;7.00;8.00;1;Medio;;;;;Si;V;Un poco;Un poco;Para nada;Un poco;Un poco;Un poco;Para nada;Para nada;Para nada;Un poco;Un poco;Para nada;Un poco;Un poco;Un poco;Un poco;Para nada;Un poco;Un poco;Para nada;Un poco;Para nada;Un poco;Un poco;32;Mujer;;;;;;;;;;;;;;;;;;;;;;;;;;;;;;;;;;
466;24-24;MUY BAJO RIESGO;RIESGO BAJO;1704813011;24-24;33.31;No;No;Nunca;Si;Tamizaje;Hipotiroideo;10;5;0.10;0.05;0.15;;;;Medio;;1;Si;V;Un poco;Un poco;Un poco;Para nada;Para nada;Para nada;Para nada;Para nada;Para nada;Para nada;Para nada;Para nada;Un poco;Un poco;Para nada;Para nada;Para nada;Para nada;Un poco;Para nada;Para nada;Para nada;Para nada;Para nada;67;Mujer;;;BOCIO;Otros;;;;;;;Ninguna;No;No;No;;;N0;;;RIESGO BAJO;2024-10-09;2024-10-10;Convencional;Total;Ro- Libre de tumor;;;;;;;Ninguno;;
467;24-25;;;1716255326;24-25;24.44;No;No;Nunca;No;Nódulo sintomático;Eutiroideo;11;5;0.20;0.21;0.19;1;Medio;;;;;Si;VI;Para nada;Un poco;Un poco;Un poco;Para nada;Bastante;Para nada;Para nada;Para nada;Para nada;Para nada;Para nada;Un poco;Un poco;Para nada;Para nada;Para nada;Un poco;Un poco;Un poco;Un poco;Bastante;Bastante;Para nada;40;Mujer;;;;;;;;;;;;;;;;;;;;;;;;;;;;;;;;;;
468;24-26;;;0200927754;24-26;31.02;No;No;Nunca;Si;Nódulo sintomático;Hipotiroideo;0;1;12.00;13.00;18.00;;;Polo superior;;1;;Si;VI;Para nada;Para nada;Para nada;Para nada;Para nada;Para nada;Para nada;Para nada;Para nada;Para nada;Para nada;Para nada;Un poco;Un poco;Para nada;Para nada;Para nada;Para nada;Un poco;Un poco;Un poco;Un poco;Un poco;Para nada;56;Mujer;;;;;;;;;;;;;;;;;;;;;;;;;;;;;;;;;;
469;24-27;;;1002159513;24-27;26.26;No;No;Nunca;No;Nódulo sintomático;Eutiroideo;12;5;60.00;80.00;50.00;1;Medio;;;;;Si;VI;Un poco;Un poco;Un poco;Un poco;Un poco;Bastante;Un poco;Un poco;Un poco;Un poco;Un poco;Un poco;Un poco;Un poco;Para nada;Para nada;Para nada;Para nada;Un poco;Un poco;Un poco;Un poco;Un poco;Para nada;38;Mujer;;;;;;;;;;;;;;;;;;;;;;;;;;;;;;;;;;
470;24-28;;;1802614808;24-28;31.22;Si;No;Nunca;No;Tamizaje;Eutiroideo;6;4;16.00;15.00;10.00;;;Polo inferior;;1;;Si;VI;Un poco;Para nada;Para nada;Para nada;Para nada;Un poco;Para nada;Para nada;Para nada;Para nada;Para nada;Para nada;Un poco;Un poco;Para nada;Para nada;Para nada;Para nada;Para nada;Para nada;Para nada;Para nada;Para nada;Para nada;51;Hombre;;;;;;;;;;;;;;;;;;;;;;;;;;;;;;;;;;
471;24-29;;;0603942590;24-29;30.25;No;No;Nunca;No;Tamizaje;Hipotiroideo;10;5;27.00;20.00;15.00;;;;Medio;;1;Si;VI;Un poco;Un poco;Un poco;Para nada;Un poco;Para nada;Para nada;Para nada;Para nada;Para nada;Para nada;Para nada;Para nada;Para nada;Para nada;Para nada;Para nada;Para nada;Para nada;Para nada;Para nada;Para nada;Para nada;Para nada;33;Hombre;;;;;;;;;;;;;;;;;;;;;;;;;;;;;;;;;;
472;24-3;BAJO RIESGO;RIESGO BAJO;0600875017;24-3;25.15;No;No;Nunca;Si;Nódulo sintomático;Hipotiroideo;4;4;15.00;;;;;;;;;Si;IV;Para nada;Un poco;Un poco;Para nada;Bastante;Para nada;Para nada;Un poco;Un poco;Un poco;Un poco;Un poco;Un poco;Un poco;Un poco;Bastante;Un poco;Un poco;Un poco;Para nada;Para nada;Para nada;Un poco;Un poco;70;Mujer;15;;;Papilar;CPT- Clásica;;Unilateral derecho;Unilateral derecho;Unilateral derecho;No hay presencia de invasión;;No;No;;;0;N0;T1b(s)N0M0;7.13;RIESGO BAJO;2023-09-19;2023-09-20;Convencional;Total;Ro- Libre de tumor;;;;;;;Ninguno;ITECC  UIO - Ecuador (EC03P);
473;24-30;;;0503062358;24-30;23.35;No;No;Nunca;No;Nódulo sintomático;Eutiroideo;10;5;27.00;35.00;20.00;;;Medio;;;;Si;V;Un poco;Un poco;Un poco;Un poco;Un poco;Bastante;Un poco;Un poco;Un poco;Para nada;Para nada;Para nada;Un poco;Un poco;Para nada;Para nada;Para nada;Un poco;Un poco;Un poco;Un poco;Un poco;Un poco;Para nada;38;Mujer;;;;;;;;;;;;;;;;;;;;;;;;;;;;;;;;;;
474;24-31;;;1800341164;24-31;27.22;No;No;Nunca;Si;Imagen incidental;Eutiroideo;4;4;35.00;40.00;20.00;;;Medio;;1;;Si;V;Un poco;Un poco;Un poco;Un poco;Un poco;Bastante;Un poco;Un poco;Un poco;Un poco;Un poco;Un poco;Bastante;Un poco;Para nada;Para nada;Un poco;Un poco;Un poco;Un poco;Para nada;Para nada;Un poco;Para nada;81;Mujer;;;;;;;;;;;;;;;;;;;;;;;;;;;;;;;;;;
475;24-32;;;1400328900;24-32;32.41;No;No;Nunca;No;Tamizaje;Hipotiroideo;5;4;10.00;15.00;17.00;;;Polo inferior;;1;;Si;VI;Un poco;Un poco;Un poco;Un poco;Un poco;Bastante;Bastante;Bastante;Bastante;Un poco;Un poco;Un poco;Un poco;Un poco;Un poco;Un poco;Un poco;Para nada;Un poco;Un poco;Para nada;Para nada;Un poco;Para nada;52;Mujer;;;;;;;;;;;;;;;;;;;;;;;;;;;;;;;;;;
476;24-33;;;0500439229;24-33;28.44;No;No;Nunca;Si;Nódulo sintomático;Eutiroideo;10;5;60.00;70.00;45.00;1;Medio;;;;;No;;Un poco;Bastante;Un poco;Un poco;Bastante;Un poco;Para nada;Para nada;Para nada;Para nada;Para nada;Para nada;Para nada;Para nada;Para nada;Para nada;Un poco;Un poco;Un poco;Un poco;Un poco;Para nada;Para nada;Para nada;78;Mujer;;;;;;;;;;;;;;;;;;;;;;;;;;;;;;;;;;
477;24-34;;;1726615642;24-34;23.53;No;No;Nunca;No;Nódulo sintomático;Eutiroideo;9;5;60.00;70.00;50.00;1;Medio;;;;;Si;VI;Un poco;Bastante;Un poco;Un poco;Un poco;Un poco;Para nada;Para nada;Para nada;Para nada;Para nada;Para nada;Para nada;Para nada;Para nada;Para nada;Para nada;Para nada;Un poco;Un poco;Un poco;Un poco;Un poco;Para nada;28;Mujer;;;;;;;;;;;;;;;;;;;;;;;;;;;;;;;;;;
478;24-35;;;2100256862;24-35;27.06;No;No;Nunca;Si;Nódulo sintomático;Eutiroideo;10;5;20.00;25.00;15.00;1;Medio;;;;;No;;Para nada;Para nada;Para nada;Para nada;Un poco;Un poco;Para nada;Para nada;Para nada;Para nada;Para nada;Para nada;Para nada;Para nada;Para nada;Para nada;Un poco;Un poco;Un poco;Para nada;Para nada;Para nada;Para nada;Para nada;43;Mujer;;;;;;;;;;;;;;;;;;;;;;;;;;;;;;;;;;
479;24-36;;;;24-36;;;;;;;;0;1;;;;;;;;;;;;;;;;;;;;;;;;;;;;;;;;;;;;;;;;;;;;;;;;;;;;;;;;;;;;;;;;;;;;;;;
480;24-37;RIESGO INTERMEDIO;RIESGO ALTO;2300306194;24-37;26.17;No;No;Nunca;No;Nódulo sintomático;Eutiroideo;10;5;25.00;37.00;20.00;1;Polo superior;;;;;Si;V;Para nada;Para nada;Para nada;Para nada;Un poco;Un poco;Para nada;Para nada;Para nada;Para nada;Para nada;Para nada;Para nada;Para nada;Para nada;Para nada;Para nada;Para nada;Un poco;Un poco;Un poco;Un poco;Un poco;Para nada;27;Hombre;50;30;;Papilar;CPT- Clásica;;Unilateral derecho;No especifica;Si, no especifica localización;No hay presencia de invasión;Invasión a tejido peritiroideo;Si;No;No;;0;N1a;T3a(s)N1aM0;5.60;RIESGO BAJO;2024-11-20;2024-11-21;Convencional;Total;Ro- Libre de tumor;Derecho;;;;;;Central;;
481;24-38;;;0702701913;24-38;29.03;No;No;Nunca;Si;Imagen incidental;Eutiroideo;9;5;3.00;5.00;2.00;1;Medio;;;;;Si;V;Para nada;Para nada;Para nada;Para nada;Para nada;Un poco;Un poco;Para nada;Para nada;Para nada;Para nada;Para nada;Para nada;Un poco;Para nada;Para nada;Para nada;Un poco;Un poco;Un poco;Para nada;Un poco;Para nada;Un poco;51;Mujer;;;;;;;;;;;;;;;;;;;;;;;;;;;;;;;;;;
482;24-39;;;1722105739;24-39;29.38;No;No;Nunca;No;Nódulo sintomático;Eutiroideo;8;5;2.00;2.50;2.00;;Polo inferior;;;;;Si;V;Para nada;Para nada;Para nada;Para nada;Un poco;Un poco;Para nada;Para nada;Para nada;Para nada;Para nada;Para nada;Para nada;Un poco;Para nada;Para nada;Para nada;Un poco;Un poco;Un poco;Un poco;Para nada;Un poco;Un poco;31;Mujer;;;;;;;;;;;;;;;;;;;;;;;;;;;;;;;;;;
483;24-4;;;1000921567;24-4;32.03;No;No;Nunca;No;Nódulo sintomático;Hipotiroideo;0;1;1.50;2.00;1.00;;;;;;;Si;;Un poco;Un poco;Un poco;Para nada;Mucho;Bastante;Un poco;Un poco;Bastante;Bastante;Un poco;Un poco;Un poco;Un poco;Un poco;Un poco;Un poco;Un poco;Un poco;Para nada;Un poco;Un poco;Un poco;Un poco;72;Mujer;;;;;;;;;;;;;;;;;;;;;;;;;;;;;;;;;;
484;24-40;;;1710891084;24-40;31.28;No;No;Nunca;No;Pruebas no relacionadas;;9;5;1.20;1.40;1.10;;;Medio;;1;;Si;V;Un poco;Para nada;Un poco;Para nada;Para nada;Un poco;Para nada;Para nada;Para nada;Para nada;Para nada;Para nada;Para nada;Para nada;Para nada;Para nada;Para nada;Un poco;Para nada;Para nada;Para nada;Para nada;Para nada;Un poco;47;Hombre;;;;;;;;;;;;;;;;;;;;;2025-02-20;2025-02-21;Convencional;Total;R2- Macroscópica;;;;;;;Central;;
485;24-41;;;1803019411;24-41;32.54;Si;No;Nunca;No;Imagen incidental;Eutiroideo;7;5;12.00;6.00;8.00;;;Medio;;1;;Si;V;Para nada;Para nada;Para nada;Para nada;Para nada;Un poco;Para nada;Para nada;Para nada;Para nada;Un poco;Para nada;Para nada;Un poco;Un poco;Para nada;Para nada;Para nada;Un poco;Un poco;Un poco;Un poco;Un poco;Un poco;46;Hombre;;;;;;;;;;;;;;;;;;;;;;;;;;;;;;;;;;
486;24-5;;;1104125669;24-5;37.33;No;No;Nunca;Si;Tamizaje;Hipotiroideo;0;1;;;11.00;;;;;;1;Si;VI;Un poco;Un poco;Un poco;Para nada;Bastante;Para nada;Para nada;Para nada;Para nada;Para nada;Un poco;Para nada;Un poco;Bastante;Un poco;Para nada;Un poco;Un poco;Un poco;Un poco;Un poco;Para nada;Un poco;;33;Mujer;;;;;;;;;;;;;;;;;;;;;;;;;;;;;;;;;;
487;24-6;;;1101160859;24-6;22.22;No;No;Nunca;Si;Tamizaje;Eutiroideo;0;1;;;;;;;;;;Si;;Un poco;Un poco;Un poco;Un poco;Un poco;Bastante;Bastante;Un poco;Un poco;Un poco;Un poco;Un poco;Un poco;Un poco;Un poco;Un poco;Un poco;Un poco;Un poco;Bastante;Bastante;Bastante;Un poco;Un poco;78;Mujer;;;;;;;;;;;;;;;;;;;;;;;;;;;;;;;;;;
488;24-7;;;1707042105;24-7;22.49;No;No;Nunca;No;Nódulo sintomático;;4;4;;10.00;;;;;;;;Si;VI;Un poco;Un poco;Un poco;Un poco;Un poco;Para nada;Para nada;Para nada;Para nada;Para nada;Un poco;Un poco;Un poco;Para nada;Un poco;Un poco;Para nada;Un poco;Para nada;Para nada;Para nada;Un poco;Para nada;Un poco;61;Hombre;;;;;;;;;;;;;;;;;;;;;;;;;;;;;;;;;;
489;24-8;;;1716367097;24-8;27.47;No;No;Nunca;No;Nódulo sintomático;Eutiroideo;0;1;;;;2;Medio;;;1;;Si;VI;Un poco;Un poco;Un poco;Bastante;Bastante;Bastante;Bastante;Bastante;Bastante;Un poco;Un poco;Un poco;Un poco;Un poco;Un poco;Para nada;Para nada;Para nada;Para nada;Para nada;Para nada;Para nada;Para nada;Para nada;42;Mujer;;;;;;;;;;;;;;;;;;;;;;;;;;;;;;;;;;
490;24-9;;;1708774466;24-9;26.04;No;No;Nunca;No;Tamizaje;Eutiroideo;6;4;;;;;;;;;;Si;VI;Un poco;Un poco;Un poco;Mucho;Mucho;Un poco;Un poco;Un poco;Un poco;Mucho;Mucho;Mucho;Mucho;Bastante;Bastante;Un poco;Un poco;Un poco;Un poco;Un poco;Un poco;Un poco;Un poco;Un poco;58;Mujer;;;;;;;;;;;;;;;;;;;;;;;;;;;;;;;;;;
491;3;;;;3;;;;;;;;0;1;;;;;;;;;;;;;;;;;;;;;;;;;;;;;;;;;;;;;;;;;;;;;;;;;;;;;;;;;;;;;;;;;;;;;;;
492;4;;;;4;;;;;;;;;;;;;;;;;;;;;;;;;;;;;;;;;;;;;;;;;;;;;;;;;;;;;;;;;;;;;;;;;;;;;;;;;;;;;;;;
493;5;;;;5;;;;;;;;0;1;;;;;;;;;;Si;;;;;;;;;;;;;;;;;;;;;;;;;;;;;;;;;;;;;;;;;;;;;;;;;;;;;Derecho;;;;;;Central;;
494;6;;;;6;;;;;;;;0;1;;;;;;;;;;;;;;;;;;;;;;;;;;;;;;;;;;;;;;;;;;;;;;;;;;;;;;;;;;;;;;;;;;;;;;;
495;7;;;;7;;;;;;;;;;;;;;;;;;;;;;;;;;;;;;;;;;;;;;;;;;;;;;;;;;;;;;;;;;;;;;;;;;;;;;;;;;;;;;;;
496;8;;;;8;;;;;;;;0;1;;;;;;;;;;;;;;;;;;;;;;;;;;;;;;;;;;;;;;;;;;;;;;;;;;;;;;;;;;;;;;;;;;;;;;;
497;9;;;;9;;;;;;;;;;;;;;;;;;;;;;;;;;;;;;;;;;;;;;;;;;;;;;;;;;;;;;;;;;;;;;;;;;;;;;;;;;;;;;;;
498;9-1;ALTO RIESGO;RIESGO ALTO;0201795085;9-1;35.06;No;No;Nunca;No;Nódulo sintomático;Eutiroideo;8;5;11.00;7.00;0.00;1;Medio;;;;;Si;V;Un poco;Bastante;Bastante;Un poco;Bastante;Mucho;Para nada;Para nada;Para nada;Bastante;Mucho;Un poco;Un poco;Para nada;Un poco;Para nada;Para nada;Para nada;Para nada;Para nada;Para nada;Para nada;Para nada;Para nada;35;Mujer;10;10;;Papilar;CPT- Clásica;;Unilateral derecho;No especifica;Unilateral derecho;Unilateral derecho;Rebasa cápsula/ tejido peritiroideo;Si;Si Detallar: {datohis141_v2}, Método de detección: {datohis142_v2};No;;0;N1a;T4a(s)N1bM1;7.40;RIESGO BAJO;2023-09-05;2023-09-09;Convencional;Total;Ro- Libre de tumor;;Bilateral;;II;II;;Central;HEE - Ecuador  (EC01U);
499;9-10;MUY BAJO RIESGO;RIESGO BAJO;1311914160;9-10;28.65;No;No;Nunca;No;Imagen incidental;Eutiroideo;6;4;14.00;14.00;10.00;1;Polo superior;;;;;Si;VI;Para nada;Para nada;Un poco;Para nada;Para nada;Para nada;Bastante;Para nada;Un poco;Un poco;Un poco;Para nada;Bastante;Un poco;Un poco;Un poco;Bastante;Un poco;Bastante;Para nada;Para nada;Un poco;Un poco;Para nada;38;Mujer;15;7;;Papilar;CPT- Clásica;;Unilateral derecho;;Si, no especifica localización;Unilateral derecho;Ninguna;No;No;Si;;0;N0;T1b(s)N0M0;4.55;RIESGO BAJO;2023-11-12;2023-11-15;Convencional;Lobectomía derecha;Ro- Libre de tumor;;;;;;;Ninguno;HEE - Ecuador  (EC01U);
500;9-11;MUY BAJO RIESGO;RIESGO BAJO;2350540643;9-11;30.86;No;No;Nunca;No;Pruebas no relacionadas;Eutiroideo;8;5;6.00;6.00;5.00;;;Medio;;1;;Si;V;Un poco;Bastante;Para nada;Para nada;Mucho;Para nada;Para nada;Para nada;Un poco;Un poco;Un poco;Un poco;Para nada;Un poco;Bastante;Un poco;Para nada;Bastante;Un poco;Para nada;Para nada;Un poco;Un poco;Para nada;20;Mujer;;;;Papilar;CPT- Folicular;;Unilateral izquierdo;;;;Ninguna;No se puede evaluar;Desconocido (mx);No;;0;Nx;T1a(s)N0M0;4.10;RIESGO BAJO;2023-11-12;2023-11-17;;Lobectomía izquierda;Ro- Libre de tumor;;;;;;;Ninguno;HEE - Ecuador  (EC01U);
501;9-12;ALTO RIESGO;RIESGO ALTO;1712474079;9-12;28.38;No;No;Ex Fumador;No;Nódulo sintomático;Eutiroideo;6;4;59.00;32.00;33.00;5;Polo superior;;;;;Si;VI;Para nada;Bastante;Un poco;Para nada;Mucho;Bastante;Para nada;Para nada;Un poco;Para nada;Para nada;Para nada;Un poco;Para nada;Un poco;Para nada;Para nada;Un poco;Para nada;Bastante;Un poco;Para nada;Para nada;Un poco;50;Hombre;50;30;;Papilar;CPT- Clásica;;;Bilateral;Si, no especifica localización;Bilateral;Rebasa músculo pretiroideo;Si;Si Detallar: {datohis141_v2}, Método de detección: {datohis142_v2};No;;M0;N1a;T3b(m)N1bM1;10.66;RIESGO ALTO;2023-11-13;2023-12-03;Convencional;Total ampliada a anillos traqueales, laringe, tejidos blandos o piel;R1- Microscópica;Derecho;Bilateral;;II;II;;Central;HEE - Ecuador  (EC01U);
502;9-13;RIESGO INTERMEDIO;RIESGO ALTO;1715124374;9-13;37.74;Si;No;Ex Fumador;No;Imagen incidental;Eutiroideo;7;5;7.50;4.60;0.00;1;Medio;;;;;Si;IV;Mucho;Un poco;Un poco;Un poco;Bastante;Bastante;Para nada;Para nada;Bastante;Bastante;Un poco;Para nada;Bastante;Bastante;Bastante;Un poco;Para nada;Un poco;Un poco;Un poco;Un poco;Bastante;Un poco;Mucho;43;Mujer;8;6;;Papilar;CPT- Folicular;;;Bilateral;No hay presencia de invasión;Si, no especifica localización;Invasión a tejido peritiroideo;Si;Desconocido (mx);No;;M0;N1a;T1b(m)N1bM0;5.03;RIESGO INTERMEDIO;2023-11-19;2023-11-27;Convencional;Total;Ro- Libre de tumor;Derecho;Bilateral;;II;II;;Central;HEE - Ecuador  (EC01U);
503;9-14;;;2100799838;9-14;31.91;No;No;Nunca;No;Nódulo sintomático;Eutiroideo;6;4;45.00;59.00;50.00;1;Medio;;;;;Si;V;Para nada;Para nada;Para nada;Un poco;Bastante;Para nada;Un poco;Para nada;Para nada;Para nada;Un poco;Para nada;Bastante;Bastante;Para nada;Un poco;Bastante;Un poco;Para nada;Para nada;Para nada;Un poco;Un poco;Para nada;30;Mujer;;;ADENOMA FOLICULAR;Otros;;;Unilateral derecho;;No hay presencia de invasión;No hay presencia de invasión;Ninguna;No se puede evaluar;Desconocido (mx);No;T0;0;Nx;;;;2024-01-01;2024-06-01;Endoscópica;Total;Ro- Libre de tumor;;;;;;;Ninguno;;
504;9-15;BAJO RIESGO;RIESGO ALTO;1720566643;9-15;27.43;Si;No;Nunca;No;Nódulo sintomático;Eutiroideo;4;4;27.00;21.00;34.00;;;Medio;;1;;Si;VI;Para nada;Para nada;Un poco;Un poco;Un poco;Para nada;Para nada;Para nada;Bastante;Un poco;Un poco;Un poco;Un poco;Un poco;Para nada;Un poco;Un poco;Un poco;Un poco;Un poco;Un poco;Un poco;Un poco;Un poco;38;Mujer;;;;Papilar;CPT- Folicular;;Unilateral izquierdo;;No hay presencia de invasión;No hay presencia de invasión;Rebasa cápsula/ tejido peritiroideo;No;Si Detallar: {datohis141_v2}, Método de detección: {datohis142_v2};No;;0;N0;T1a(s)N0M0;4.22;RIESGO INTERMEDIO;2024-01-01;2024-01-10;Convencional;Total;Ro- Libre de tumor;;Bilateral;;IV;;;Lateral;HEE - Ecuador  (EC01U);
505;9-16;MUY BAJO RIESGO;RIESGO BAJO;1729124030;9-16;26.99;No;No;Nunca;No;Imagen incidental;Eutiroideo;4;4;6.00;6.00;6.00;1;;;;;;Si;VI;Para nada;Un poco;Un poco;Un poco;Mucho;Para nada;Mucho;Mucho;Bastante;Un poco;Para nada;Para nada;Un poco;Mucho;Un poco;Un poco;Bastante;Para nada;Bastante;Bastante;Bastante;Para nada;Un poco;Un poco;21;Hombre;;;;Papilar;CPT- Folicular;;Unilateral derecho;;No hay presencia de invasión;No hay presencia de invasión;Ninguna;No;Desconocido (mx);No;;0;N0;T1a(s)N0M0;3.31;RIESGO BAJO;2024-01-04;2024-01-06;Convencional;Lobectomía izquierda;Ro- Libre de tumor;;;;;;;Ninguno;HEE - Ecuador  (EC01U);
506;9-17;;;;9-17;26.12;No;No;Nunca;No;Imagen incidental;Eutiroideo;4;4;2.80;1.80;;;;Medio;;1;;Si;V;Para nada;Mucho;Mucho;Para nada;Para nada;Un poco;Para nada;Un poco;Un poco;Un poco;Para nada;Para nada;Para nada;Para nada;Para nada;Para nada;Un poco;Para nada;Para nada;Para nada;Para nada;Para nada;Para nada;Bastante;43;Mujer;;;;;;;;;;;;;;;;;;;;;;;;;;;;;;;;;;Debido a que este formulario fue por error o prueba (práctica).
507;9-18;RIESGO INTERMEDIO;RIESGO ALTO;0502371875;9-18;22.07;Si;No;Ex Fumador;No;Nódulo sintomático;Eutiroideo;4;4;7.90;6.70;;1;;;;;;Si;IV;Un poco;Para nada;Para nada;Para nada;Mucho;Para nada;Un poco;Para nada;Para nada;Bastante;Un poco;Para nada;Para nada;Para nada;Un poco;Para nada;Para nada;Bastante;Bastante;Para nada;Para nada;Para nada;Para nada;Bastante;44;Hombre;30;20;;Papilar;CPT- Clásica;;No especifica;Bilateral;Bilateral;Bilateral;Ninguna;Si;Desconocido (mx);No;;0;N1b;T3b(m)N1bM0;5.58;RIESGO INTERMEDIO;2024-02-01;2024-02-06;Convencional;Total;R1- Microscópica;;Bilateral;;II;II;;Lateral;HEE - Ecuador  (EC01U);
508;9-19;BAJO RIESGO;RIESGO BAJO;1704829009;9-19;30.67;Si;No;Nunca;No;Nódulo sintomático;Eutiroideo;6;4;41.00;23.00;;2;;;;;;Si;IV;Un poco;Un poco;Un poco;Un poco;Para nada;Un poco;Un poco;Para nada;Para nada;Bastante;Bastante;Para nada;Bastante;Un poco;Para nada;Un poco;Bastante;Bastante;Para nada;Un poco;Un poco;Para nada;Para nada;Para nada;66;Mujer;20;15;;Papilar;CPT- Folicular;;Unilateral derecho;;;;Ninguna;No;Desconocido (mx);No;;0;N0;T1b(s)N0M0;6.04;RIESGO BAJO;2024-02-26;2024-02-29;Convencional;Total;R2- Macroscópica;Derecho;Unilateral;Derecho;;;III;Central;HEE - Ecuador  (EC01U);
509;9-2;MUY BAJO RIESGO;RIESGO BAJO;1801294073;9-2;24.97;Si;No;Nunca;No;Nódulo sintomático;Eutiroideo;5;4;20.00;16.00;00.00;;;;Medio;;1;Si;VI;Bastante;Un poco;Un poco;Un poco;Bastante;Mucho;Mucho;Bastante;Un poco;Mucho;Bastante;Bastante;Bastante;Para nada;Para nada;Para nada;Un poco;Bastante;Mucho;Un poco;Para nada;Un poco;Un poco;Para nada;65;Mujer;3;3;;Papilar;CPT- Folicular;;Unilateral derecho;No especifica;Si, no especifica localización;Si, no especifica localización;Ninguna;No;Desconocido (mx);No;;0;N0;T1a(s)N0M0;3.61;RIESGO BAJO;2023-10-18;2023-10-21;Convencional;Total;Ro- Libre de tumor;Derecho;;;;;;Central;HEE - Ecuador  (EC01U);
510;9-20;MUY BAJO RIESGO;RIESGO BAJO;1710479153;9-20;28.28;No;No;Nunca;No;Imagen incidental;Eutiroideo;4;4;6.00;3.00;4.00;1;Medio;;;;;Si;III;Bastante;Mucho;Mucho;Para nada;Mucho;Un poco;Un poco;Bastante;Mucho;Bastante;Mucho;Un poco;Mucho;Bastante;Un poco;Bastante;Un poco;Bastante;Un poco;Bastante;Un poco;Bastante;Un poco;Bastante;51;Mujer;4;5;;Papilar;CPT- Folicular;;;Unilateral derecho;No hay presencia de invasión;No hay presencia de invasión;Ninguna;No se puede evaluar;Desconocido (mx);No;;M0;Nx;T1a(m)N0M0;4.31;RIESGO BAJO;2024-01-16;2024-01-20;Convencional;Total;Ro- Libre de tumor;;;;;;;Ninguno;HEE - Ecuador  (EC01U);
511;9-21;BAJO RIESGO;RIESGO BAJO;1002002200;9-21;35.88;No;No;Nunca;No;Imagen incidental;Eutiroideo;4;4;11.00;;;3;;;;;;Si;V;Un poco;Para nada;Un poco;Para nada;Bastante;Un poco;Para nada;Bastante;Bastante;Para nada;Un poco;Un poco;Bastante;Bastante;Bastante;Bastante;Bastante;Bastante;Un poco;Un poco;Bastante;Un poco;Un poco;Para nada;49;Mujer;20;17;;Papilar;CPT- Folicular;;Unilateral derecho;;No hay presencia de invasión;Unilateral derecho;Rebasa cápsula/ tejido peritiroideo;No;No;No;;0;N0;T1b(s)N0M0;5.84;RIESGO BAJO;2024-01-21;2024-01-26;Convencional;Total;Ro- Libre de tumor;Derecho;;;;;;Central;HEE - Ecuador  (EC01U);
512;9-22;RIESGO INTERMEDIO;RIESGO ALTO;0502563356;9-22;32.16;No;No;Nunca;No;Imagen incidental;Eutiroideo;0;1;3.70;3.50;;2;;;;;;Si;V;Un poco;Un poco;Un poco;Un poco;Un poco;Bastante;Para nada;Un poco;Para nada;Bastante;Para nada;Para nada;Para nada;Bastante;Para nada;Un poco;Bastante;Un poco;Bastante;Un poco;Un poco;Un poco;Bastante;Un poco;44;Mujer;38;45;;Papilar;CPT- Clásica;;Istmo;;No hay presencia de invasión;Unilateral derecho;Ninguna;Si;No;No;;0;N1a;T3a(s)N1aM0;4.95;RIESGO BAJO;2024-02-04;2024-02-10;Convencional;Total;Ro- Libre de tumor;;;;;;;Central;HEE - Ecuador  (EC01U);
513;9-23;;;0804195659;9-23;24.34;No;No;Nunca;No;Nódulo sintomático;Hipotiroideo;4;4;6.30;3.70;4.00;;;;;;;Si;III;Un poco;Un poco;Para nada;Un poco;Un poco;Bastante;Para nada;Bastante;Bastante;Bastante;Un poco;Un poco;Un poco;Un poco;Un poco;Para nada;Un poco;Mucho;Un poco;Para nada;Para nada;Un poco;Para nada;Bastante;31;Mujer;;;;;;;;;;;;;;;T0;;;;;;2024-02-07;2024-02-11;Convencional;Total;Ro- Libre de tumor;;;;;;;;;
514;9-24;MUY BAJO RIESGO;RIESGO BAJO;1721963724;9-24;22.72;No;No;Nunca;Si;Imagen incidental;Eutiroideo;7;5;5.10;1.70;2.10;;;;;;;No;;Para nada;Para nada;Para nada;Para nada;Bastante;Para nada;Un poco;Para nada;Bastante;Bastante;Para nada;Mucho;Para nada;Mucho;Para nada;Bastante;Un poco;Para nada;Un poco;Un poco;Bastante;Para nada;Para nada;Un poco;34;Hombre;10;6;;Papilar;CPT- Folicular;;;Bilateral;;;Ninguna;No;Desconocido (mx);No;;M0;N0;T1a(m)N0M0;3.40;RIESGO BAJO;2024-02-24;2024-02-29;Convencional;Total;Ro- Libre de tumor;;;;;;;Ninguno;HEE - Ecuador  (EC01U);
515;9-25;MUY BAJO RIESGO;RIESGO BAJO;1712252863;9-25;30.08;No;Si;Nunca;No;Nódulo sintomático;Hipotiroideo;4;4;4.00;2.70;2.00;;;;;;;Si;IV;Para nada;Para nada;Para nada;Para nada;Bastante;Para nada;Un poco;Para nada;Bastante;Bastante;Para nada;Mucho;Para nada;Mucho;Para nada;Bastante;Un poco;Para nada;Un poco;Un poco;Bastante;Para nada;Para nada;Un poco;45;Mujer;5;5;;Papilar;CPT- Folicular;;Unilateral derecho;;No hay presencia de invasión;No hay presencia de invasión;Ninguna;No;Desconocido (mx);No;;0;N0;T1a(s)N0M0;4.63;RIESGO BAJO;2024-02-26;2024-02-29;Convencional;Total;Ro- Libre de tumor;;;;;;;Central;HEE - Ecuador  (EC01U);
516;9-26;;;1701998328;9-26;29.08;No;No;Nunca;No;Imagen incidental;Eutiroideo;0;1;;;;;;;;;;;;;;;;;;;;;;;;;;;;;;;;;;;;;Mujer;;;;;;;;;;;;;;;;;;;;;;;;;;;;;;;;;;Debido a que el paciente no cumple con los criterios de inclusión.
517;9-27;RIESGO INTERMEDIO;RIESGO ALTO;1754103644;9-27;19.88;No;No;Nunca;No;Nódulo sintomático;Eutiroideo;5;4;42.00;26.00;23.00;1;Medio;;;;;Si;VI;Mucho;Un poco;Un poco;Un poco;Mucho;Un poco;Para nada;Un poco;Un poco;Para nada;Para nada;Para nada;Mucho;Un poco;Para nada;Para nada;Para nada;Bastante;Para nada;Para nada;Para nada;Para nada;Para nada;Un poco;18;Mujer;;;;Papilar;CPT- Clásica;;Unilateral derecho;;No hay presencia de invasión;Si, no especifica localización;Ninguna;Si;No;No;Tx;0;N1a;T1a(s)N1bM0;3.10;RIESGO INTERMEDIO;2024-03-13;2024-03-18;Convencional;Total;Ro- Libre de tumor;Derecho;Unilateral;;;;II;Central;HEE - Ecuador  (EC01U);
518;9-28;RIESGO INTERMEDIO;RIESGO ALTO;1756672422;9-28;21.08;No;No;Nunca;No;Nódulo sintomático;Eutiroideo;10;5;17.00;29.00;36.00;1;Medio;;;;;Si;VI;Para nada;Para nada;Para nada;Para nada;Un poco;Para nada;Para nada;Bastante;Bastante;Para nada;Para nada;Para nada;Bastante;Un poco;Para nada;Un poco;Para nada;Para nada;Bastante;Bastante;Bastante;Bastante;Bastante;Un poco;21;Mujer;;;;Papilar;CPT- Clásica;;;Bilateral;No hay presencia de invasión;No hay presencia de invasión;Ninguna;No se puede evaluar;Desconocido (mx);Si;;M0;Nx;T3B(S)N0M0;5.30;RIESGO BAJO;2024-03-13;2024-03-18;Convencional;Total;Ro- Libre de tumor;;;;;;;;HEE - Ecuador  (EC01U);
519;9-29;ALTO RIESGO;RIESGO ALTO;1726124835;9-29;26.98;No;No;Nunca;No;Nódulo sintomático;Eutiroideo;7;5;10.00;12.00;9.00;1;;;;;;Si;VI;Un poco;Para nada;Un poco;Para nada;Para nada;Para nada;Para nada;Para nada;Para nada;Para nada;Para nada;Para nada;Un poco;Para nada;Para nada;Para nada;Un poco;Un poco;Para nada;Un poco;Un poco;Un poco;Para nada;Un poco;29;Mujer;12;;;Papilar;CPT- Clásica;;;Unilateral derecho;Si, no especifica localización;Si, no especifica localización;Ninguna;Si;Desconocido (mx);No;;M0;N1a;T1b(s)N1bM0;4.46;RIESGO ALTO;2024-04-11;2024-04-19;Convencional;Total;Ro- Libre de tumor;Derecho;Bilateral;;II;;;Central;HEE - Ecuador  (EC01U);
520;9-3;MUY BAJO RIESGO;RIESGO BAJO;1713815866;9-3;26.31;No;No;Nunca;No;Nódulo sintomático;Eutiroideo;4;4;2.80;1.80;0.00;;;;;1;;Si;V;Para nada;Mucho;Mucho;Para nada;Para nada;Un poco;Para nada;Mucho;Mucho;Un poco;Para nada;Para nada;Para nada;Para nada;Para nada;Bastante;Mucho;Para nada;Para nada;Un poco;Para nada;Un poco;Un poco;Un poco;41;Mujer;;;;Papilar;CPT- Clásica;;Unilateral derecho;;Si, no especifica localización;Si, no especifica localización;Ninguna;No;Desconocido (mx);No;;0;N0;"	T1a(s)N0M0";3.61;RIESGO BAJO;2023-10-18;2023-10-23;Convencional;Total;Ro- Libre de tumor;Izquierdo;;;;;;Central;HEE - Ecuador  (EC01U);
521;9-30;;;0801519844;9-30;21.93;No;No;Nunca;No;Nódulo sintomático;Eutiroideo;7;5;20.00;0.80;34.00;;;Polo inferior;;1;;Si;VI;Un poco;Un poco;Bastante;Un poco;Un poco;Un poco;Para nada;Para nada;Un poco;Un poco;Un poco;Un poco;Un poco;Para nada;Para nada;Un poco;Un poco;Un poco;Un poco;Un poco;Un poco;Un poco;Un poco;Un poco;75;Mujer;;;;;;;;;;;;;;;;;;;;;;;;;;;;;;;;;;Debido a que el paciente no se realizo cirugía u otro TMIV.
522;9-31;BAJO RIESGO;RIESGO BAJO;0202091427;9-31;26.56;No;No;Nunca;No;Nódulo sintomático;Eutiroideo;7;5;10.00;9.00;5.00;;;;Medio;;1;Si;VI;Bastante;Un poco;Bastante;Bastante;Bastante;Mucho;Bastante;Bastante;Un poco;Bastante;Para nada;Un poco;Bastante;Un poco;Para nada;Para nada;Bastante;Un poco;Bastante;Un poco;Un poco;Bastante;Bastante;Para nada;35;Mujer;15;9;;Papilar;CPT- Folicular;;;No especifica;No hay presencia de invasión;No hay presencia de invasión;Ninguna;No;Desconocido (mx);No;;M0;N0;T1b(m)N0M0;3.55;RIESGO BAJO;2024-06-23;2024-06-25;Convencional;Total;Ro- Libre de tumor;;;;;;;Ninguno;HEE - Ecuador  (EC01U);
523;9-32;BAJO RIESGO;RIESGO ALTO;1715199194;9-32;34.55;No;No;Nunca;No;Nódulo sintomático;Eutiroideo;7;5;27.00;20.00;25.00;1;Medio;;;;;Si;VI;Un poco;Un poco;Un poco;Para nada;Bastante;Bastante;Para nada;Bastante;Bastante;Para nada;Para nada;Para nada;Bastante;Bastante;Para nada;Para nada;Para nada;Un poco;Bastante;Para nada;Para nada;Para nada;Para nada;Un poco;42;Mujer;35;30;;Papilar;CPT- Clásica;;Unilateral derecho;;Si, no especifica localización;Si, no especifica localización;Rebasa músculo pretiroideo;Si;Si Detallar: {datohis141_v2}, Método de detección: {datohis142_v2};No;;0;N1a;T2(s)N1aM1;8.57;RIESGO INTERMEDIO;2024-06-13;2024-06-21;Convencional;Total;Ro- Libre de tumor;;;;;;;Central;HEE - Ecuador  (EC01U);
524;9-33;BAJO RIESGO;RIESGO ALTO;1707352165;9-33;23.78;Si;Si;Nunca;No;Pruebas no relacionadas;Eutiroideo;7;5;20.00;30.00;0.00;1;Medio;;;;;Si;IV;Para nada;Para nada;Un poco;Para nada;Un poco;Para nada;Para nada;Un poco;Un poco;Para nada;Para nada;Para nada;Para nada;Para nada;Un poco;Para nada;Un poco;Para nada;Para nada;Para nada;Para nada;Un poco;Un poco;Para nada;61;Mujer;23;15;;Papilar;CPT- Folicular;;;Bilateral;No hay presencia de invasión;Si, no especifica localización;Ninguna;Si;Desconocido (mx);No;;M0;N1a;T2(m)N1aM0;6.57;RIESGO INTERMEDIO;2024-05-20;2024-05-27;Convencional;Total;Ro- Libre de tumor;Derecho;Unilateral;Derecho;;;II;Central;HEE - Ecuador  (EC01U);
525;9-34;;;1716583180;9-34;26.83;No;No;Actualmente;No;Nódulo sintomático;Eutiroideo;8;5;34.00;37.00;;;;Medio;;1;;Si;VI;Bastante;Bastante;Bastante;Para nada;Bastante;Para nada;Para nada;Un poco;Para nada;Para nada;Bastante;Un poco;Bastante;Para nada;Un poco;Para nada;Un poco;Bastante;Para nada;Para nada;Para nada;Un poco;Un poco;Para nada;43;Hombre;;;;;;;;;;;;;;;;;;;;;;;;;;;;;;;;;;
526;9-35;MUY BAJO RIESGO;RIESGO BAJO;1102505177;9-35;29.34;No;No;Nunca;No;Tamizaje;Eutiroideo;0;1;;;;;;Medio;;1;;Si;V;Para nada;Para nada;Para nada;Para nada;Para nada;Para nada;Bastante;Un poco;Un poco;Bastante;Bastante;Bastante;Para nada;Un poco;Mucho;Un poco;Mucho;Bastante;Para nada;Un poco;Para nada;Para nada;Un poco;Para nada;49;Mujer;;;;Papilar;Desconocida;;;Bilateral;No hay presencia de invasión;No hay presencia de invasión;Ninguna;No;Desconocido (mx);Si;;M0;N0;T1a(s)N0M0;5.02;RIESGO BAJO;2024-06-27;2024-07-01;Convencional;Total;Ro- Libre de tumor;;;;;;;Central;;
527;9-36;ALTO RIESGO;RIESGO ALTO;1706606116;9-36;29.14;No;No;Nunca;No;Nódulo sintomático;Eutiroideo;6;4;28.00;28.00;26.00;;;Medio;;1;;Si;V;Un poco;Bastante;Un poco;Un poco;Mucho;Bastante;Para nada;Bastante;Bastante;Bastante;Un poco;Un poco;Un poco;Para nada;Para nada;Para nada;Mucho;Mucho;Un poco;Bastante;Bastante;Bastante;Un poco;Para nada;86;Mujer;90;65;;Anaplásico;;;;Bilateral;No hay presencia de invasión;Si, no especifica localización;Rebasa laringe, tráquea, esófago, nervio laríngeo;Si;Desconocido (mx);No;;M0;N1a;T4a(m)N1bM0;10.66;RIESGO ALTO;2024-06-03;2024-07-03;Convencional;Total ampliada a anillos traqueales, laringe, tejidos blandos o piel;Ro- Libre de tumor;Izquierdo;Unilateral;Izquierdo;;;II;Central;;
528;9-37;ALTO RIESGO;RIESGO ALTO;1713394946;9-37;25.92;Si;No;Nunca;No;Nódulo sintomático;Eutiroideo;8;5;23.00;22.00;15.00;;;Medio;;1;;Si;VI;Para nada;Para nada;Para nada;Para nada;Para nada;Un poco;Para nada;Para nada;Un poco;Para nada;Para nada;Un poco;Para nada;Para nada;Un poco;Bastante;Para nada;Un poco;Un poco;Un poco;Un poco;Para nada;Un poco;Un poco;57;Mujer;;;;Papilar;CPT- Clásica;;Unilateral izquierdo;;No hay presencia de invasión;Si, no especifica localización;Rebasa laringe, tráquea, esófago, nervio laríngeo;Si;Si Detallar: {datohis141_v2}, Método de detección: {datohis142_v2};No;;0;N1a;T4a(m)N1bM1;25.30;RIESGO ALTO;2024-08-05;2024-08-15;Convencional;Total;Ro- Libre de tumor;;Unilateral;Izquierdo;;;II;Central;;
529;9-38;;;1703283661;9-38;28.89;No;No;Nunca;No;Nódulo sintomático;Eutiroideo;0;1;;;;;;;;;;Si;V;Un poco;Un poco;Para nada;Para nada;Para nada;Para nada;Bastante;Un poco;Un poco;Bastante;Bastante;Un poco;Bastante;Para nada;Para nada;Para nada;Para nada;Un poco;Un poco;Para nada;Para nada;Un poco;Para nada;Para nada;77;Mujer;;;;;;;;;;;;;;;;;;;;;;;;;;;;;;;;;;Debido a que el paciente no cumple con los criterios de inclusión.
530;9-39;ALTO RIESGO;RIESGO ALTO;1709591091;9-39;30.04;Si;No;Nunca;No;Nódulo sintomático;Eutiroideo;9;5;10.00;12.00;13.00;;;Medio;;3;;Si;V;Bastante;Para nada;Para nada;Un poco;Para nada;Mucho;Para nada;Bastante;Bastante;Un poco;Bastante;Para nada;Bastante;Bastante;Bastante;Bastante;Bastante;Bastante;Mucho;Para nada;Para nada;Bastante;Bastante;Para nada;56;Mujer;40;20;;Papilar;CPT- Folicular;;;Unilateral izquierdo;Si, no especifica localización;Si, no especifica localización;Rebasa laringe, tráquea, esófago, nervio laríngeo;Si;No;No;;M0;N1a;T4b(m)N1bM0;6.76;RIESGO ALTO;2024-07-20;2024-07-31;Convencional;Total;Ro- Libre de tumor;;Unilateral;Izquierdo;;;II;Central;HEE - Ecuador  (EC01U);
531;9-4;MUY BAJO RIESGO;RIESGO BAJO;0400899373;9-4;26.64;No;No;Ex Fumador;No;Imagen incidental;Hipertiroideo;5;4;12.00;00.00;00.00;1;Medio;;;;;Si;V;Un poco;Para nada;Para nada;Un poco;Para nada;Un poco;Para nada;Bastante;Bastante;Para nada;Un poco;Un poco;Un poco;Bastante;Un poco;Bastante;Un poco;Mucho;Un poco;Un poco;Un poco;Un poco;Un poco;Un poco;51;Mujer;17;12;;Papilar;CPT- Folicular;;Unilateral derecho;;Si, no especifica localización;Si, no especifica localización;Ninguna;No;Desconocido (mx);Si;;0;N0;T1b(s)N0M0;4.75;RIESGO BAJO;2023-10-16;2023-10-19;Convencional;Total;Ro- Libre de tumor;;;;;;;Ninguno;HEE - Ecuador  (EC01U);
532;9-40;;;1000944494;9-40;22.89;No;No;Nunca;No;Nódulo sintomático;Eutiroideo;0;1;;;;;;;;;;Si;I;Para nada;Para nada;Para nada;Para nada;Un poco;Un poco;Para nada;Para nada;Para nada;Para nada;Para nada;Un poco;Un poco;Para nada;Para nada;Para nada;Para nada;Un poco;Un poco;Un poco;Para nada;Un poco;Para nada;Para nada;58;Mujer;;;;;;;;;;;;;;;;;;;;;;;;;;;;;;;;;;Debido a que el paciente no cumple con los criterios de inclusión.
533;9-41;;;1713967246;9-41;29.68;No;No;Nunca;No;Nódulo sintomático;Eutiroideo;4;4;19.00;17.00;;;;Medio;;1;;Si;IV;Un poco;Un poco;Mucho;Bastante;Mucho;Para nada;Un poco;Bastante;Un poco;Un poco;Un poco;Un poco;Mucho;Un poco;Un poco;Para nada;Un poco;Mucho;Mucho;Bastante;Un poco;Bastante;Bastante;Un poco;44;Mujer;;;;;;;;;;;;;;;T0;;;;;;2024-07-17;2024-07-26;Convencional;Total;Ro- Libre de tumor;;;;;;;Ninguno;;
534;9-42;RIESGO INTERMEDIO;RIESGO ALTO;1202645410;9-42;21.83;No;No;Nunca;No;Nódulo sintomático;;6;4;15.00;9.50;;;;;Medio;;1;Si;VI;Mucho;Un poco;Bastante;Mucho;Mucho;Un poco;Mucho;Para nada;Para nada;Mucho;Un poco;Para nada;Bastante;Para nada;Mucho;Mucho;Bastante;Mucho;Mucho;Mucho;Mucho;Mucho;Mucho;Para nada;52;Mujer;30;13;;Papilar;CPT- Clásica;;Istmo;;Si, no especifica localización;Istmo;Ninguna;Si;Desconocido (mx);Si;T2;0;N1a;T2(s)N1aM0;6.14;RIESGO BAJO;2024-08-12;2024-08-16;Convencional;Total;Ro- Libre de tumor;;;;;;;Central;;
535;9-43;RIESGO INTERMEDIO;RIESGO ALTO;0503108342;9-43;17.4;No;No;Nunca;No;Nódulo sintomático;Eutiroideo;7;5;35.00;;;;;Medio;;1;;Si;VI;Para nada;Un poco;Para nada;Para nada;Para nada;Un poco;Para nada;Para nada;Para nada;Para nada;Un poco;Para nada;Para nada;Un poco;Para nada;Para nada;Para nada;Para nada;Para nada;Para nada;Para nada;Para nada;Para nada;Un poco;39;Mujer;42;40;;Papilar;CPT- Folicular;;;Bilateral;No hay presencia de invasión;Si, no especifica localización;Invasión a tejido peritiroideo;Si;Desconocido (mx);No;;M0;N1a;T3a(m)N1bM0;5.63;RIESGO INTERMEDIO;2024-08-13;2024-08-17;Convencional;Total;Ro- Libre de tumor;Derecho;Unilateral;Derecho;;;II;Central;;
536;9-44;ALTO RIESGO;RIESGO ALTO;0500072657;9-44;27.41;No;No;Nunca;No;Nódulo sintomático;Eutiroideo;7;5;18.00;15.00;;;;Medio;;1;;Si;II;Para nada;Para nada;Un poco;Para nada;Para nada;Para nada;Un poco;Para nada;Para nada;Bastante;Bastante;Bastante;Para nada;Para nada;Para nada;Para nada;Un poco;Para nada;Un poco;Para nada;Para nada;Un poco;Un poco;Un poco;85;Hombre;;;;Póbremente Diferenciado;;;;Unilateral derecho;No hay presencia de invasión;Si, no especifica localización;Ninguna;No se puede evaluar;Desconocido (mx);No;T0;M0;Nx;T3a(m)N0M0;9.88;RIESGO ALTO;2024-04-25;2024-04-28;Convencional;Total;Ro- Libre de tumor;;;;;;;Ninguno;HEE - Ecuador  (EC01U);Debido a que el paciente no cumple con los criterios de inclusión.
537;9-45;;;1704016508;9-45;20.44;No;No;Nunca;No;Nódulo sintomático;Hipotiroideo;9;5;40.00;89.00;62.00;1;Medio;;;;;Si;IV;Para nada;Un poco;Un poco;Para nada;Para nada;Para nada;Un poco;Para nada;Para nada;Para nada;Para nada;Un poco;Para nada;Un poco;Un poco;Para nada;Para nada;Un poco;Un poco;Para nada;Para nada;Para nada;Para nada;Para nada;74;Mujer;;;;;;;;;;;;;;;T0;;;;;;;;;;;;;;;;;;;
538;9-46;ALTO RIESGO;RIESGO ALTO;0401245006;9-46;32.89;No;No;Nunca;No;Nódulo sintomático;Eutiroideo;7;5;41.00;28.00;;3;Medio;;Medio;2;1;Si;VI;Un poco;Para nada;Para nada;Para nada;Para nada;Un poco;Para nada;Para nada;Para nada;Para nada;Para nada;Un poco;Para nada;Un poco;Para nada;Para nada;Para nada;Un poco;Para nada;Para nada;Para nada;Para nada;Para nada;Para nada;44;Mujer;45;30;;Papilar;CPT- Clásica;;;Unilateral derecho;No hay presencia de invasión;Si, no especifica localización;Rebasa fascia cervical posterior  y/o vasos;Si;Desconocido (mx);No;;M0;N1a;T4b(m)N1bM0;6.95;RIESGO ALTO;2024-09-17;2024-09-27;Convencional;Total;R2- Macroscópica;Derecho;;;;;;Central;;
539;9-47;;;1752550374;9-47;24.51;No;Si;Nunca;No;Nódulo sintomático;Eutiroideo;6;4;38.00;25.00;30.00;1;Medio;;;;;Si;V;Para nada;Para nada;Un poco;Un poco;Para nada;Para nada;Un poco;Para nada;Para nada;Para nada;Para nada;Un poco;Para nada;Bastante;Para nada;Un poco;Para nada;Para nada;Para nada;Para nada;Un poco;Para nada;Para nada;Un poco;22;Mujer;;;;;;;;;;;;;;;;;;;;;;;;;;;;;;;;;;Debido a que el paciente no cumple con los criterios de inclusión.
540;9-48;ALTO RIESGO;RIESGO ALTO;1718657081;9-48;23.88;No;No;Nunca;No;Nódulo sintomático;Eutiroideo;8;5;19.00;20.00;;1;Medio;;;;;Si;VI;Bastante;Bastante;Un poco;Bastante;Bastante;Bastante;Bastante;Bastante;Bastante;Bastante;Bastante;Para nada;Un poco;Para nada;Un poco;Para nada;Bastante;Bastante;Un poco;Bastante;Un poco;Bastante;Bastante;Un poco;39;Mujer;35;25;;Papilar;CPT- Clásica;;Unilateral derecho;;Si, no especifica localización;No hay presencia de invasión;Rebasa fascia cervical posterior  y/o vasos;Si;Desconocido (mx);No;;0;N1a;T4b(s)N1bM0;6.95;RIESGO ALTO;2024-09-30;2024-10-08;Convencional;Total;R1- Microscópica;Derecho;Bilateral;;IV;I;;Central;;
541;9-49;ALTO RIESGO;RIESGO ALTO;1706459615;9-49;23.21;No;No;Ex Fumador;No;Nódulo sintomático;Eutiroideo;10;5;30.00;45.00;25.00;;;Medio;;1;;Si;VI;Un poco;Para nada;Un poco;Para nada;Para nada;Para nada;Para nada;Bastante;Para nada;Para nada;Para nada;Un poco;Para nada;Un poco;Para nada;Para nada;Para nada;Un poco;Bastante;Para nada;Para nada;Un poco;Para nada;Un poco;58;Hombre;25;14;;Papilar;CPT- Clásica;;Unilateral izquierdo;;Si, no especifica localización;No hay presencia de invasión;Ninguna;Si;No;No;;0;N1a;T2(s)N1bM0;5.55;RIESGO INTERMEDIO;2024-10-02;2024-10-15;Convencional;Total;Ro- Libre de tumor;Izquierdo;;;;;;Central;;
542;9-5;BAJO RIESGO;RIESGO ALTO;1707173413;9-5;24.19;No;No;Nunca;No;Nódulo sintomático;Eutiroideo;6;4;17.00;42.00;00.00;1;Medio;;;;;Si;VI;Para nada;Para nada;Para nada;Para nada;Un poco;Bastante;Para nada;Para nada;Para nada;Para nada;Un poco;Un poco;Un poco;Para nada;Para nada;Para nada;Para nada;Para nada;Para nada;Para nada;Un poco;Para nada;Para nada;Para nada;48;Mujer;50;32;;Papilar;CPT- Clásica;;No especifica;Bilateral;Si, no especifica localización;Bilateral;Ninguna;Si;Desconocido (mx);No;;0;N1a;T2(m)N1aM0;5.47;RIESGO INTERMEDIO;2023-10-27;2023-10-30;Convencional;Total;Ro- Libre de tumor;Derecho;;;;;;Central;HEE - Ecuador  (EC01U);
543;9-50;MUY BAJO RIESGO;RIESGO BAJO;1707060594;9-50;25.39;No;No;Nunca;No;Tamizaje;Eutiroideo;3;3;28.00;25.00;;;;Medio;;1;;Si;VI;Un poco;Para nada;Un poco;Para nada;Bastante;Un poco;Para nada;Un poco;Un poco;Bastante;Un poco;Para nada;Un poco;Un poco;Un poco;Un poco;Un poco;Un poco;Para nada;Un poco;Un poco;Un poco;Un poco;Un poco;53;Mujer;10;7;;Papilar;CPT- Folicular;;;Bilateral;Si, no especifica localización;No hay presencia de invasión;Ninguna;Si;Desconocido (mx);No;;M0;N1a;T1a(m)N1bM0;5.02;RIESGO BAJO;2024-10-07;2024-10-10;Convencional;Total;Ro- Libre de tumor;;Unilateral;Izquierdo;;;III;Central;;
544;9-51;;;2200585129;9-51;26.84;No;No;Nunca;No;Nódulo sintomático;Eutiroideo;4;4;37.00;19.00;;1;Medio;;;;;Si;V;Un poco;Para nada;Un poco;Un poco;Bastante;Un poco;Un poco;Un poco;Para nada;Para nada;Para nada;Para nada;Un poco;Para nada;Para nada;Para nada;Un poco;Un poco;Un poco;Para nada;Para nada;Para nada;Para nada;Para nada;28;Mujer;;;;;;;;;;;;;;;;;;;;;;;;;;;;;;;;;;
545;9-52;;;0400926168;9-52;29.39;No;No;Nunca;No;Imagen incidental;Eutiroideo;9;5;7.60;5.90;0.00;;;;;;1;Si;V;Un poco;Para nada;Para nada;Para nada;Un poco;Bastante;Para nada;Para nada;Para nada;Para nada;Un poco;Un poco;Para nada;Para nada;Un poco;Un poco;Para nada;Un poco;Un poco;Un poco;Para nada;Un poco;Un poco;Para nada;54;Mujer;;;;;;;;;;;;;;;;;;;;;;;;;;;;;;;;;;
546;9-53;RIESGO INTERMEDIO;RIESGO BAJO;1704565959;9-53;24.34;No;No;Nunca;No;Nódulo sintomático;Eutiroideo;4;4;;15.00;;1;Medio;;;;;Si;VI;Un poco;Un poco;Para nada;Para nada;Para nada;Para nada;Un poco;Para nada;Para nada;Un poco;Un poco;Un poco;Para nada;Para nada;Un poco;Para nada;Para nada;Un poco;Para nada;Para nada;Para nada;Un poco;Un poco;Para nada;71;Mujer;11;8;;Papilar;CPT- Clásica;;Unilateral derecho;;Si, no especifica localización;No hay presencia de invasión;Ninguna;No;No;No;;0;N0;pT1b, pNx, pMx ;5.00;RIESGO INTERMEDIO;2024-11-17;2024-11-22;Convencional;Total;Ro- Libre de tumor;;;;;;;Ninguno;;
547;9-54;;;1709315459;9-54;38.93;No;No;Nunca;No;Tamizaje;Hipertiroideo;0;1;;;;;;;;1;;Si;VI;Mucho;Un poco;Para nada;Un poco;Para nada;Mucho;Bastante;Mucho;Mucho;Bastante;Un poco;Un poco;Bastante;Bastante;Para nada;Bastante;Mucho;Mucho;Un poco;Para nada;Para nada;Bastante;Bastante;Un poco;62;Mujer;;;;;;;;;;;;;;;;;;;;;;;;;;;;;;;;;;
548;9-55;;;1707932248;9-55;30.75;Si;No;Nunca;No;Tamizaje;Eutiroideo;5;4;10.00;11.00;;1;Medio;;;;;Si;V;;;;;;;;;;;;;;;;;;;;;;;;;48;Mujer;;;;;;;;;;;;;;;;;;;;;;;;;;;;;;;;;;
549;9-56;;;1314660703;9-56;25.43;No;No;Nunca;No;Nódulo sintomático;;7;5;54.00;52.00;30.00;1;Medio;;;;;Si;V;Bastante;Para nada;Mucho;Mucho;Mucho;Un poco;Mucho;Bastante;Mucho;Para nada;Un poco;Mucho;Mucho;Bastante;Para nada;Mucho;Bastante;Mucho;Mucho;Bastante;Bastante;Mucho;Mucho;Para nada;33;Mujer;;;;;;;;;;;;;;;;;;;;;;;;;;;;;;;;;;
550;9-57;;;21000016850;9-57;27.15;No;No;Nunca;No;;Eutiroideo;5;4;26.00;16.00;35.00;1;Medio;;;;;Si;VI;Para nada;Para nada;Para nada;Para nada;Un poco;Bastante;Un poco;Para nada;Un poco;Bastante;Mucho;Para nada;Bastante;Bastante;Bastante;Para nada;Un poco;Mucho;Un poco;Para nada;Para nada;Para nada;Un poco;Un poco;41;Mujer;;;;;;;;;;;;;;;;;;;;;;;;;;;;;;;;;;
551;9-58;;;1205999988;9-58;23.73;No;No;Nunca;No;Tamizaje;Eutiroideo;9;5;87.00;63.00;8.00;1;Medio;;;;;Si;VI;Para nada;Para nada;Para nada;Para nada;Para nada;Para nada;Bastante;Para nada;Para nada;Para nada;Para nada;Para nada;Para nada;Para nada;Para nada;Para nada;Para nada;Para nada;Para nada;Para nada;Para nada;Un poco;Un poco;Para nada;32;Mujer;;;;;;;;;;;;;;;;;;;;;;;;;;;;;;;;;;
552;9-59;;;1719732743;9-59;32.37;No;No;Nunca;No;Nódulo sintomático;Eutiroideo;10;5;12.00;10.00;;1;Medio;;;;;Si;VI;Un poco;Para nada;Para nada;Para nada;Para nada;;Un poco;Para nada;Para nada;Para nada;Para nada;Para nada;Para nada;Mucho;Para nada;Un poco;Un poco;Para nada;Para nada;Para nada;Un poco;Para nada;Para nada;Un poco;34;Mujer;;;;;;;;;;;;;;;;;;;;;;;;;;;;;;;;;;
553;9-6;;;1102054812;9-6;28.68;No;No;Nunca;No;Nódulo sintomático;Eutiroideo;3;3;13.00;26.00;00.00;1;Medio;;;;;Si;VI;Bastante;Un poco;Para nada;Para nada;Un poco;Bastante;Bastante;Para nada;Para nada;Mucho;Mucho;Mucho;Bastante;Bastante;Mucho;Mucho;Mucho;Mucho;Mucho;Mucho;Para nada;Mucho;Mucho;Para nada;59;Mujer;;;;;;;;;;;;;;;;;;;;;;;;;;;;;;;;;;
554;9-60;;;1757782220;9-60;24.26;No;Si;Ex Fumador;Si;Nódulo sintomático;Eutiroideo;7;5;9.00;7.00;;;;Medio;;1;;Si;VI;Para nada;Para nada;Para nada;Para nada;Bastante;Para nada;Para nada;Para nada;Para nada;Para nada;Para nada;Para nada;Un poco;Para nada;Para nada;Para nada;Un poco;Para nada;Para nada;Para nada;Para nada;Para nada;Un poco;Para nada;61;Hombre;;;;;;;;;;;;;;;;;;;;;;;;;;;;;;;;;;
555;9-61;;;0801641853;9-61;34.01;No;No;Ex Fumador;No;Nódulo sintomático;Eutiroideo;12;5;48.00;27.00;27.00;1;Medio;;;;;Si;VI;Para nada;Para nada;Un poco;Para nada;Bastante;Para nada;Un poco;Un poco;Un poco;Para nada;Un poco;Para nada;Un poco;Un poco;Para nada;Un poco;Un poco;Un poco;Para nada;Un poco;Un poco;Para nada;Bastante;Para nada;50;Hombre;;;;;;;;;;;;;;;;;;;;;;;;;;;;;;;;;;
556;9-62;;;2100402508;9-62;43.83;No;No;Nunca;No;Tamizaje;Eutiroideo;4;4;10.00;7.00;;1;Medio;;;;;Si;V;Para nada;Para nada;Para nada;Para nada;Para nada;Mucho;Un poco;Para nada;Para nada;Para nada;Un poco;Para nada;Para nada;Para nada;Mucho;Para nada;Para nada;Un poco;Para nada;Para nada;Para nada;Para nada;Mucho;Un poco;42;Mujer;;;;;;;;;;;;;;;;;;;;;;;;;;;;;;;;;;
557;9-63;;;1723157143;9-63;35.08;No;No;Nunca;Si;Nódulo sintomático;Eutiroideo;1;2;78.00;53.00;57.00;1;Medio;;;;;No;;Un poco;Bastante;Mucho;Mucho;Un poco;Para nada;Para nada;Para nada;Un poco;Un poco;Para nada;Para nada;Un poco;Un poco;Un poco;Bastante;Bastante;Mucho;Bastante;Un poco;Un poco;Bastante;Bastante;Un poco;35;Hombre;;;;;;;;;;;;;;;;;;;;;;;;;;;;;;;;;;
558;9-64;;;1718445941;9-64;39.41;No;Si;Nunca;No;Nódulo sintomático;Eutiroideo;4;4;31.00;17.00;;;;Medio;;1;;Si;IV;Un poco;Bastante;Mucho;Para nada;Mucho;Un poco;Bastante;Bastante;Bastante;Bastante;Mucho;Mucho;Mucho;Bastante;Bastante;Un poco;Mucho;Bastante;Bastante;Para nada;Para nada;Mucho;Bastante;Mucho;39;Mujer;;;;;;;;;;;;;;;;;;;;;;;;;;;;;;;;;;
559;9-65;;;1801876929;9-65;34.24;Si;No;Nunca;No;Nódulo sintomático;Eutiroideo;4;4;26.00;16.00;;;;;;9;;Si;VI;Un poco;Un poco;Mucho;Bastante;Bastante;Un poco;Para nada;Un poco;Para nada;Un poco;Para nada;Un poco;Un poco;Para nada;Para nada;Para nada;Bastante;Un poco;Para nada;Para nada;Para nada;Bastante;Para nada;Para nada;60;Mujer;;;;;;;;;;;;;;;;;;;;;;;;;;;;;;;;;;
560;9-66;;;1702437375;9-66;32.42;No;No;Nunca;Si;Nódulo sintomático;Eutiroideo;4;4;35.00;25.00;;1;Medio;;;;;Si;V;Bastante;Bastante;Mucho;Mucho;Bastante;Para nada;Un poco;Bastante;Para nada;Mucho;Un poco;Un poco;Mucho;Para nada;Bastante;Para nada;Un poco;Para nada;Bastante;Bastante;Bastante;Para nada;Mucho;Para nada;76;Mujer;;;;;;;;;;;;;;;;;;;;;;;;;;;;;;;;;;
561;9-67;;;1709945933;9-67;34.95;No;No;Nunca;Si;Nódulo sintomático;Eutiroideo;3;3;11.00;7.00;8.00;2;;;;;;No;;Bastante;Para nada;Para nada;Para nada;Mucho;Bastante;Bastante;Para nada;Para nada;Para nada;Para nada;Bastante;Bastante;Mucho;Mucho;Para nada;Para nada;Para nada;Bastante;Bastante;Bastante;Para nada;Bastante;Un poco;55;Hombre;;;;;;;;;;;;;;;;;;;;;;;;;;;;;;;;;;
562;9-68;;;0801967829;9-68;37.68;No;No;Nunca;No;Nódulo sintomático;Eutiroideo;9;5;61.00;29.00;49.00;1;Medio;;;;;Si;VI;Para nada;Para nada;Para nada;Para nada;Para nada;Para nada;Para nada;Bastante;Bastante;Para nada;Para nada;Para nada;Un poco;Para nada;Para nada;Para nada;Bastante;Un poco;Para nada;Para nada;Para nada;Para nada;Un poco;Un poco;49;Hombre;;;;;;;;;;;;;;;;;;;;;;;;;;;;;;;;;;
563;9-69;;;1726684948;9-69;32.2;Si;No;Nunca;No;Nódulo sintomático;Eutiroideo;6;4;15.00;;;1;Medio;;;;;Si;VI;Para nada;Para nada;Mucho;Mucho;Bastante;Un poco;Para nada;Bastante;Bastante;Un poco;Para nada;Para nada;Un poco;Bastante;Un poco;Para nada;Para nada;Bastante;Un poco;Un poco;Para nada;Un poco;Para nada;Un poco;31;Mujer;;;;;;;;;;;;;;;;;;;;;;;;;;;;;;;;;;
564;9-7;ALTO RIESGO;RIESGO ALTO;0802519785;9-7;23.83;No;No;Nunca;No;Nódulo sintomático;Eutiroideo;13;5;33.00;41.00;25.00;1;Polo superior;;;;;Si;VI;Un poco;Un poco;Un poco;Para nada;Mucho;Mucho;Para nada;Para nada;Para nada;Para nada;Para nada;Un poco;Un poco;Un poco;Un poco;Bastante;Un poco;Mucho;Un poco;Un poco;Un poco;Mucho;Mucho;Para nada;39;Mujer;35;28;;Papilar;CPT- Clásica;;Unilateral derecho;;;Unilateral derecho;Ninguna;No;Si Detallar: {datohis141_v2}, Método de detección: {datohis142_v2};No;;0;N0;T1a(s)N0M1;7.28;RIESGO BAJO;2023-10-23;2023-10-27;Convencional;Total;Ro- Libre de tumor;;Unilateral;;;;III;Lateral;HEE - Ecuador  (EC01U);
565;9-70;;;1722269618;9-70;30.59;No;No;Ex Fumador;No;Nódulo sintomático;Hipotiroideo;10;5;27.20;30.80;27.50;;;;;1;;Si;VI;Un poco;Para nada;Un poco;Para nada;Para nada;Para nada;Bastante;Un poco;Un poco;Bastante;Un poco;Para nada;Un poco;Bastante;Un poco;Un poco;Para nada;Un poco;Bastante;Bastante;Bastante;Bastante;Un poco;Un poco;39;Hombre;;;;;;;;;;;;;;;;;;;;;;;;;;;;;;;;;;
566;9-71;;;1706907688;9-71;22.67;No;Si;Nunca;No;Nódulo sintomático;Hipotiroideo;6;4;19.00;16.00;16.00;1;;;;;;Si;VI;Un poco;Para nada;Un poco;Para nada;Un poco;Un poco;Mucho;Bastante;Un poco;Bastante;Un poco;Un poco;Un poco;Para nada;Un poco;Para nada;Un poco;Mucho;Un poco;Para nada;Para nada;Para nada;Para nada;Para nada;61;Mujer;;;;;;;;;;;;;;;;;;;;;;;;;;;;;;;;;;
567;9-72;;;0152068904;9-72;39.16;No;No;Nunca;No;Imagen incidental;Eutiroideo;0;1;23.00;21.00;;1;Medio;;;;;Si;V;Para nada;Para nada;Para nada;Un poco;Para nada;Para nada;Un poco;Para nada;Para nada;Para nada;Para nada;Para nada;Un poco;Para nada;Para nada;Para nada;Para nada;Para nada;Un poco;Para nada;Bastante;Para nada;Para nada;Para nada;54;Mujer;;;;;;;;;;;;;;;;;;;;;;;;;;;;;;;;;;
568;9-73;;;1802326387;9-73;27.73;No;No;Nunca;Si;Imagen incidental;Eutiroideo;8;5;21.00;;;3;;;;;;Si;V;Para nada;Para nada;Para nada;Para nada;Para nada;Un poco;Para nada;Para nada;Para nada;Para nada;Un poco;Para nada;Para nada;Para nada;Para nada;Para nada;Para nada;Para nada;Para nada;Para nada;Para nada;Para nada;Para nada;Para nada;55;Hombre;;;;;;;;;;;;;;;;;;;;;;;;;;;;;;;;;;
569;9-74;;;0400959441;9-74;27.43;Si;No;Nunca;No;Imagen incidental;Eutiroideo;4;4;5.00;4.00;;;;;;1;;Si;V;Para nada;Para nada;Un poco;Para nada;Un poco;Un poco;Para nada;Bastante;Bastante;Bastante;Un poco;Para nada;Un poco;Un poco;Un poco;Un poco;Para nada;Bastante;Un poco;Un poco;Un poco;Para nada;Bastante;Para nada;52;Mujer;;;;;;;;;;;;;;;;;;;;;;;;;;;;;;;;;;
570;9-75;;;1703328086;9-75;25.66;No;No;Ex Fumador;No;Nódulo sintomático;Eutiroideo;4;4;36.00;;;1;;;;;;Si;V;Para nada;Para nada;Para nada;Para nada;Para nada;Bastante;Para nada;Para nada;Para nada;Para nada;Para nada;Para nada;Un poco;Para nada;Bastante;Para nada;Para nada;Bastante;Bastante;Bastante;Bastante;Para nada;Bastante;Para nada;73;Mujer;;;;;;;;;;;;;;;;;;;;;;;;;;;;;;;;;;
571;9-76;;;1723608491;9-76;19.53;Si;No;Nunca;No;Imagen incidental;;0;1;4.30;3.70;;1;Medio;;;;;Si;VI;Para nada;Para nada;Para nada;Para nada;Para nada;Un poco;Bastante;Para nada;Para nada;Bastante;Un poco;Para nada;Bastante;Para nada;Para nada;Bastante;Bastante;Para nada;Bastante;Bastante;Para nada;Bastante;Para nada;Un poco;31;Mujer;;;;;;;;;;;;;;;;;;;;;;;;;;;;;;;;;;
572;9-77;;;152068904;9-77;39.16;No;No;Nunca;No;Nódulo sintomático;Eutiroideo;5;4;23.00;21.00;;1;;;;;;Si;V;Bastante;Un poco;Para nada;Para nada;Para nada;Para nada;Bastante;Un poco;Un poco;Bastante;Para nada;Bastante;Un poco;Bastante;Bastante;Para nada;Un poco;Para nada;Un poco;Un poco;Bastante;Bastante;Un poco;Un poco;56;Mujer;;;;;;;;;;;;;;;;;;;;;;;;;;;;;;;;;;
573;9-78;;;1712317336;9-78;28.18;No;No;Nunca;No;Nódulo sintomático;Eutiroideo;8;5;26.20;39.00;;;;Medio;;1;;Si;V;Un poco;Para nada;Para nada;Bastante;Un poco;Mucho;Bastante;Mucho;Mucho;Bastante;Bastante;Para nada;Un poco;Mucho;Bastante;Un poco;Para nada;Para nada;Para nada;Un poco;Para nada;Un poco;Un poco;Un poco;49;Mujer;;;;;;;;;;;;;;;;;;;;;;;;;;;;;;;;;;
574;9-79;;;1713001020;9-79;27.85;No;No;Actualmente;No;Nódulo sintomático;;3;3;51.00;40.00;;;;Medio;;1;;Si;VI;Para nada;Para nada;Para nada;Para nada;Bastante;Un poco;Un poco;Bastante;Para nada;Para nada;Un poco;Para nada;Para nada;Para nada;Para nada;Para nada;Para nada;Un poco;Un poco;Para nada;Para nada;Para nada;Para nada;Bastante;47;Hombre;;;;;;;;;;;;;;;;;;;;;;;;;;;;;;;;;;
575;9-8;RIESGO INTERMEDIO;RIESGO ALTO;1709459521;9-8;29.44;No;No;Nunca;No;Nódulo sintomático;Eutiroideo;8;5;62.00;35.00;43.00;;;Medio;;1;;Si;VI;Para nada;Para nada;Para nada;Para nada;Mucho;Bastante;Un poco;Un poco;Un poco;Para nada;Un poco;Un poco;Un poco;Un poco;Para nada;Para nada;Para nada;Bastante;Un poco;Para nada;Bastante;Para nada;Para nada;Para nada;54;Mujer;100;40;;Papilar;CPT- Clásica;;Unilateral izquierdo;;Unilateral izquierdo;Unilateral izquierdo;Rebasa cápsula/ tejido peritiroideo;Si;No;No;;0;N1a;T3a(s)N1bM0;7.48;RIESGO ALTO;2023-10-23;2023-11-07;Convencional;Total;Ro- Libre de tumor;Izquierdo;Unilateral;;;;I;Central;HEE - Ecuador  (EC01U);
576;9-80;;;1722102363;9-80;26.27;No;No;Nunca;No;Nódulo sintomático;Hipotiroideo;4;4;33.00;22.00;25.00;;;Medio;;1;;Si;;Un poco;Para nada;Un poco;Para nada;Para nada;Para nada;Un poco;Un poco;Para nada;Un poco;Un poco;Para nada;Para nada;Para nada;Un poco;Un poco;Para nada;Un poco;Para nada;Para nada;Para nada;Un poco;Para nada;Para nada;36;Mujer;;;;;;;;;;;;;;;;;;;;;;;;;;;;;;;;;;
577;9-81;;;2350172389;9-81;23.44;No;No;Nunca;No;Nódulo sintomático;Eutiroideo;8;5;28.00;;;1;Medio;;;;;Si;VI;Un poco;Para nada;Para nada;Para nada;Para nada;Un poco;Para nada;Para nada;Un poco;Un poco;Para nada;Para nada;Un poco;Un poco;Para nada;Para nada;Para nada;Un poco;Un poco;Para nada;Para nada;Un poco;Un poco;Para nada;24;Hombre;;;;;;;;;;;;;;;;;;;;;;;;;;;;;;;;;;
578;9-82;;;1708949076;9-82;21.64;No;No;Nunca;No;Nódulo sintomático;Eutiroideo;2;2;46.00;35.00;50.00;;;;;;;No;;Para nada;Para nada;Para nada;Para nada;Para nada;;Un poco;Para nada;Un poco;Un poco;Para nada;Para nada;Para nada;Bastante;Bastante;Bastante;Un poco;Un poco;Para nada;Para nada;Para nada;Para nada;Para nada;Para nada;59;Mujer;;;;;;;;;;;;;;;;;;;;;;;;;;;;;;;;;;
579;9-83;;;0502854102;9-83;22.04;No;No;Nunca;No;Imagen incidental;Eutiroideo;5;4;47.00;39.00;;1;Polo inferior;;;;;Si;VI;Un poco;Para nada;Un poco;Para nada;Bastante;Un poco;Bastante;Para nada;Para nada;Un poco;Para nada;Para nada;Bastante;Bastante;Bastante;Bastante;Bastante;Un poco;Bastante;Para nada;Un poco;Bastante;Un poco;Para nada;41;Mujer;;;;;;;;;;;;;;;;;;;;;;;;;;;;;;;;;;
580;9-84;;;1708313299;9-84;31.15;No;No;Nunca;No;Nódulo sintomático;Eutiroideo;8;5;30.70;23.30;28.50;1;Medio;;;;;Si;VI;Para nada;Un poco;Un poco;Un poco;Un poco;Un poco;Bastante;Para nada;Para nada;Un poco;Para nada;Para nada;Bastante;Un poco;Un poco;Un poco;Para nada;Para nada;Bastante;Un poco;Un poco;Un poco;Un poco;Para nada;57;Mujer;;;;;;;;;;;;;;;;;;;;;;;;;;;;;;;;;;
581;9-85;;;0804195105;9-85;22.23;No;No;Nunca;No;Nódulo sintomático;Eutiroideo;6;4;25.00;36.00;22.00;1;Medio;;;;;Si;VI;Un poco;Para nada;Bastante;Un poco;Para nada;Para nada;Para nada;Bastante;Bastante;Un poco;Un poco;Un poco;Bastante;Un poco;Para nada;Un poco;Para nada;Mucho;Bastante;Un poco;Un poco;Un poco;Un poco;Un poco;21;Mujer;;;;;;;;;;;;;;;;;;;;;;;;;;;;;;;;;;
582;9-86;;;1600285082;9-86;31.49;No;No;Nunca;Si;Nódulo sintomático;Eutiroideo;5;4;8.80;7.00;;;;;Medio;;1;Si;VI;Bastante;Un poco;Bastante;Bastante;Para nada;Para nada;Un poco;Para nada;Para nada;Un poco;Un poco;Un poco;Un poco;Un poco;Un poco;Un poco;Un poco;Bastante;Para nada;Un poco;Un poco;Un poco;Bastante;Un poco;50;Mujer;;;;;;;;;;;;;;;;;;;;;;;;;;;;;;;;;;
583;9-87;;;1206895821;9-87;34.61;Si;No;Nunca;No;Imagen incidental;Eutiroideo;6;4;10.00;9.00;;;;Medio;;1;;Si;VI;Para nada;Para nada;Para nada;Para nada;Para nada;Para nada;Bastante;Mucho;Mucho;Bastante;Un poco;Bastante;Para nada;Para nada;Bastante;Para nada;Para nada;Bastante;Para nada;Para nada;Para nada;Un poco;Un poco;Un poco;27;Mujer;;;;;;;;;;;;;;;;;;;;;;;;;;;;;;;;;;
584;9-88;;;1705834743;9-88;26.52;No;No;Nunca;No;Imagen incidental;Eutiroideo;7;5;;;;;;Medio;;1;;Si;V;Bastante;Para nada;Mucho;Bastante;Mucho;Un poco;Bastante;Para nada;Para nada;Para nada;Bastante;Para nada;Mucho;Para nada;Un poco;Para nada;Para nada;Para nada;Para nada;Para nada;Un poco;Para nada;Para nada;Un poco;67;Mujer;;;;;;;;;;;;;;;;;;;;;;;;;;;;;;;;;;
585;9-9;RIESGO INTERMEDIO;RIESGO BAJO;0702776295;9-9;27.34;No;No;Nunca;No;Nódulo sintomático;Eutiroideo;7;5;48.00;24.00;00.00;1;Medio;;;;;Si;V;Un poco;Un poco;Un poco;Un poco;Bastante;Para nada;Bastante;Para nada;Para nada;Para nada;Para nada;Para nada;Para nada;Para nada;Para nada;Para nada;Para nada;Para nada;Para nada;Para nada;Para nada;Para nada;Para nada;Para nada;49;Hombre;45;25;;Papilar;CPT- Folicular;;Unilateral derecho;;;Unilateral derecho;Ninguna;No se puede evaluar;Desconocido (mx);No;;0;Nx;"	T1a(s)N0M1";7.92;RIESGO INTERMEDIO;2023-11-06;2023-11-09;Convencional;Total;Ro- Libre de tumor;Derecho;;;;;;Central;HEE - Ecuador  (EC01U);
