2026-04-09 16:49:40,067 - INFO - Loading data from: ./database/hee_brazil_ambato_peru_base.csv
2026-04-09 16:49:40,140 - INFO - Categorical variables: 26
2026-04-09 16:49:40,141 - INFO - Continuous variables: 15
2026-04-09 16:49:40,141 - INFO - Skipping distribution plots to save memory
2026-04-09 16:49:40,159 - INFO - 
Missing Data Report:
2026-04-09 16:49:40,193 - INFO - 
                                          Total  Percent
SIZEOFPOSITIVELYMPHNODE(cm)                 914    85.82
ANTI TG PRE RAI                             873    81.97
EXTRANODALEXTENSION                         835    78.40
ANTI TG PRE RAI (POSITIVE or NEGATIVE)      662    62.16
TSH PRE RAI                                 650    61.03
LN RATIO                                    616    57.84
ANTI TG FOLLOW UP                           606    56.90
TG PRE RAI                                  522    49.01
MULTICENTER_BILATERAL                       511    47.98
NUMBEROFLYMPHNODEEXCISION                   506    47.51
NUMBEROFPOSITIVELYMPHNODEEXCISION           500    46.95
ATA_2025_RISCO_INICIAL                      420    39.44
BMI                                         377    35.40
PERINEURALINVASION                          364    34.18
VASCULARINVASION                            324    30.42
RAIDOSE                                     286    26.85
TYPEOFRESECTION                             244    22.91
ANTI TG FOLLOW UP (POSITIVE or NEGATIVE)    213    20.00
HASHIMOTO THYROIDITIS                       209    19.62
EXTRATHYROIDALEXTENSION                     114    10.70
POSITIVELYMPHNODEN1                          93     8.73
THYROID DISEASE PREOP                        91     8.54
SUBTYPE_FOLLI_PAPIL                          67     6.29
TUMORSIZE (cm)                               60     5.63
RADIOTHERAPY EXPOSURE                        43     4.04
TG FOLLOW UP                                 26     2.44
STAGE                                        24     2.25
TSH FOLLOW UP                                22     2.07
FAMILY HISTORY OF THYROID CANCER             21     1.97
MULTICENTRIC                                 18     1.69
TNMN                                         14     1.31
OUTCOMEFOLLOWUP_MONTHSPOSTSURGERY            10     0.94
TNMM                                          6     0.56
RAI                                           5     0.47
TNMT                                          4     0.38
AGEATDIGNOSIS                                 2     0.19
SEX                                           2     0.19
HISTOLOGY                                     2     0.19
THYROIDECTOMY APPROACH                        2     0.19
ATA_2015_RISCO_INICIAL                        2     0.19
RECURRENCE                                    2     0.19
2026-04-09 16:49:40,219 - INFO - Imputed categorical 'SEX' with mode: 1.0
2026-04-09 16:49:40,228 - INFO - Imputed continuous 'AGEATDIGNOSIS' with median: 47.0
2026-04-09 16:49:40,232 - INFO - Imputed categorical 'RADIOTHERAPY EXPOSURE' with mode: 2.0
2026-04-09 16:49:40,236 - INFO - Imputed categorical 'FAMILY HISTORY OF THYROID CANCER' with mode: 2.0
2026-04-09 16:49:40,241 - INFO - Imputed categorical 'THYROID DISEASE PREOP' with mode: 1.0
2026-04-09 16:49:40,243 - INFO - Imputed continuous 'BMI' with median: 28.0
2026-04-09 16:49:40,247 - INFO - Imputed categorical 'THYROIDECTOMY APPROACH' with mode: 1.0
2026-04-09 16:49:40,251 - INFO - Imputed categorical 'TYPEOFRESECTION' with mode: 1.0
2026-04-09 16:49:40,257 - INFO - Imputed categorical 'HISTOLOGY' with mode: 1.0
2026-04-09 16:49:40,262 - INFO - Imputed continuous 'TUMORSIZE (cm)' with median: 3.1
2026-04-09 16:49:40,270 - INFO - Imputed categorical 'EXTRATHYROIDALEXTENSION' with mode: 1.0
2026-04-09 16:49:40,276 - INFO - Imputed categorical 'MULTICENTRIC' with mode: 2.0
2026-04-09 16:49:40,281 - INFO - Imputed categorical 'MULTICENTER_BILATERAL' with mode: 2.0
2026-04-09 16:49:40,290 - INFO - Imputed categorical 'VASCULARINVASION' with mode: 2.0
2026-04-09 16:49:40,293 - INFO - Imputed categorical 'PERINEURALINVASION' with mode: 2.0
2026-04-09 16:49:40,299 - INFO - Imputed categorical 'POSITIVELYMPHNODEN1' with mode: 2.0
2026-04-09 16:49:40,304 - INFO - Imputed continuous 'NUMBEROFLYMPHNODEEXCISION' with median: 5.0
2026-04-09 16:49:40,308 - INFO - Imputed continuous 'NUMBEROFPOSITIVELYMPHNODEEXCISION' with median: 2.0
2026-04-09 16:49:40,314 - INFO - Imputed continuous 'LN RATIO' with median: 36.67
2026-04-09 16:49:40,316 - INFO - Imputed continuous 'SIZEOFPOSITIVELYMPHNODE(cm)' with median: 1.7
2026-04-09 16:49:40,325 - INFO - Imputed categorical 'EXTRANODALEXTENSION' with mode: 2.0
2026-04-09 16:49:40,334 - INFO - Imputed categorical 'HASHIMOTO THYROIDITIS' with mode: 2.0
2026-04-09 16:49:40,347 - INFO - Imputed categorical 'TNMT' with mode: 1.0
2026-04-09 16:49:40,352 - INFO - Imputed categorical 'TNMN' with mode: 0.0
2026-04-09 16:49:40,359 - INFO - Imputed categorical 'TNMM' with mode: 1.0
2026-04-09 16:49:40,363 - INFO - Imputed categorical 'STAGE' with mode: 1.0
2026-04-09 16:49:40,366 - INFO - Imputed categorical 'ATA_2015_RISCO_INICIAL' with mode: 1.0
2026-04-09 16:49:40,374 - INFO - Imputed categorical 'ATA_2025_RISCO_INICIAL' with mode: 3.0
2026-04-09 16:49:40,377 - INFO - Imputed categorical 'RAI' with mode: 1.0
2026-04-09 16:49:40,380 - INFO - Imputed continuous 'RAIDOSE' with median: 100.0
2026-04-09 16:49:40,383 - INFO - Imputed continuous 'TSH PRE RAI' with median: 85.0
2026-04-09 16:49:40,387 - INFO - Imputed continuous 'TG PRE RAI' with median: 4.11
2026-04-09 16:49:40,391 - INFO - Imputed categorical 'ANTI TG PRE RAI (POSITIVE or NEGATIVE)' with mode: 1.0
2026-04-09 16:49:40,396 - INFO - Imputed continuous 'ANTI TG PRE RAI ' with median: 10.0
2026-04-09 16:49:40,399 - INFO - Imputed continuous 'OUTCOMEFOLLOWUP_MONTHSPOSTSURGERY' with median: 87.0
2026-04-09 16:49:40,403 - INFO - Imputed continuous 'TSH FOLLOW UP' with median: 0.59
2026-04-09 16:49:40,408 - INFO - Imputed continuous 'TG FOLLOW UP' with median: 0.1
2026-04-09 16:49:40,413 - INFO - Imputed categorical 'ANTI TG FOLLOW UP (POSITIVE or NEGATIVE)' with mode: 2.0
2026-04-09 16:49:40,416 - INFO - Imputed continuous 'ANTI TG FOLLOW UP' with median: 15.0
2026-04-09 16:49:40,423 - INFO - Imputed categorical 'SUBTYPE_FOLLI_PAPIL' with mode: 1.0
2026-04-09 16:49:40,426 - INFO - Imputed categorical 'RECURRENCE' with mode: 0.0
2026-04-09 16:49:40,444 - WARNING - Column 'TUMORSIZE (cm)' had min value 0.0 in 0.19%. Shifted by 2.22e-16
2026-04-09 16:49:40,449 - WARNING - Column 'NUMBEROFLYMPHNODEEXCISION' had min value 0.0 in 9.95%. Shifted by 2.22e-16
2026-04-09 16:49:40,456 - WARNING - Column 'NUMBEROFPOSITIVELYMPHNODEEXCISION' had min value 0.0 in 17.65%. Shifted by 2.22e-16
2026-04-09 16:49:40,460 - WARNING - Column 'LN RATIO' had min value 0.0 in 7.61%. Shifted by 2.22e-16
2026-04-09 16:49:40,475 - WARNING - Column 'TG PRE RAI' had min value 0.0 in 1.31%. Shifted by 2.22e-16
2026-04-09 16:49:40,491 - WARNING - Column 'ANTI TG FOLLOW UP' had min value 0.0 in 0.09%. Shifted by 2.22e-16
2026-04-09 16:49:40,492 - INFO - Skipping distribution plots to save memory
2026-04-09 16:49:44,257 - INFO - Starting LASSO feature selection with cv=10
2026-04-09 16:49:44,620 - INFO - LassoCV best alpha: 0.00950941503072799
2026-04-09 16:49:44,623 - INFO - Selected 16 features via LASSO
2026-04-09 16:49:44,623 - INFO - Training 16 features with LASSO.
2026-04-09 16:49:47,885 - INFO - Training models...
2026-04-09 16:49:47,903 - INFO - 
======================================================================
2026-04-09 16:49:47,904 - INFO - TRAINING MODELS ON IMBALANCED DATA
2026-04-09 16:49:47,904 - INFO - ======================================================================
2026-04-09 16:49:47,905 - INFO - 
--- Training LogisticRegression (Imbalanced) ---
2026-04-09 16:49:47,973 - INFO - 
LogisticRegression - Base
2026-04-09 16:49:47,974 - INFO - Train Accuracy: 0.9230
2026-04-09 16:49:47,974 - INFO - Train ROC AUC: 0.9325
2026-04-09 16:49:47,978 - INFO - Test Accuracy: 0.9186
2026-04-09 16:49:47,978 - INFO - Test Precision: 0.8571
2026-04-09 16:49:47,979 - INFO - Test Recall: 0.5000
2026-04-09 16:49:47,980 - INFO - Test F1: 0.6316
2026-04-09 16:49:47,981 - INFO - Test ROC AUC: 0.9234
2026-04-09 16:49:49,328 - INFO - Confusion matrix saved: results\confusion_matrix\Imbalanced\cm_LogisticRegression_base.png
2026-04-09 16:49:49,329 - INFO - RandomizedSearchCV for LogisticRegression
2026-04-09 16:49:58,714 - INFO - Best params: {'solver': 'liblinear', 'penalty': 'l2', 'C': 0.1}
2026-04-09 16:49:58,716 - INFO - Best CV score: 0.9192
2026-04-09 16:49:58,771 - INFO - 
LogisticRegression - Tuned
2026-04-09 16:49:58,774 - INFO - Train Accuracy: 0.9204
2026-04-09 16:49:58,777 - INFO - Train ROC AUC: 0.9322
2026-04-09 16:49:58,777 - INFO - Test Accuracy: 0.9070
2026-04-09 16:49:58,779 - INFO - Test Precision: 0.8333
2026-04-09 16:49:58,780 - INFO - Test Recall: 0.4167
2026-04-09 16:49:58,783 - INFO - Test F1: 0.5556
2026-04-09 16:49:58,784 - INFO - Test ROC AUC: 0.9245
2026-04-09 16:50:00,249 - INFO - Confusion matrix saved: results\confusion_matrix\Imbalanced\cm_LogisticRegression_tuned.png
2026-04-09 16:50:00,253 - INFO - 
--- Training RandomForest (Imbalanced) ---
2026-04-09 16:50:01,048 - INFO - 
RandomForest - Base
2026-04-09 16:50:01,050 - INFO - Train Accuracy: 1.0000
2026-04-09 16:50:01,050 - INFO - Train ROC AUC: 1.0000
2026-04-09 16:50:01,052 - INFO - Test Accuracy: 0.9186
2026-04-09 16:50:01,053 - INFO - Test Precision: 0.8571
2026-04-09 16:50:01,054 - INFO - Test Recall: 0.5000
2026-04-09 16:50:01,055 - INFO - Test F1: 0.6316
2026-04-09 16:50:01,056 - INFO - Test ROC AUC: 0.8986
2026-04-09 16:50:02,373 - INFO - Confusion matrix saved: results\confusion_matrix\Imbalanced\cm_RandomForest_base.png
2026-04-09 16:50:02,374 - INFO - RandomizedSearchCV for RandomForestClassifier
2026-04-09 16:50:10,509 - INFO - Best params: {'n_estimators': 200, 'min_samples_split': 2, 'min_samples_leaf': 2, 'max_depth': 10}
2026-04-09 16:50:10,510 - INFO - Best CV score: 0.9096
2026-04-09 16:50:10,824 - INFO - 
RandomForest - Tuned
2026-04-09 16:50:10,825 - INFO - Train Accuracy: 0.9661
2026-04-09 16:50:10,825 - INFO - Train ROC AUC: 0.9951
2026-04-09 16:50:10,826 - INFO - Test Accuracy: 0.9186
2026-04-09 16:50:10,827 - INFO - Test Precision: 0.8571
2026-04-09 16:50:10,828 - INFO - Test Recall: 0.5000
2026-04-09 16:50:10,829 - INFO - Test F1: 0.6316
2026-04-09 16:50:10,829 - INFO - Test ROC AUC: 0.9009
2026-04-09 16:50:12,057 - INFO - Confusion matrix saved: results\confusion_matrix\Imbalanced\cm_RandomForest_tuned.png
2026-04-09 16:50:12,059 - INFO - 
--- Training XGBoost (Imbalanced) ---
2026-04-09 16:50:12,684 - INFO - 
XGBoost - Base
2026-04-09 16:50:12,684 - INFO - Train Accuracy: 1.0000
2026-04-09 16:50:12,685 - INFO - Train ROC AUC: 1.0000
2026-04-09 16:50:12,686 - INFO - Test Accuracy: 0.9186
2026-04-09 16:50:12,686 - INFO - Test Precision: 0.7778
2026-04-09 16:50:12,687 - INFO - Test Recall: 0.5833
2026-04-09 16:50:12,687 - INFO - Test F1: 0.6667
2026-04-09 16:50:12,688 - INFO - Test ROC AUC: 0.9358
2026-04-09 16:50:13,884 - INFO - Confusion matrix saved: results\confusion_matrix\Imbalanced\cm_XGBoost_base.png
2026-04-09 16:50:13,885 - INFO - RandomizedSearchCV for XGBClassifier
2026-04-09 16:50:16,613 - INFO - Best params: {'n_estimators': 100, 'max_depth': 5, 'learning_rate': 0.01}
2026-04-09 16:50:16,614 - INFO - Best CV score: 0.9015
2026-04-09 16:50:16,658 - INFO - 
XGBoost - Tuned
2026-04-09 16:50:16,659 - INFO - Train Accuracy: 0.9256
2026-04-09 16:50:16,660 - INFO - Train ROC AUC: 0.9652
2026-04-09 16:50:16,660 - INFO - Test Accuracy: 0.9186
2026-04-09 16:50:16,661 - INFO - Test Precision: 0.8571
2026-04-09 16:50:16,662 - INFO - Test Recall: 0.5000
2026-04-09 16:50:16,663 - INFO - Test F1: 0.6316
2026-04-09 16:50:16,664 - INFO - Test ROC AUC: 0.7860
2026-04-09 16:50:17,861 - INFO - Confusion matrix saved: results\confusion_matrix\Imbalanced\cm_XGBoost_tuned.png
2026-04-09 16:50:17,877 - INFO - Model saved with joblib: models\best_model_XGBoost_Imbalanced_selected.pkl
2026-04-09 16:50:17,884 - INFO - Pickle backup saved: models\best_model_XGBoost_Imbalanced_selected_pickle.pkl
2026-04-09 16:50:17,885 - INFO - 
--- Training KNN (Imbalanced) ---
2026-04-09 16:50:18,026 - INFO - 
KNN - Base
2026-04-09 16:50:18,027 - INFO - Train Accuracy: 0.9112
2026-04-09 16:50:18,028 - INFO - Train ROC AUC: 0.9572
2026-04-09 16:50:18,028 - INFO - Test Accuracy: 0.9070
2026-04-09 16:50:18,029 - INFO - Test Precision: 0.8333
2026-04-09 16:50:18,029 - INFO - Test Recall: 0.4167
2026-04-09 16:50:18,029 - INFO - Test F1: 0.5556
2026-04-09 16:50:18,030 - INFO - Test ROC AUC: 0.7432
2026-04-09 16:50:19,180 - INFO - Confusion matrix saved: results\confusion_matrix\Imbalanced\cm_KNN_base.png
2026-04-09 16:50:19,181 - INFO - RandomizedSearchCV for KNeighborsClassifier
2026-04-09 16:50:19,640 - INFO - Best params: {'weights': 'distance', 'n_neighbors': 9}
2026-04-09 16:50:19,640 - INFO - Best CV score: 0.8644
2026-04-09 16:50:19,774 - INFO - 
KNN - Tuned
2026-04-09 16:50:19,775 - INFO - Train Accuracy: 1.0000
2026-04-09 16:50:19,775 - INFO - Train ROC AUC: 1.0000
2026-04-09 16:50:19,776 - INFO - Test Accuracy: 0.9186
2026-04-09 16:50:19,776 - INFO - Test Precision: 1.0000
2026-04-09 16:50:19,776 - INFO - Test Recall: 0.4167
2026-04-09 16:50:19,777 - INFO - Test F1: 0.5882
2026-04-09 16:50:19,777 - INFO - Test ROC AUC: 0.7477
2026-04-09 16:50:20,916 - INFO - Confusion matrix saved: results\confusion_matrix\Imbalanced\cm_KNN_tuned.png
2026-04-09 16:50:20,918 - INFO - 
--- Training SVC (Imbalanced) ---
2026-04-09 16:50:21,157 - INFO - 
SVC - Base
2026-04-09 16:50:21,158 - INFO - Train Accuracy: 0.9295
2026-04-09 16:50:21,159 - INFO - Train ROC AUC: 0.9538
2026-04-09 16:50:21,159 - INFO - Test Accuracy: 0.9186
2026-04-09 16:50:21,160 - INFO - Test Precision: 0.8571
2026-04-09 16:50:21,160 - INFO - Test Recall: 0.5000
2026-04-09 16:50:21,161 - INFO - Test F1: 0.6316
2026-04-09 16:50:21,161 - INFO - Test ROC AUC: 0.8480
2026-04-09 16:50:22,292 - INFO - Confusion matrix saved: results\confusion_matrix\Imbalanced\cm_SVC_base.png
2026-04-09 16:50:22,293 - INFO - RandomizedSearchCV for SVC
2026-04-09 16:50:23,690 - INFO - Best params: {'kernel': 'linear', 'C': 0.1}
2026-04-09 16:50:23,690 - INFO - Best CV score: 0.9150
2026-04-09 16:50:23,739 - INFO - 
SVC - Tuned
2026-04-09 16:50:23,740 - INFO - Train Accuracy: 0.9125
2026-04-09 16:50:23,740 - INFO - Train ROC AUC: 0.9315
2026-04-09 16:50:23,741 - INFO - Test Accuracy: 0.9186
2026-04-09 16:50:23,741 - INFO - Test Precision: 0.8571
2026-04-09 16:50:23,742 - INFO - Test Recall: 0.5000
2026-04-09 16:50:23,742 - INFO - Test F1: 0.6316
2026-04-09 16:50:23,743 - INFO - Test ROC AUC: 0.9291
2026-04-09 16:50:24,860 - INFO - Confusion matrix saved: results\confusion_matrix\Imbalanced\cm_SVC_tuned.png
2026-04-09 16:50:24,861 - INFO - 
--- Training GaussianNB (Imbalanced) ---
2026-04-09 16:50:24,904 - INFO - 
GaussianNB - Base
2026-04-09 16:50:24,905 - INFO - Train Accuracy: 0.9008
2026-04-09 16:50:24,906 - INFO - Train ROC AUC: 0.8748
2026-04-09 16:50:24,906 - INFO - Test Accuracy: 0.8953
2026-04-09 16:50:24,907 - INFO - Test Precision: 0.6154
2026-04-09 16:50:24,907 - INFO - Test Recall: 0.6667
2026-04-09 16:50:24,908 - INFO - Test F1: 0.6400
2026-04-09 16:50:24,908 - INFO - Test ROC AUC: 0.8975
2026-04-09 16:50:26,043 - INFO - Confusion matrix saved: results\confusion_matrix\Imbalanced\cm_GaussianNB_base.png
2026-04-09 16:50:26,043 - INFO - RandomizedSearchCV for GaussianNB
2026-04-09 16:50:26,234 - INFO - Best params: {'var_smoothing': 1e-09}
2026-04-09 16:50:26,235 - INFO - Best CV score: 0.8534
2026-04-09 16:50:26,270 - INFO - 
GaussianNB - Tuned
2026-04-09 16:50:26,270 - INFO - Train Accuracy: 0.9008
2026-04-09 16:50:26,271 - INFO - Train ROC AUC: 0.8748
2026-04-09 16:50:26,271 - INFO - Test Accuracy: 0.8953
2026-04-09 16:50:26,272 - INFO - Test Precision: 0.6154
2026-04-09 16:50:26,272 - INFO - Test Recall: 0.6667
2026-04-09 16:50:26,273 - INFO - Test F1: 0.6400
2026-04-09 16:50:26,273 - INFO - Test ROC AUC: 0.8975
2026-04-09 16:50:27,433 - INFO - Confusion matrix saved: results\confusion_matrix\Imbalanced\cm_GaussianNB_tuned.png
2026-04-09 16:50:27,435 - INFO - 
======================================================================
2026-04-09 16:50:27,436 - INFO - TRAINING MODELS ON BALANCED DATA (SMOTE)
2026-04-09 16:50:27,437 - INFO - ======================================================================
2026-04-09 16:50:27,437 - INFO - 
--- Training LogisticRegression (Balanced SMOTE) ---
2026-04-09 16:50:27,484 - INFO - 
LogisticRegression - Base
2026-04-09 16:50:27,485 - INFO - Train Accuracy: 0.8773
2026-04-09 16:50:27,486 - INFO - Train ROC AUC: 0.9485
2026-04-09 16:50:27,486 - INFO - Test Accuracy: 0.7326
2026-04-09 16:50:27,487 - INFO - Test Precision: 0.3226
2026-04-09 16:50:27,487 - INFO - Test Recall: 0.8333
2026-04-09 16:50:27,488 - INFO - Test F1: 0.4651
2026-04-09 16:50:27,488 - INFO - Test ROC AUC: 0.8874
2026-04-09 16:50:28,649 - INFO - Confusion matrix saved: results\confusion_matrix\Balanced_SMOTE\cm_LogisticRegression_base.png
2026-04-09 16:50:28,650 - INFO - RandomizedSearchCV for LogisticRegression
2026-04-09 16:50:28,889 - INFO - Best params: {'solver': 'liblinear', 'penalty': 'l1', 'C': 0.1}
2026-04-09 16:50:28,889 - INFO - Best CV score: 0.9361
2026-04-09 16:50:28,926 - INFO - 
LogisticRegression - Tuned
2026-04-09 16:50:28,927 - INFO - Train Accuracy: 0.8720
2026-04-09 16:50:28,928 - INFO - Train ROC AUC: 0.9467
2026-04-09 16:50:28,928 - INFO - Test Accuracy: 0.7442
2026-04-09 16:50:28,929 - INFO - Test Precision: 0.3333
2026-04-09 16:50:28,929 - INFO - Test Recall: 0.8333
2026-04-09 16:50:28,930 - INFO - Test F1: 0.4762
2026-04-09 16:50:28,930 - INFO - Test ROC AUC: 0.8986
2026-04-09 16:50:30,032 - INFO - Confusion matrix saved: results\confusion_matrix\Balanced_SMOTE\cm_LogisticRegression_tuned.png
2026-04-09 16:50:30,035 - INFO - 
--- Training RandomForest (Balanced SMOTE) ---
2026-04-09 16:50:30,779 - INFO - 
RandomForest - Base
2026-04-09 16:50:30,779 - INFO - Train Accuracy: 1.0000
2026-04-09 16:50:30,780 - INFO - Train ROC AUC: 1.0000
2026-04-09 16:50:30,780 - INFO - Test Accuracy: 0.7558
2026-04-09 16:50:30,781 - INFO - Test Precision: 0.3333
2026-04-09 16:50:30,781 - INFO - Test Recall: 0.7500
2026-04-09 16:50:30,782 - INFO - Test F1: 0.4615
2026-04-09 16:50:30,782 - INFO - Test ROC AUC: 0.8181
2026-04-09 16:50:32,423 - INFO - Confusion matrix saved: results\confusion_matrix\Balanced_SMOTE\cm_RandomForest_base.png
2026-04-09 16:50:32,424 - INFO - RandomizedSearchCV for RandomForestClassifier
2026-04-09 16:50:40,484 - INFO - Best params: {'n_estimators': 100, 'min_samples_split': 2, 'min_samples_leaf': 1, 'max_depth': 15}
2026-04-09 16:50:40,485 - INFO - Best CV score: 0.9850
2026-04-09 16:50:40,662 - INFO - 
RandomForest - Tuned
2026-04-09 16:50:40,662 - INFO - Train Accuracy: 1.0000
2026-04-09 16:50:40,663 - INFO - Train ROC AUC: 1.0000
2026-04-09 16:50:40,671 - INFO - Test Accuracy: 0.7674
2026-04-09 16:50:40,673 - INFO - Test Precision: 0.3462
2026-04-09 16:50:40,674 - INFO - Test Recall: 0.7500
2026-04-09 16:50:40,675 - INFO - Test F1: 0.4737
2026-04-09 16:50:40,677 - INFO - Test ROC AUC: 0.8114
2026-04-09 16:50:41,778 - INFO - Confusion matrix saved: results\confusion_matrix\Balanced_SMOTE\cm_RandomForest_tuned.png
2026-04-09 16:50:41,780 - INFO - 
--- Training XGBoost (Balanced SMOTE) ---
2026-04-09 16:50:41,942 - INFO - 
XGBoost - Base
2026-04-09 16:50:41,943 - INFO - Train Accuracy: 1.0000
2026-04-09 16:50:41,944 - INFO - Train ROC AUC: 1.0000
2026-04-09 16:50:41,944 - INFO - Test Accuracy: 0.3488
2026-04-09 16:50:41,944 - INFO - Test Precision: 0.1765
2026-04-09 16:50:41,945 - INFO - Test Recall: 1.0000
2026-04-09 16:50:41,945 - INFO - Test F1: 0.3000
2026-04-09 16:50:41,946 - INFO - Test ROC AUC: 0.8502
2026-04-09 16:50:43,060 - INFO - Confusion matrix saved: results\confusion_matrix\Balanced_SMOTE\cm_XGBoost_base.png
2026-04-09 16:50:43,061 - INFO - RandomizedSearchCV for XGBClassifier
2026-04-09 16:50:45,352 - INFO - Best params: {'n_estimators': 100, 'max_depth': 7, 'learning_rate': 0.1}
2026-04-09 16:50:45,352 - INFO - Best CV score: 0.9818
2026-04-09 16:50:45,399 - INFO - 
XGBoost - Tuned
2026-04-09 16:50:45,400 - INFO - Train Accuracy: 0.9992
2026-04-09 16:50:45,401 - INFO - Train ROC AUC: 1.0000
2026-04-09 16:50:45,402 - INFO - Test Accuracy: 0.4651
2026-04-09 16:50:45,403 - INFO - Test Precision: 0.2069
2026-04-09 16:50:45,403 - INFO - Test Recall: 1.0000
2026-04-09 16:50:45,404 - INFO - Test F1: 0.3429
2026-04-09 16:50:45,404 - INFO - Test ROC AUC: 0.8491
2026-04-09 16:50:46,493 - INFO - Confusion matrix saved: results\confusion_matrix\Balanced_SMOTE\cm_XGBoost_tuned.png
2026-04-09 16:50:46,504 - INFO - Model saved with joblib: models\best_model_XGBoost_Balanced_SMOTE_selected.pkl
2026-04-09 16:50:46,511 - INFO - Pickle backup saved: models\best_model_XGBoost_Balanced_SMOTE_selected_pickle.pkl
2026-04-09 16:50:46,511 - INFO - 
--- Training KNN (Balanced SMOTE) ---
2026-04-09 16:50:46,580 - INFO - 
KNN - Base
2026-04-09 16:50:46,580 - INFO - Train Accuracy: 0.9318
2026-04-09 16:50:46,581 - INFO - Train ROC AUC: 0.9860
2026-04-09 16:50:46,581 - INFO - Test Accuracy: 0.7674
2026-04-09 16:50:46,582 - INFO - Test Precision: 0.3333
2026-04-09 16:50:46,583 - INFO - Test Recall: 0.6667
2026-04-09 16:50:46,584 - INFO - Test F1: 0.4444
2026-04-09 16:50:46,584 - INFO - Test ROC AUC: 0.7325
2026-04-09 16:50:47,689 - INFO - Confusion matrix saved: results\confusion_matrix\Balanced_SMOTE\cm_KNN_base.png
2026-04-09 16:50:47,690 - INFO - RandomizedSearchCV for KNeighborsClassifier
2026-04-09 16:50:47,940 - INFO - Best params: {'weights': 'distance', 'n_neighbors': 9}
2026-04-09 16:50:47,941 - INFO - Best CV score: 0.9593
2026-04-09 16:50:48,006 - INFO - 
KNN - Tuned
2026-04-09 16:50:48,006 - INFO - Train Accuracy: 1.0000
2026-04-09 16:50:48,007 - INFO - Train ROC AUC: 1.0000
2026-04-09 16:50:48,008 - INFO - Test Accuracy: 0.7558
2026-04-09 16:50:48,008 - INFO - Test Precision: 0.3200
2026-04-09 16:50:48,008 - INFO - Test Recall: 0.6667
2026-04-09 16:50:48,009 - INFO - Test F1: 0.4324
2026-04-09 16:50:48,009 - INFO - Test ROC AUC: 0.7635
2026-04-09 16:50:49,111 - INFO - Confusion matrix saved: results\confusion_matrix\Balanced_SMOTE\cm_KNN_tuned.png
2026-04-09 16:50:49,114 - INFO - 
--- Training SVC (Balanced SMOTE) ---
2026-04-09 16:50:49,875 - INFO - 
SVC - Base
2026-04-09 16:50:49,876 - INFO - Train Accuracy: 0.9341
2026-04-09 16:50:49,877 - INFO - Train ROC AUC: 0.9775
2026-04-09 16:50:49,877 - INFO - Test Accuracy: 0.7791
2026-04-09 16:50:49,877 - INFO - Test Precision: 0.3600
2026-04-09 16:50:49,878 - INFO - Test Recall: 0.7500
2026-04-09 16:50:49,878 - INFO - Test F1: 0.4865
2026-04-09 16:50:49,879 - INFO - Test ROC AUC: 0.8356
2026-04-09 16:50:50,983 - INFO - Confusion matrix saved: results\confusion_matrix\Balanced_SMOTE\cm_SVC_base.png
2026-04-09 16:50:50,984 - INFO - RandomizedSearchCV for SVC
2026-04-09 16:50:54,593 - INFO - Best params: {'kernel': 'rbf', 'C': 10}
2026-04-09 16:50:54,593 - INFO - Best CV score: 0.9651
2026-04-09 16:50:54,846 - INFO - 
SVC - Tuned
2026-04-09 16:50:54,847 - INFO - Train Accuracy: 0.9629
2026-04-09 16:50:54,847 - INFO - Train ROC AUC: 0.9899
2026-04-09 16:50:54,848 - INFO - Test Accuracy: 0.8256
2026-04-09 16:50:54,848 - INFO - Test Precision: 0.4211
2026-04-09 16:50:54,849 - INFO - Test Recall: 0.6667
2026-04-09 16:50:54,849 - INFO - Test F1: 0.5161
2026-04-09 16:50:54,850 - INFO - Test ROC AUC: 0.8018
2026-04-09 16:50:56,022 - INFO - Confusion matrix saved: results\confusion_matrix\Balanced_SMOTE\cm_SVC_tuned.png
2026-04-09 16:50:56,024 - INFO - 
--- Training GaussianNB (Balanced SMOTE) ---
2026-04-09 16:50:56,069 - INFO - 
GaussianNB - Base
2026-04-09 16:50:56,070 - INFO - Train Accuracy: 0.8091
2026-04-09 16:50:56,072 - INFO - Train ROC AUC: 0.8814
2026-04-09 16:50:56,073 - INFO - Test Accuracy: 0.7791
2026-04-09 16:50:56,073 - INFO - Test Precision: 0.3600
2026-04-09 16:50:56,074 - INFO - Test Recall: 0.7500
2026-04-09 16:50:56,075 - INFO - Test F1: 0.4865
2026-04-09 16:50:56,075 - INFO - Test ROC AUC: 0.8986
2026-04-09 16:50:57,171 - INFO - Confusion matrix saved: results\confusion_matrix\Balanced_SMOTE\cm_GaussianNB_base.png
2026-04-09 16:50:57,172 - INFO - RandomizedSearchCV for GaussianNB
2026-04-09 16:50:57,349 - INFO - Best params: {'var_smoothing': 1e-09}
2026-04-09 16:50:57,350 - INFO - Best CV score: 0.8737
2026-04-09 16:50:57,387 - INFO - 
GaussianNB - Tuned
2026-04-09 16:50:57,388 - INFO - Train Accuracy: 0.8091
2026-04-09 16:50:57,388 - INFO - Train ROC AUC: 0.8814
2026-04-09 16:50:57,389 - INFO - Test Accuracy: 0.7791
2026-04-09 16:50:57,389 - INFO - Test Precision: 0.3600
2026-04-09 16:50:57,390 - INFO - Test Recall: 0.7500
2026-04-09 16:50:57,390 - INFO - Test F1: 0.4865
2026-04-09 16:50:57,390 - INFO - Test ROC AUC: 0.8986
2026-04-09 16:50:58,496 - INFO - Confusion matrix saved: results\confusion_matrix\Balanced_SMOTE\cm_GaussianNB_tuned.png
2026-04-09 16:50:59,798 - INFO - ROC plot saved: results\roc_curves\roc_Imbalanced_selected.png
2026-04-09 16:51:01,068 - INFO - ROC plot saved: results\roc_curves\roc_Balanced_SMOTE_selected.png
2026-04-09 16:51:02,199 - INFO - Feature importance plot saved: results\feature_importances\feature_importance_Imbalanced_selected.png
2026-04-09 16:51:03,315 - INFO - Feature importance plot saved: results\feature_importances\feature_importance_Balanced_SMOTE_selected.png
2026-04-09 16:51:03,328 - INFO - Training done!
2026-04-09 16:57:07,876 - INFO - Loading data from: ./database/hee_brazil_ambato_peru_base.csv
2026-04-09 16:57:07,932 - INFO - Categorical variables: 26
2026-04-09 16:57:07,933 - INFO - Continuous variables: 15
2026-04-09 16:57:07,933 - INFO - Skipping distribution plots to save memory
2026-04-09 16:57:07,947 - INFO - 
Missing Data Report:
2026-04-09 16:57:07,970 - INFO - 
                                          Total  Percent
SIZEOFPOSITIVELYMPHNODE(cm)                 914    85.82
ANTI TG PRE RAI                             873    81.97
EXTRANODALEXTENSION                         835    78.40
ANTI TG PRE RAI (POSITIVE or NEGATIVE)      662    62.16
TSH PRE RAI                                 650    61.03
LN RATIO                                    616    57.84
ANTI TG FOLLOW UP                           606    56.90
TG PRE RAI                                  522    49.01
MULTICENTER_BILATERAL                       511    47.98
NUMBEROFLYMPHNODEEXCISION                   506    47.51
NUMBEROFPOSITIVELYMPHNODEEXCISION           500    46.95
ATA_2025_RISCO_INICIAL                      420    39.44
BMI                                         377    35.40
PERINEURALINVASION                          364    34.18
VASCULARINVASION                            324    30.42
RAIDOSE                                     286    26.85
TYPEOFRESECTION                             244    22.91
ANTI TG FOLLOW UP (POSITIVE or NEGATIVE)    213    20.00
HASHIMOTO THYROIDITIS                       209    19.62
EXTRATHYROIDALEXTENSION                     114    10.70
POSITIVELYMPHNODEN1                          93     8.73
THYROID DISEASE PREOP                        91     8.54
SUBTYPE_FOLLI_PAPIL                          67     6.29
TUMORSIZE (cm)                               60     5.63
RADIOTHERAPY EXPOSURE                        43     4.04
TG FOLLOW UP                                 26     2.44
STAGE                                        24     2.25
TSH FOLLOW UP                                22     2.07
FAMILY HISTORY OF THYROID CANCER             21     1.97
MULTICENTRIC                                 18     1.69
TNMN                                         14     1.31
OUTCOMEFOLLOWUP_MONTHSPOSTSURGERY            10     0.94
TNMM                                          6     0.56
RAI                                           5     0.47
TNMT                                          4     0.38
AGEATDIGNOSIS                                 2     0.19
SEX                                           2     0.19
HISTOLOGY                                     2     0.19
THYROIDECTOMY APPROACH                        2     0.19
ATA_2015_RISCO_INICIAL                        2     0.19
RECURRENCE                                    2     0.19
2026-04-09 16:57:07,987 - INFO - Imputed categorical 'SEX' with mode: 1.0
2026-04-09 16:57:07,993 - INFO - Imputed continuous 'AGEATDIGNOSIS' with median: 47.0
2026-04-09 16:57:07,996 - INFO - Imputed categorical 'RADIOTHERAPY EXPOSURE' with mode: 2.0
2026-04-09 16:57:07,999 - INFO - Imputed categorical 'FAMILY HISTORY OF THYROID CANCER' with mode: 2.0
2026-04-09 16:57:08,003 - INFO - Imputed categorical 'THYROID DISEASE PREOP' with mode: 1.0
2026-04-09 16:57:08,005 - INFO - Imputed continuous 'BMI' with median: 28.0
2026-04-09 16:57:08,010 - INFO - Imputed categorical 'THYROIDECTOMY APPROACH' with mode: 1.0
2026-04-09 16:57:08,013 - INFO - Imputed categorical 'TYPEOFRESECTION' with mode: 1.0
2026-04-09 16:57:08,016 - INFO - Imputed categorical 'HISTOLOGY' with mode: 1.0
2026-04-09 16:57:08,018 - INFO - Imputed continuous 'TUMORSIZE (cm)' with median: 3.1
2026-04-09 16:57:08,021 - INFO - Imputed categorical 'EXTRATHYROIDALEXTENSION' with mode: 1.0
2026-04-09 16:57:08,023 - INFO - Imputed categorical 'MULTICENTRIC' with mode: 2.0
2026-04-09 16:57:08,026 - INFO - Imputed categorical 'MULTICENTER_BILATERAL' with mode: 2.0
2026-04-09 16:57:08,029 - INFO - Imputed categorical 'VASCULARINVASION' with mode: 2.0
2026-04-09 16:57:08,031 - INFO - Imputed categorical 'PERINEURALINVASION' with mode: 2.0
2026-04-09 16:57:08,034 - INFO - Imputed categorical 'POSITIVELYMPHNODEN1' with mode: 2.0
2026-04-09 16:57:08,036 - INFO - Imputed continuous 'NUMBEROFLYMPHNODEEXCISION' with median: 5.0
2026-04-09 16:57:08,038 - INFO - Imputed continuous 'NUMBEROFPOSITIVELYMPHNODEEXCISION' with median: 2.0
2026-04-09 16:57:08,049 - INFO - Imputed continuous 'LN RATIO' with median: 36.67
2026-04-09 16:57:08,051 - INFO - Imputed continuous 'SIZEOFPOSITIVELYMPHNODE(cm)' with median: 1.7
2026-04-09 16:57:08,054 - INFO - Imputed categorical 'EXTRANODALEXTENSION' with mode: 2.0
2026-04-09 16:57:08,058 - INFO - Imputed categorical 'HASHIMOTO THYROIDITIS' with mode: 2.0
2026-04-09 16:57:08,062 - INFO - Imputed categorical 'TNMT' with mode: 1.0
2026-04-09 16:57:08,064 - INFO - Imputed categorical 'TNMN' with mode: 0.0
2026-04-09 16:57:08,067 - INFO - Imputed categorical 'TNMM' with mode: 1.0
2026-04-09 16:57:08,070 - INFO - Imputed categorical 'STAGE' with mode: 1.0
2026-04-09 16:57:08,073 - INFO - Imputed categorical 'ATA_2015_RISCO_INICIAL' with mode: 1.0
2026-04-09 16:57:08,077 - INFO - Imputed categorical 'ATA_2025_RISCO_INICIAL' with mode: 3.0
2026-04-09 16:57:08,080 - INFO - Imputed categorical 'RAI' with mode: 1.0
2026-04-09 16:57:08,082 - INFO - Imputed continuous 'RAIDOSE' with median: 100.0
2026-04-09 16:57:08,084 - INFO - Imputed continuous 'TSH PRE RAI' with median: 85.0
2026-04-09 16:57:08,086 - INFO - Imputed continuous 'TG PRE RAI' with median: 4.11
2026-04-09 16:57:08,088 - INFO - Imputed categorical 'ANTI TG PRE RAI (POSITIVE or NEGATIVE)' with mode: 1.0
2026-04-09 16:57:08,094 - INFO - Imputed continuous 'ANTI TG PRE RAI ' with median: 10.0
2026-04-09 16:57:08,096 - INFO - Imputed continuous 'OUTCOMEFOLLOWUP_MONTHSPOSTSURGERY' with median: 87.0
2026-04-09 16:57:08,098 - INFO - Imputed continuous 'TSH FOLLOW UP' with median: 0.59
2026-04-09 16:57:08,100 - INFO - Imputed continuous 'TG FOLLOW UP' with median: 0.1
2026-04-09 16:57:08,104 - INFO - Imputed categorical 'ANTI TG FOLLOW UP (POSITIVE or NEGATIVE)' with mode: 2.0
2026-04-09 16:57:08,108 - INFO - Imputed continuous 'ANTI TG FOLLOW UP' with median: 15.0
2026-04-09 16:57:08,112 - INFO - Imputed categorical 'SUBTYPE_FOLLI_PAPIL' with mode: 1.0
2026-04-09 16:57:08,115 - INFO - Imputed categorical 'RECURRENCE' with mode: 0.0
2026-04-09 16:57:08,121 - WARNING - Column 'TUMORSIZE (cm)' had min value 0.0 in 0.19%. Shifted by 2.22e-16
2026-04-09 16:57:08,127 - WARNING - Column 'NUMBEROFLYMPHNODEEXCISION' had min value 0.0 in 9.95%. Shifted by 2.22e-16
2026-04-09 16:57:08,129 - WARNING - Column 'NUMBEROFPOSITIVELYMPHNODEEXCISION' had min value 0.0 in 17.65%. Shifted by 2.22e-16
2026-04-09 16:57:08,131 - WARNING - Column 'LN RATIO' had min value 0.0 in 7.61%. Shifted by 2.22e-16
2026-04-09 16:57:08,136 - WARNING - Column 'TG PRE RAI' had min value 0.0 in 1.31%. Shifted by 2.22e-16
2026-04-09 16:57:08,142 - WARNING - Column 'ANTI TG FOLLOW UP' had min value 0.0 in 0.09%. Shifted by 2.22e-16
2026-04-09 16:57:08,143 - INFO - Skipping distribution plots to save memory
2026-04-09 16:57:10,968 - INFO - Starting LASSO feature selection with cv=10
2026-04-09 16:57:11,281 - INFO - LassoCV best alpha: 0.00950941503072799
2026-04-09 16:57:11,283 - INFO - Selected 16 features via LASSO
2026-04-09 16:57:11,284 - INFO - Training 16 features with LASSO.
2026-04-09 16:57:14,353 - INFO - Training models...
2026-04-09 16:57:14,368 - INFO - 
======================================================================
2026-04-09 16:57:14,369 - INFO - TRAINING MODELS ON IMBALANCED DATA
2026-04-09 16:57:14,369 - INFO - ======================================================================
2026-04-09 16:57:14,370 - INFO - 
--- Training LogisticRegression (Imbalanced) ---
2026-04-09 16:57:14,459 - INFO - 
LogisticRegression - Base
2026-04-09 16:57:14,461 - INFO - Train Accuracy: 0.9230
2026-04-09 16:57:14,463 - INFO - Train ROC AUC: 0.9325
2026-04-09 16:57:14,464 - INFO - Test Accuracy: 0.9186
2026-04-09 16:57:14,465 - INFO - Test Precision: 0.8571
2026-04-09 16:57:14,466 - INFO - Test Recall: 0.5000
2026-04-09 16:57:14,467 - INFO - Test F1: 0.6316
2026-04-09 16:57:14,468 - INFO - Test ROC AUC: 0.9234
2026-04-09 16:57:16,175 - INFO - Confusion matrix saved: results\confusion_matrix\Imbalanced\16_variables\cm_LogisticRegression_base.png
2026-04-09 16:57:16,176 - INFO - RandomizedSearchCV for LogisticRegression
2026-04-09 16:57:25,960 - INFO - Best params: {'solver': 'liblinear', 'penalty': 'l2', 'C': 0.1}
2026-04-09 16:57:25,961 - INFO - Best CV score: 0.9192
2026-04-09 16:57:25,998 - INFO - 
LogisticRegression - Tuned
2026-04-09 16:57:25,999 - INFO - Train Accuracy: 0.9204
2026-04-09 16:57:26,000 - INFO - Train ROC AUC: 0.9322
2026-04-09 16:57:26,000 - INFO - Test Accuracy: 0.9070
2026-04-09 16:57:26,001 - INFO - Test Precision: 0.8333
2026-04-09 16:57:26,002 - INFO - Test Recall: 0.4167
2026-04-09 16:57:26,004 - INFO - Test F1: 0.5556
2026-04-09 16:57:26,005 - INFO - Test ROC AUC: 0.9245
2026-04-09 16:57:27,285 - INFO - Confusion matrix saved: results\confusion_matrix\Imbalanced\16_variables\cm_LogisticRegression_tuned.png
2026-04-09 16:57:27,287 - INFO - 
--- Training RandomForest (Imbalanced) ---
2026-04-09 16:57:27,963 - INFO - 
RandomForest - Base
2026-04-09 16:57:27,964 - INFO - Train Accuracy: 1.0000
2026-04-09 16:57:27,964 - INFO - Train ROC AUC: 1.0000
2026-04-09 16:57:27,965 - INFO - Test Accuracy: 0.9186
2026-04-09 16:57:27,965 - INFO - Test Precision: 0.8571
2026-04-09 16:57:27,966 - INFO - Test Recall: 0.5000
2026-04-09 16:57:27,966 - INFO - Test F1: 0.6316
2026-04-09 16:57:27,967 - INFO - Test ROC AUC: 0.8986
2026-04-09 16:57:29,201 - INFO - Confusion matrix saved: results\confusion_matrix\Imbalanced\16_variables\cm_RandomForest_base.png
2026-04-09 16:57:29,202 - INFO - RandomizedSearchCV for RandomForestClassifier
2026-04-09 16:57:40,080 - INFO - Best params: {'n_estimators': 200, 'min_samples_split': 2, 'min_samples_leaf': 2, 'max_depth': 10}
2026-04-09 16:57:40,081 - INFO - Best CV score: 0.9096
2026-04-09 16:57:40,407 - INFO - 
RandomForest - Tuned
2026-04-09 16:57:40,407 - INFO - Train Accuracy: 0.9661
2026-04-09 16:57:40,408 - INFO - Train ROC AUC: 0.9951
2026-04-09 16:57:40,408 - INFO - Test Accuracy: 0.9186
2026-04-09 16:57:40,409 - INFO - Test Precision: 0.8571
2026-04-09 16:57:40,409 - INFO - Test Recall: 0.5000
2026-04-09 16:57:40,410 - INFO - Test F1: 0.6316
2026-04-09 16:57:40,410 - INFO - Test ROC AUC: 0.9009
2026-04-09 16:57:41,642 - INFO - Confusion matrix saved: results\confusion_matrix\Imbalanced\16_variables\cm_RandomForest_tuned.png
2026-04-09 16:57:41,644 - INFO - 
--- Training XGBoost (Imbalanced) ---
2026-04-09 16:57:42,250 - INFO - 
XGBoost - Base
2026-04-09 16:57:42,250 - INFO - Train Accuracy: 1.0000
2026-04-09 16:57:42,250 - INFO - Train ROC AUC: 1.0000
2026-04-09 16:57:42,251 - INFO - Test Accuracy: 0.9186
2026-04-09 16:57:42,251 - INFO - Test Precision: 0.7778
2026-04-09 16:57:42,252 - INFO - Test Recall: 0.5833
2026-04-09 16:57:42,252 - INFO - Test F1: 0.6667
2026-04-09 16:57:42,252 - INFO - Test ROC AUC: 0.9358
2026-04-09 16:57:43,419 - INFO - Confusion matrix saved: results\confusion_matrix\Imbalanced\16_variables\cm_XGBoost_base.png
2026-04-09 16:57:43,420 - INFO - RandomizedSearchCV for XGBClassifier
2026-04-09 16:57:46,584 - INFO - Best params: {'n_estimators': 100, 'max_depth': 5, 'learning_rate': 0.01}
2026-04-09 16:57:46,584 - INFO - Best CV score: 0.9015
2026-04-09 16:57:46,632 - INFO - 
XGBoost - Tuned
2026-04-09 16:57:46,633 - INFO - Train Accuracy: 0.9256
2026-04-09 16:57:46,633 - INFO - Train ROC AUC: 0.9652
2026-04-09 16:57:46,634 - INFO - Test Accuracy: 0.9186
2026-04-09 16:57:46,635 - INFO - Test Precision: 0.8571
2026-04-09 16:57:46,635 - INFO - Test Recall: 0.5000
2026-04-09 16:57:46,636 - INFO - Test F1: 0.6316
2026-04-09 16:57:46,636 - INFO - Test ROC AUC: 0.7860
2026-04-09 16:57:48,094 - INFO - Confusion matrix saved: results\confusion_matrix\Imbalanced\16_variables\cm_XGBoost_tuned.png
2026-04-09 16:57:48,117 - INFO - Model saved with joblib: models\best_model_XGBoost_Imbalanced_selected.pkl
2026-04-09 16:57:48,130 - INFO - Pickle backup saved: models\best_model_XGBoost_Imbalanced_selected_pickle.pkl
2026-04-09 16:57:48,131 - INFO - 
--- Training KNN (Imbalanced) ---
2026-04-09 16:57:48,302 - INFO - 
KNN - Base
2026-04-09 16:57:48,304 - INFO - Train Accuracy: 0.9112
2026-04-09 16:57:48,304 - INFO - Train ROC AUC: 0.9572
2026-04-09 16:57:48,305 - INFO - Test Accuracy: 0.9070
2026-04-09 16:57:48,305 - INFO - Test Precision: 0.8333
2026-04-09 16:57:48,305 - INFO - Test Recall: 0.4167
2026-04-09 16:57:48,306 - INFO - Test F1: 0.5556
2026-04-09 16:57:48,306 - INFO - Test ROC AUC: 0.7432
2026-04-09 16:57:49,484 - INFO - Confusion matrix saved: results\confusion_matrix\Imbalanced\16_variables\cm_KNN_base.png
2026-04-09 16:57:49,484 - INFO - RandomizedSearchCV for KNeighborsClassifier
2026-04-09 16:57:49,962 - INFO - Best params: {'weights': 'distance', 'n_neighbors': 9}
2026-04-09 16:57:49,963 - INFO - Best CV score: 0.8644
2026-04-09 16:57:50,089 - INFO - 
KNN - Tuned
2026-04-09 16:57:50,090 - INFO - Train Accuracy: 1.0000
2026-04-09 16:57:50,090 - INFO - Train ROC AUC: 1.0000
2026-04-09 16:57:50,090 - INFO - Test Accuracy: 0.9186
2026-04-09 16:57:50,091 - INFO - Test Precision: 1.0000
2026-04-09 16:57:50,091 - INFO - Test Recall: 0.4167
2026-04-09 16:57:50,091 - INFO - Test F1: 0.5882
2026-04-09 16:57:50,092 - INFO - Test ROC AUC: 0.7477
2026-04-09 16:57:51,200 - INFO - Confusion matrix saved: results\confusion_matrix\Imbalanced\16_variables\cm_KNN_tuned.png
2026-04-09 16:57:51,201 - INFO - 
--- Training SVC (Imbalanced) ---
2026-04-09 16:57:51,437 - INFO - 
SVC - Base
2026-04-09 16:57:51,437 - INFO - Train Accuracy: 0.9295
2026-04-09 16:57:51,438 - INFO - Train ROC AUC: 0.9538
2026-04-09 16:57:51,438 - INFO - Test Accuracy: 0.9186
2026-04-09 16:57:51,439 - INFO - Test Precision: 0.8571
2026-04-09 16:57:51,439 - INFO - Test Recall: 0.5000
2026-04-09 16:57:51,440 - INFO - Test F1: 0.6316
2026-04-09 16:57:51,440 - INFO - Test ROC AUC: 0.8480
2026-04-09 16:57:52,657 - INFO - Confusion matrix saved: results\confusion_matrix\Imbalanced\16_variables\cm_SVC_base.png
2026-04-09 16:57:52,658 - INFO - RandomizedSearchCV for SVC
2026-04-09 16:57:54,082 - INFO - Best params: {'kernel': 'linear', 'C': 0.1}
2026-04-09 16:57:54,083 - INFO - Best CV score: 0.9150
2026-04-09 16:57:54,136 - INFO - 
SVC - Tuned
2026-04-09 16:57:54,137 - INFO - Train Accuracy: 0.9125
2026-04-09 16:57:54,138 - INFO - Train ROC AUC: 0.9315
2026-04-09 16:57:54,139 - INFO - Test Accuracy: 0.9186
2026-04-09 16:57:54,140 - INFO - Test Precision: 0.8571
2026-04-09 16:57:54,140 - INFO - Test Recall: 0.5000
2026-04-09 16:57:54,140 - INFO - Test F1: 0.6316
2026-04-09 16:57:54,141 - INFO - Test ROC AUC: 0.9291
2026-04-09 16:57:55,234 - INFO - Confusion matrix saved: results\confusion_matrix\Imbalanced\16_variables\cm_SVC_tuned.png
2026-04-09 16:57:55,235 - INFO - 
--- Training GaussianNB (Imbalanced) ---
2026-04-09 16:57:55,279 - INFO - 
GaussianNB - Base
2026-04-09 16:57:55,280 - INFO - Train Accuracy: 0.9008
2026-04-09 16:57:55,280 - INFO - Train ROC AUC: 0.8748
2026-04-09 16:57:55,281 - INFO - Test Accuracy: 0.8953
2026-04-09 16:57:55,281 - INFO - Test Precision: 0.6154
2026-04-09 16:57:55,281 - INFO - Test Recall: 0.6667
2026-04-09 16:57:55,282 - INFO - Test F1: 0.6400
2026-04-09 16:57:55,282 - INFO - Test ROC AUC: 0.8975
2026-04-09 16:57:56,406 - INFO - Confusion matrix saved: results\confusion_matrix\Imbalanced\16_variables\cm_GaussianNB_base.png
2026-04-09 16:57:56,407 - INFO - RandomizedSearchCV for GaussianNB
2026-04-09 16:57:56,594 - INFO - Best params: {'var_smoothing': 1e-09}
2026-04-09 16:57:56,594 - INFO - Best CV score: 0.8534
2026-04-09 16:57:56,631 - INFO - 
GaussianNB - Tuned
2026-04-09 16:57:56,632 - INFO - Train Accuracy: 0.9008
2026-04-09 16:57:56,632 - INFO - Train ROC AUC: 0.8748
2026-04-09 16:57:56,633 - INFO - Test Accuracy: 0.8953
2026-04-09 16:57:56,633 - INFO - Test Precision: 0.6154
2026-04-09 16:57:56,634 - INFO - Test Recall: 0.6667
2026-04-09 16:57:56,635 - INFO - Test F1: 0.6400
2026-04-09 16:57:56,636 - INFO - Test ROC AUC: 0.8975
2026-04-09 16:57:57,815 - INFO - Confusion matrix saved: results\confusion_matrix\Imbalanced\16_variables\cm_GaussianNB_tuned.png
2026-04-09 16:57:57,817 - INFO - 
======================================================================
2026-04-09 16:57:57,818 - INFO - TRAINING MODELS ON BALANCED DATA (SMOTE)
2026-04-09 16:57:57,818 - INFO - ======================================================================
2026-04-09 16:57:57,819 - INFO - 
--- Training LogisticRegression (Balanced SMOTE) ---
2026-04-09 16:57:57,872 - INFO - 
LogisticRegression - Base
2026-04-09 16:57:57,872 - INFO - Train Accuracy: 0.8773
2026-04-09 16:57:57,873 - INFO - Train ROC AUC: 0.9485
2026-04-09 16:57:57,873 - INFO - Test Accuracy: 0.7326
2026-04-09 16:57:57,874 - INFO - Test Precision: 0.3226
2026-04-09 16:57:57,874 - INFO - Test Recall: 0.8333
2026-04-09 16:57:57,874 - INFO - Test F1: 0.4651
2026-04-09 16:57:57,875 - INFO - Test ROC AUC: 0.8874
2026-04-09 16:57:58,970 - INFO - Confusion matrix saved: results\confusion_matrix\Balanced_SMOTE\16_variables\cm_LogisticRegression_base.png
2026-04-09 16:57:58,971 - INFO - RandomizedSearchCV for LogisticRegression
2026-04-09 16:57:59,228 - INFO - Best params: {'solver': 'liblinear', 'penalty': 'l1', 'C': 0.1}
2026-04-09 16:57:59,229 - INFO - Best CV score: 0.9361
2026-04-09 16:57:59,262 - INFO - 
LogisticRegression - Tuned
2026-04-09 16:57:59,262 - INFO - Train Accuracy: 0.8720
2026-04-09 16:57:59,263 - INFO - Train ROC AUC: 0.9467
2026-04-09 16:57:59,263 - INFO - Test Accuracy: 0.7442
2026-04-09 16:57:59,264 - INFO - Test Precision: 0.3333
2026-04-09 16:57:59,264 - INFO - Test Recall: 0.8333
2026-04-09 16:57:59,264 - INFO - Test F1: 0.4762
2026-04-09 16:57:59,265 - INFO - Test ROC AUC: 0.8986
2026-04-09 16:58:00,363 - INFO - Confusion matrix saved: results\confusion_matrix\Balanced_SMOTE\16_variables\cm_LogisticRegression_tuned.png
2026-04-09 16:58:00,366 - INFO - 
--- Training RandomForest (Balanced SMOTE) ---
2026-04-09 16:58:01,114 - INFO - 
RandomForest - Base
2026-04-09 16:58:01,115 - INFO - Train Accuracy: 1.0000
2026-04-09 16:58:01,116 - INFO - Train ROC AUC: 1.0000
2026-04-09 16:58:01,116 - INFO - Test Accuracy: 0.7558
2026-04-09 16:58:01,117 - INFO - Test Precision: 0.3333
2026-04-09 16:58:01,117 - INFO - Test Recall: 0.7500
2026-04-09 16:58:01,118 - INFO - Test F1: 0.4615
2026-04-09 16:58:01,118 - INFO - Test ROC AUC: 0.8181
2026-04-09 16:58:02,773 - INFO - Confusion matrix saved: results\confusion_matrix\Balanced_SMOTE\16_variables\cm_RandomForest_base.png
2026-04-09 16:58:02,774 - INFO - RandomizedSearchCV for RandomForestClassifier
2026-04-09 16:58:10,911 - INFO - Best params: {'n_estimators': 100, 'min_samples_split': 2, 'min_samples_leaf': 1, 'max_depth': 15}
2026-04-09 16:58:10,912 - INFO - Best CV score: 0.9850
2026-04-09 16:58:11,088 - INFO - 
RandomForest - Tuned
2026-04-09 16:58:11,089 - INFO - Train Accuracy: 1.0000
2026-04-09 16:58:11,089 - INFO - Train ROC AUC: 1.0000
2026-04-09 16:58:11,090 - INFO - Test Accuracy: 0.7674
2026-04-09 16:58:11,090 - INFO - Test Precision: 0.3462
2026-04-09 16:58:11,091 - INFO - Test Recall: 0.7500
2026-04-09 16:58:11,091 - INFO - Test F1: 0.4737
2026-04-09 16:58:11,092 - INFO - Test ROC AUC: 0.8114
2026-04-09 16:58:12,193 - INFO - Confusion matrix saved: results\confusion_matrix\Balanced_SMOTE\16_variables\cm_RandomForest_tuned.png
2026-04-09 16:58:12,194 - INFO - 
--- Training XGBoost (Balanced SMOTE) ---
2026-04-09 16:58:12,344 - INFO - 
XGBoost - Base
2026-04-09 16:58:12,345 - INFO - Train Accuracy: 1.0000
2026-04-09 16:58:12,345 - INFO - Train ROC AUC: 1.0000
2026-04-09 16:58:12,346 - INFO - Test Accuracy: 0.3488
2026-04-09 16:58:12,346 - INFO - Test Precision: 0.1765
2026-04-09 16:58:12,346 - INFO - Test Recall: 1.0000
2026-04-09 16:58:12,346 - INFO - Test F1: 0.3000
2026-04-09 16:58:12,347 - INFO - Test ROC AUC: 0.8502
2026-04-09 16:58:13,435 - INFO - Confusion matrix saved: results\confusion_matrix\Balanced_SMOTE\16_variables\cm_XGBoost_base.png
2026-04-09 16:58:13,436 - INFO - RandomizedSearchCV for XGBClassifier
2026-04-09 16:58:15,903 - INFO - Best params: {'n_estimators': 100, 'max_depth': 7, 'learning_rate': 0.1}
2026-04-09 16:58:15,903 - INFO - Best CV score: 0.9818
2026-04-09 16:58:15,947 - INFO - 
XGBoost - Tuned
2026-04-09 16:58:15,948 - INFO - Train Accuracy: 0.9992
2026-04-09 16:58:15,948 - INFO - Train ROC AUC: 1.0000
2026-04-09 16:58:15,949 - INFO - Test Accuracy: 0.4651
2026-04-09 16:58:15,950 - INFO - Test Precision: 0.2069
2026-04-09 16:58:15,951 - INFO - Test Recall: 1.0000
2026-04-09 16:58:15,951 - INFO - Test F1: 0.3429
2026-04-09 16:58:15,951 - INFO - Test ROC AUC: 0.8491
2026-04-09 16:58:17,014 - INFO - Confusion matrix saved: results\confusion_matrix\Balanced_SMOTE\16_variables\cm_XGBoost_tuned.png
2026-04-09 16:58:17,023 - INFO - Model saved with joblib: models\best_model_XGBoost_Balanced_SMOTE_selected.pkl
2026-04-09 16:58:17,029 - INFO - Pickle backup saved: models\best_model_XGBoost_Balanced_SMOTE_selected_pickle.pkl
2026-04-09 16:58:17,030 - INFO - 
--- Training KNN (Balanced SMOTE) ---
2026-04-09 16:58:17,094 - INFO - 
KNN - Base
2026-04-09 16:58:17,094 - INFO - Train Accuracy: 0.9318
2026-04-09 16:58:17,095 - INFO - Train ROC AUC: 0.9860
2026-04-09 16:58:17,095 - INFO - Test Accuracy: 0.7674
2026-04-09 16:58:17,096 - INFO - Test Precision: 0.3333
2026-04-09 16:58:17,096 - INFO - Test Recall: 0.6667
2026-04-09 16:58:17,096 - INFO - Test F1: 0.4444
2026-04-09 16:58:17,097 - INFO - Test ROC AUC: 0.7325
2026-04-09 16:58:18,181 - INFO - Confusion matrix saved: results\confusion_matrix\Balanced_SMOTE\16_variables\cm_KNN_base.png
2026-04-09 16:58:18,182 - INFO - RandomizedSearchCV for KNeighborsClassifier
2026-04-09 16:58:18,442 - INFO - Best params: {'weights': 'distance', 'n_neighbors': 9}
2026-04-09 16:58:18,442 - INFO - Best CV score: 0.9593
2026-04-09 16:58:18,506 - INFO - 
KNN - Tuned
2026-04-09 16:58:18,507 - INFO - Train Accuracy: 1.0000
2026-04-09 16:58:18,507 - INFO - Train ROC AUC: 1.0000
2026-04-09 16:58:18,507 - INFO - Test Accuracy: 0.7558
2026-04-09 16:58:18,508 - INFO - Test Precision: 0.3200
2026-04-09 16:58:18,508 - INFO - Test Recall: 0.6667
2026-04-09 16:58:18,508 - INFO - Test F1: 0.4324
2026-04-09 16:58:18,509 - INFO - Test ROC AUC: 0.7635
2026-04-09 16:58:19,631 - INFO - Confusion matrix saved: results\confusion_matrix\Balanced_SMOTE\16_variables\cm_KNN_tuned.png
2026-04-09 16:58:19,633 - INFO - 
--- Training SVC (Balanced SMOTE) ---
2026-04-09 16:58:20,487 - INFO - 
SVC - Base
2026-04-09 16:58:20,487 - INFO - Train Accuracy: 0.9341
2026-04-09 16:58:20,488 - INFO - Train ROC AUC: 0.9775
2026-04-09 16:58:20,489 - INFO - Test Accuracy: 0.7791
2026-04-09 16:58:20,489 - INFO - Test Precision: 0.3600
2026-04-09 16:58:20,490 - INFO - Test Recall: 0.7500
2026-04-09 16:58:20,491 - INFO - Test F1: 0.4865
2026-04-09 16:58:20,492 - INFO - Test ROC AUC: 0.8356
2026-04-09 16:58:21,664 - INFO - Confusion matrix saved: results\confusion_matrix\Balanced_SMOTE\16_variables\cm_SVC_base.png
2026-04-09 16:58:21,665 - INFO - RandomizedSearchCV for SVC
2026-04-09 16:58:25,511 - INFO - Best params: {'kernel': 'rbf', 'C': 10}
2026-04-09 16:58:25,512 - INFO - Best CV score: 0.9651
2026-04-09 16:58:25,798 - INFO - 
SVC - Tuned
2026-04-09 16:58:25,799 - INFO - Train Accuracy: 0.9629
2026-04-09 16:58:25,801 - INFO - Train ROC AUC: 0.9899
2026-04-09 16:58:25,804 - INFO - Test Accuracy: 0.8256
2026-04-09 16:58:25,804 - INFO - Test Precision: 0.4211
2026-04-09 16:58:25,805 - INFO - Test Recall: 0.6667
2026-04-09 16:58:25,805 - INFO - Test F1: 0.5161
2026-04-09 16:58:25,806 - INFO - Test ROC AUC: 0.8018
2026-04-09 16:58:27,123 - INFO - Confusion matrix saved: results\confusion_matrix\Balanced_SMOTE\16_variables\cm_SVC_tuned.png
2026-04-09 16:58:27,125 - INFO - 
--- Training GaussianNB (Balanced SMOTE) ---
2026-04-09 16:58:27,165 - INFO - 
GaussianNB - Base
2026-04-09 16:58:27,166 - INFO - Train Accuracy: 0.8091
2026-04-09 16:58:27,167 - INFO - Train ROC AUC: 0.8814
2026-04-09 16:58:27,167 - INFO - Test Accuracy: 0.7791
2026-04-09 16:58:27,168 - INFO - Test Precision: 0.3600
2026-04-09 16:58:27,168 - INFO - Test Recall: 0.7500
2026-04-09 16:58:27,168 - INFO - Test F1: 0.4865
2026-04-09 16:58:27,169 - INFO - Test ROC AUC: 0.8986
2026-04-09 16:58:28,292 - INFO - Confusion matrix saved: results\confusion_matrix\Balanced_SMOTE\16_variables\cm_GaussianNB_base.png
2026-04-09 16:58:28,293 - INFO - RandomizedSearchCV for GaussianNB
2026-04-09 16:58:28,490 - INFO - Best params: {'var_smoothing': 1e-09}
2026-04-09 16:58:28,491 - INFO - Best CV score: 0.8737
2026-04-09 16:58:28,528 - INFO - 
GaussianNB - Tuned
2026-04-09 16:58:28,529 - INFO - Train Accuracy: 0.8091
2026-04-09 16:58:28,529 - INFO - Train ROC AUC: 0.8814
2026-04-09 16:58:28,530 - INFO - Test Accuracy: 0.7791
2026-04-09 16:58:28,530 - INFO - Test Precision: 0.3600
2026-04-09 16:58:28,530 - INFO - Test Recall: 0.7500
2026-04-09 16:58:28,531 - INFO - Test F1: 0.4865
2026-04-09 16:58:28,531 - INFO - Test ROC AUC: 0.8986
2026-04-09 16:58:29,739 - INFO - Confusion matrix saved: results\confusion_matrix\Balanced_SMOTE\16_variables\cm_GaussianNB_tuned.png
2026-04-09 16:58:31,227 - INFO - ROC plot saved: results\roc_curves\roc_Imbalanced_selected.png
2026-04-09 16:58:32,669 - INFO - ROC plot saved: results\roc_curves\roc_Balanced_SMOTE_selected.png
2026-04-09 16:58:33,860 - INFO - Feature importance plot saved: results\feature_importances\feature_importance_Imbalanced_selected.png
2026-04-09 16:58:35,354 - INFO - Feature importance plot saved: results\feature_importances\feature_importance_Balanced_SMOTE_selected.png
2026-04-09 16:58:35,366 - INFO - Training done!
2026-04-09 17:01:58,004 - INFO - Loading data from: ./database/hee_brazil_ambato_peru_base.csv
2026-04-09 17:01:58,033 - INFO - Categorical variables: 26
2026-04-09 17:01:58,034 - INFO - Continuous variables: 15
2026-04-09 17:01:58,477 - INFO - Using categorical units to plot a list of strings that are all parsable as floats or dates. If these strings should be plotted as numbers, cast to the appropriate data type before plotting.
2026-04-09 17:01:58,496 - INFO - Using categorical units to plot a list of strings that are all parsable as floats or dates. If these strings should be plotted as numbers, cast to the appropriate data type before plotting.
2026-04-09 17:01:58,885 - INFO - Saved plot: distribution\freq_SEX.png
2026-04-09 17:01:59,656 - INFO - Saved plot: distribution\freq_AGEATDIGNOSIS.png
2026-04-09 17:01:59,934 - INFO - Using categorical units to plot a list of strings that are all parsable as floats or dates. If these strings should be plotted as numbers, cast to the appropriate data type before plotting.
2026-04-09 17:01:59,950 - INFO - Using categorical units to plot a list of strings that are all parsable as floats or dates. If these strings should be plotted as numbers, cast to the appropriate data type before plotting.
2026-04-09 17:02:00,374 - INFO - Saved plot: distribution\freq_RADIOTHERAPY EXPOSURE.png
2026-04-09 17:02:00,633 - INFO - Using categorical units to plot a list of strings that are all parsable as floats or dates. If these strings should be plotted as numbers, cast to the appropriate data type before plotting.
2026-04-09 17:02:00,655 - INFO - Using categorical units to plot a list of strings that are all parsable as floats or dates. If these strings should be plotted as numbers, cast to the appropriate data type before plotting.
2026-04-09 17:02:01,096 - INFO - Saved plot: distribution\freq_FAMILY HISTORY OF THYROID CANCER.png
2026-04-09 17:02:01,342 - INFO - Using categorical units to plot a list of strings that are all parsable as floats or dates. If these strings should be plotted as numbers, cast to the appropriate data type before plotting.
2026-04-09 17:02:01,357 - INFO - Using categorical units to plot a list of strings that are all parsable as floats or dates. If these strings should be plotted as numbers, cast to the appropriate data type before plotting.
2026-04-09 17:02:01,724 - INFO - Saved plot: distribution\freq_THYROID DISEASE PREOP.png
2026-04-09 17:02:02,378 - INFO - Saved plot: distribution\freq_BMI.png
2026-04-09 17:02:02,627 - INFO - Using categorical units to plot a list of strings that are all parsable as floats or dates. If these strings should be plotted as numbers, cast to the appropriate data type before plotting.
2026-04-09 17:02:02,641 - INFO - Using categorical units to plot a list of strings that are all parsable as floats or dates. If these strings should be plotted as numbers, cast to the appropriate data type before plotting.
2026-04-09 17:02:02,999 - INFO - Saved plot: distribution\freq_THYROIDECTOMY APPROACH.png
2026-04-09 17:02:03,246 - INFO - Using categorical units to plot a list of strings that are all parsable as floats or dates. If these strings should be plotted as numbers, cast to the appropriate data type before plotting.
2026-04-09 17:02:03,259 - INFO - Using categorical units to plot a list of strings that are all parsable as floats or dates. If these strings should be plotted as numbers, cast to the appropriate data type before plotting.
2026-04-09 17:02:03,626 - INFO - Saved plot: distribution\freq_TYPEOFRESECTION.png
2026-04-09 17:02:03,884 - INFO - Using categorical units to plot a list of strings that are all parsable as floats or dates. If these strings should be plotted as numbers, cast to the appropriate data type before plotting.
2026-04-09 17:02:03,900 - INFO - Using categorical units to plot a list of strings that are all parsable as floats or dates. If these strings should be plotted as numbers, cast to the appropriate data type before plotting.
2026-04-09 17:02:04,295 - INFO - Saved plot: distribution\freq_HISTOLOGY.png
2026-04-09 17:02:04,951 - INFO - Saved plot: distribution\freq_TUMORSIZE (cm).png
2026-04-09 17:02:05,182 - INFO - Using categorical units to plot a list of strings that are all parsable as floats or dates. If these strings should be plotted as numbers, cast to the appropriate data type before plotting.
2026-04-09 17:02:05,196 - INFO - Using categorical units to plot a list of strings that are all parsable as floats or dates. If these strings should be plotted as numbers, cast to the appropriate data type before plotting.
2026-04-09 17:02:05,551 - INFO - Saved plot: distribution\freq_EXTRATHYROIDALEXTENSION.png
2026-04-09 17:02:05,789 - INFO - Using categorical units to plot a list of strings that are all parsable as floats or dates. If these strings should be plotted as numbers, cast to the appropriate data type before plotting.
2026-04-09 17:02:05,806 - INFO - Using categorical units to plot a list of strings that are all parsable as floats or dates. If these strings should be plotted as numbers, cast to the appropriate data type before plotting.
2026-04-09 17:02:06,167 - INFO - Saved plot: distribution\freq_MULTICENTRIC.png
2026-04-09 17:02:06,416 - INFO - Using categorical units to plot a list of strings that are all parsable as floats or dates. If these strings should be plotted as numbers, cast to the appropriate data type before plotting.
2026-04-09 17:02:06,430 - INFO - Using categorical units to plot a list of strings that are all parsable as floats or dates. If these strings should be plotted as numbers, cast to the appropriate data type before plotting.
2026-04-09 17:02:06,827 - INFO - Saved plot: distribution\freq_MULTICENTER_BILATERAL.png
2026-04-09 17:02:07,079 - INFO - Using categorical units to plot a list of strings that are all parsable as floats or dates. If these strings should be plotted as numbers, cast to the appropriate data type before plotting.
2026-04-09 17:02:07,093 - INFO - Using categorical units to plot a list of strings that are all parsable as floats or dates. If these strings should be plotted as numbers, cast to the appropriate data type before plotting.
2026-04-09 17:02:07,544 - INFO - Saved plot: distribution\freq_VASCULARINVASION.png
2026-04-09 17:02:07,868 - INFO - Using categorical units to plot a list of strings that are all parsable as floats or dates. If these strings should be plotted as numbers, cast to the appropriate data type before plotting.
2026-04-09 17:02:07,901 - INFO - Using categorical units to plot a list of strings that are all parsable as floats or dates. If these strings should be plotted as numbers, cast to the appropriate data type before plotting.
2026-04-09 17:02:08,316 - INFO - Saved plot: distribution\freq_PERINEURALINVASION.png
2026-04-09 17:02:08,577 - INFO - Using categorical units to plot a list of strings that are all parsable as floats or dates. If these strings should be plotted as numbers, cast to the appropriate data type before plotting.
2026-04-09 17:02:08,596 - INFO - Using categorical units to plot a list of strings that are all parsable as floats or dates. If these strings should be plotted as numbers, cast to the appropriate data type before plotting.
2026-04-09 17:02:08,997 - INFO - Saved plot: distribution\freq_POSITIVELYMPHNODEN1.png
2026-04-09 17:02:09,677 - INFO - Saved plot: distribution\freq_NUMBEROFLYMPHNODEEXCISION.png
2026-04-09 17:02:10,640 - INFO - Saved plot: distribution\freq_NUMBEROFPOSITIVELYMPHNODEEXCISION.png
2026-04-09 17:02:11,452 - INFO - Saved plot: distribution\freq_LN RATIO.png
2026-04-09 17:02:12,536 - INFO - Saved plot: distribution\freq_SIZEOFPOSITIVELYMPHNODE(cm).png
2026-04-09 17:02:12,900 - INFO - Using categorical units to plot a list of strings that are all parsable as floats or dates. If these strings should be plotted as numbers, cast to the appropriate data type before plotting.
2026-04-09 17:02:12,981 - INFO - Using categorical units to plot a list of strings that are all parsable as floats or dates. If these strings should be plotted as numbers, cast to the appropriate data type before plotting.
2026-04-09 17:02:14,364 - INFO - Saved plot: distribution\freq_EXTRANODALEXTENSION.png
2026-04-09 17:02:14,781 - INFO - Using categorical units to plot a list of strings that are all parsable as floats or dates. If these strings should be plotted as numbers, cast to the appropriate data type before plotting.
2026-04-09 17:02:14,808 - INFO - Using categorical units to plot a list of strings that are all parsable as floats or dates. If these strings should be plotted as numbers, cast to the appropriate data type before plotting.
2026-04-09 17:02:15,399 - INFO - Saved plot: distribution\freq_HASHIMOTO THYROIDITIS.png
2026-04-09 17:02:15,752 - INFO - Using categorical units to plot a list of strings that are all parsable as floats or dates. If these strings should be plotted as numbers, cast to the appropriate data type before plotting.
2026-04-09 17:02:15,805 - INFO - Using categorical units to plot a list of strings that are all parsable as floats or dates. If these strings should be plotted as numbers, cast to the appropriate data type before plotting.
2026-04-09 17:02:16,451 - INFO - Saved plot: distribution\freq_TNMT.png
2026-04-09 17:02:16,771 - INFO - Using categorical units to plot a list of strings that are all parsable as floats or dates. If these strings should be plotted as numbers, cast to the appropriate data type before plotting.
2026-04-09 17:02:16,805 - INFO - Using categorical units to plot a list of strings that are all parsable as floats or dates. If these strings should be plotted as numbers, cast to the appropriate data type before plotting.
2026-04-09 17:02:17,333 - INFO - Saved plot: distribution\freq_TNMN.png
2026-04-09 17:02:17,612 - INFO - Using categorical units to plot a list of strings that are all parsable as floats or dates. If these strings should be plotted as numbers, cast to the appropriate data type before plotting.
2026-04-09 17:02:17,627 - INFO - Using categorical units to plot a list of strings that are all parsable as floats or dates. If these strings should be plotted as numbers, cast to the appropriate data type before plotting.
2026-04-09 17:02:18,022 - INFO - Saved plot: distribution\freq_TNMM.png
2026-04-09 17:02:18,358 - INFO - Using categorical units to plot a list of strings that are all parsable as floats or dates. If these strings should be plotted as numbers, cast to the appropriate data type before plotting.
2026-04-09 17:02:18,372 - INFO - Using categorical units to plot a list of strings that are all parsable as floats or dates. If these strings should be plotted as numbers, cast to the appropriate data type before plotting.
2026-04-09 17:02:18,814 - INFO - Saved plot: distribution\freq_STAGE.png
2026-04-09 17:02:19,055 - INFO - Using categorical units to plot a list of strings that are all parsable as floats or dates. If these strings should be plotted as numbers, cast to the appropriate data type before plotting.
2026-04-09 17:02:19,068 - INFO - Using categorical units to plot a list of strings that are all parsable as floats or dates. If these strings should be plotted as numbers, cast to the appropriate data type before plotting.
2026-04-09 17:02:19,433 - INFO - Saved plot: distribution\freq_ATA_2015_RISCO_INICIAL.png
2026-04-09 17:02:19,665 - INFO - Using categorical units to plot a list of strings that are all parsable as floats or dates. If these strings should be plotted as numbers, cast to the appropriate data type before plotting.
2026-04-09 17:02:19,677 - INFO - Using categorical units to plot a list of strings that are all parsable as floats or dates. If these strings should be plotted as numbers, cast to the appropriate data type before plotting.
2026-04-09 17:02:20,054 - INFO - Saved plot: distribution\freq_ATA_2025_RISCO_INICIAL.png
2026-04-09 17:02:20,290 - INFO - Using categorical units to plot a list of strings that are all parsable as floats or dates. If these strings should be plotted as numbers, cast to the appropriate data type before plotting.
2026-04-09 17:02:20,304 - INFO - Using categorical units to plot a list of strings that are all parsable as floats or dates. If these strings should be plotted as numbers, cast to the appropriate data type before plotting.
2026-04-09 17:02:20,668 - INFO - Saved plot: distribution\freq_RAI.png
2026-04-09 17:02:21,309 - INFO - Saved plot: distribution\freq_RAIDOSE.png
2026-04-09 17:02:21,979 - INFO - Saved plot: distribution\freq_TSH PRE RAI.png
2026-04-09 17:02:22,604 - INFO - Saved plot: distribution\freq_TG PRE RAI.png
2026-04-09 17:02:22,848 - INFO - Using categorical units to plot a list of strings that are all parsable as floats or dates. If these strings should be plotted as numbers, cast to the appropriate data type before plotting.
2026-04-09 17:02:22,863 - INFO - Using categorical units to plot a list of strings that are all parsable as floats or dates. If these strings should be plotted as numbers, cast to the appropriate data type before plotting.
2026-04-09 17:02:23,240 - INFO - Saved plot: distribution\freq_ANTI TG PRE RAI (POSITIVE or NEGATIVE).png
2026-04-09 17:02:23,893 - INFO - Saved plot: distribution\freq_ANTI TG PRE RAI .png
2026-04-09 17:02:24,981 - INFO - Saved plot: distribution\freq_OUTCOMEFOLLOWUP_MONTHSPOSTSURGERY.png
2026-04-09 17:02:27,345 - INFO - Saved plot: distribution\freq_TSH FOLLOW UP.png
2026-04-09 17:02:28,626 - INFO - Saved plot: distribution\freq_TG FOLLOW UP.png
2026-04-09 17:02:29,241 - INFO - Using categorical units to plot a list of strings that are all parsable as floats or dates. If these strings should be plotted as numbers, cast to the appropriate data type before plotting.
2026-04-09 17:02:29,289 - INFO - Using categorical units to plot a list of strings that are all parsable as floats or dates. If these strings should be plotted as numbers, cast to the appropriate data type before plotting.
2026-04-09 17:02:30,051 - INFO - Saved plot: distribution\freq_ANTI TG FOLLOW UP (POSITIVE or NEGATIVE).png
2026-04-09 17:02:31,155 - INFO - Saved plot: distribution\freq_ANTI TG FOLLOW UP.png
2026-04-09 17:02:31,579 - INFO - Using categorical units to plot a list of strings that are all parsable as floats or dates. If these strings should be plotted as numbers, cast to the appropriate data type before plotting.
2026-04-09 17:02:31,598 - INFO - Using categorical units to plot a list of strings that are all parsable as floats or dates. If these strings should be plotted as numbers, cast to the appropriate data type before plotting.
2026-04-09 17:02:33,943 - INFO - Saved plot: distribution\freq_SUBTYPE_FOLLI_PAPIL.png
2026-04-09 17:02:33,984 - INFO - 
Missing Data Report:
2026-04-09 17:02:34,099 - INFO - 
                                          Total  Percent
SIZEOFPOSITIVELYMPHNODE(cm)                 914    85.82
ANTI TG PRE RAI                             873    81.97
EXTRANODALEXTENSION                         835    78.40
ANTI TG PRE RAI (POSITIVE or NEGATIVE)      662    62.16
TSH PRE RAI                                 650    61.03
LN RATIO                                    616    57.84
ANTI TG FOLLOW UP                           606    56.90
TG PRE RAI                                  522    49.01
MULTICENTER_BILATERAL                       511    47.98
NUMBEROFLYMPHNODEEXCISION                   506    47.51
NUMBEROFPOSITIVELYMPHNODEEXCISION           500    46.95
ATA_2025_RISCO_INICIAL                      420    39.44
BMI                                         377    35.40
PERINEURALINVASION                          364    34.18
VASCULARINVASION                            324    30.42
RAIDOSE                                     286    26.85
TYPEOFRESECTION                             244    22.91
ANTI TG FOLLOW UP (POSITIVE or NEGATIVE)    213    20.00
HASHIMOTO THYROIDITIS                       209    19.62
EXTRATHYROIDALEXTENSION                     114    10.70
POSITIVELYMPHNODEN1                          93     8.73
THYROID DISEASE PREOP                        91     8.54
SUBTYPE_FOLLI_PAPIL                          67     6.29
TUMORSIZE (cm)                               60     5.63
RADIOTHERAPY EXPOSURE                        43     4.04
TG FOLLOW UP                                 26     2.44
STAGE                                        24     2.25
TSH FOLLOW UP                                22     2.07
FAMILY HISTORY OF THYROID CANCER             21     1.97
MULTICENTRIC                                 18     1.69
TNMN                                         14     1.31
OUTCOMEFOLLOWUP_MONTHSPOSTSURGERY            10     0.94
TNMM                                          6     0.56
RAI                                           5     0.47
TNMT                                          4     0.38
AGEATDIGNOSIS                                 2     0.19
SEX                                           2     0.19
HISTOLOGY                                     2     0.19
THYROIDECTOMY APPROACH                        2     0.19
ATA_2015_RISCO_INICIAL                        2     0.19
RECURRENCE                                    2     0.19
2026-04-09 17:02:34,184 - INFO - Imputed categorical 'SEX' with mode: 1.0
2026-04-09 17:02:34,225 - INFO - Imputed continuous 'AGEATDIGNOSIS' with median: 47.0
2026-04-09 17:02:34,274 - INFO - Imputed categorical 'RADIOTHERAPY EXPOSURE' with mode: 2.0
2026-04-09 17:02:34,284 - INFO - Imputed categorical 'FAMILY HISTORY OF THYROID CANCER' with mode: 2.0
2026-04-09 17:02:34,295 - INFO - Imputed categorical 'THYROID DISEASE PREOP' with mode: 1.0
2026-04-09 17:02:34,310 - INFO - Imputed continuous 'BMI' with median: 28.0
2026-04-09 17:02:34,320 - INFO - Imputed categorical 'THYROIDECTOMY APPROACH' with mode: 1.0
2026-04-09 17:02:34,348 - INFO - Imputed categorical 'TYPEOFRESECTION' with mode: 1.0
2026-04-09 17:02:34,354 - INFO - Imputed categorical 'HISTOLOGY' with mode: 1.0
2026-04-09 17:02:34,380 - INFO - Imputed continuous 'TUMORSIZE (cm)' with median: 3.1
2026-04-09 17:02:34,396 - INFO - Imputed categorical 'EXTRATHYROIDALEXTENSION' with mode: 1.0
2026-04-09 17:02:34,402 - INFO - Imputed categorical 'MULTICENTRIC' with mode: 2.0
2026-04-09 17:02:34,426 - INFO - Imputed categorical 'MULTICENTER_BILATERAL' with mode: 2.0
2026-04-09 17:02:34,458 - INFO - Imputed categorical 'VASCULARINVASION' with mode: 2.0
2026-04-09 17:02:34,467 - INFO - Imputed categorical 'PERINEURALINVASION' with mode: 2.0
2026-04-09 17:02:34,479 - INFO - Imputed categorical 'POSITIVELYMPHNODEN1' with mode: 2.0
2026-04-09 17:02:34,494 - INFO - Imputed continuous 'NUMBEROFLYMPHNODEEXCISION' with median: 5.0
2026-04-09 17:02:34,514 - INFO - Imputed continuous 'NUMBEROFPOSITIVELYMPHNODEEXCISION' with median: 2.0
2026-04-09 17:02:34,565 - INFO - Imputed continuous 'LN RATIO' with median: 36.67
2026-04-09 17:02:34,587 - INFO - Imputed continuous 'SIZEOFPOSITIVELYMPHNODE(cm)' with median: 1.7
2026-04-09 17:02:34,615 - INFO - Imputed categorical 'EXTRANODALEXTENSION' with mode: 2.0
2026-04-09 17:02:34,622 - INFO - Imputed categorical 'HASHIMOTO THYROIDITIS' with mode: 2.0
2026-04-09 17:02:34,660 - INFO - Imputed categorical 'TNMT' with mode: 1.0
2026-04-09 17:02:34,689 - INFO - Imputed categorical 'TNMN' with mode: 0.0
2026-04-09 17:02:34,703 - INFO - Imputed categorical 'TNMM' with mode: 1.0
2026-04-09 17:02:34,716 - INFO - Imputed categorical 'STAGE' with mode: 1.0
2026-04-09 17:02:34,721 - INFO - Imputed categorical 'ATA_2015_RISCO_INICIAL' with mode: 1.0
2026-04-09 17:02:34,745 - INFO - Imputed categorical 'ATA_2025_RISCO_INICIAL' with mode: 3.0
2026-04-09 17:02:34,749 - INFO - Imputed categorical 'RAI' with mode: 1.0
2026-04-09 17:02:34,754 - INFO - Imputed continuous 'RAIDOSE' with median: 100.0
2026-04-09 17:02:34,759 - INFO - Imputed continuous 'TSH PRE RAI' with median: 85.0
2026-04-09 17:02:34,767 - INFO - Imputed continuous 'TG PRE RAI' with median: 4.11
2026-04-09 17:02:34,771 - INFO - Imputed categorical 'ANTI TG PRE RAI (POSITIVE or NEGATIVE)' with mode: 1.0
2026-04-09 17:02:34,776 - INFO - Imputed continuous 'ANTI TG PRE RAI ' with median: 10.0
2026-04-09 17:02:34,784 - INFO - Imputed continuous 'OUTCOMEFOLLOWUP_MONTHSPOSTSURGERY' with median: 87.0
2026-04-09 17:02:34,789 - INFO - Imputed continuous 'TSH FOLLOW UP' with median: 0.59
2026-04-09 17:02:34,802 - INFO - Imputed continuous 'TG FOLLOW UP' with median: 0.1
2026-04-09 17:02:34,852 - INFO - Imputed categorical 'ANTI TG FOLLOW UP (POSITIVE or NEGATIVE)' with mode: 2.0
2026-04-09 17:02:34,870 - INFO - Imputed continuous 'ANTI TG FOLLOW UP' with median: 15.0
2026-04-09 17:02:34,900 - INFO - Imputed categorical 'SUBTYPE_FOLLI_PAPIL' with mode: 1.0
2026-04-09 17:02:34,999 - INFO - Imputed categorical 'RECURRENCE' with mode: 0.0
2026-04-09 17:02:35,093 - WARNING - Column 'TUMORSIZE (cm)' had min value 0.0 in 0.19%. Shifted by 2.22e-16
2026-04-09 17:02:35,103 - WARNING - Column 'NUMBEROFLYMPHNODEEXCISION' had min value 0.0 in 9.95%. Shifted by 2.22e-16
2026-04-09 17:02:35,131 - WARNING - Column 'NUMBEROFPOSITIVELYMPHNODEEXCISION' had min value 0.0 in 17.65%. Shifted by 2.22e-16
2026-04-09 17:02:35,137 - WARNING - Column 'LN RATIO' had min value 0.0 in 7.61%. Shifted by 2.22e-16
2026-04-09 17:02:35,153 - WARNING - Column 'TG PRE RAI' had min value 0.0 in 1.31%. Shifted by 2.22e-16
2026-04-09 17:02:35,174 - WARNING - Column 'ANTI TG FOLLOW UP' had min value 0.0 in 0.09%. Shifted by 2.22e-16
2026-04-09 17:02:35,738 - INFO - Using categorical units to plot a list of strings that are all parsable as floats or dates. If these strings should be plotted as numbers, cast to the appropriate data type before plotting.
2026-04-09 17:02:35,761 - INFO - Using categorical units to plot a list of strings that are all parsable as floats or dates. If these strings should be plotted as numbers, cast to the appropriate data type before plotting.
2026-04-09 17:02:36,393 - INFO - Saved plot: distribution\freq_SEX_norm.png
2026-04-09 17:02:37,649 - INFO - Saved plot: distribution\freq_AGEATDIGNOSIS_norm.png
2026-04-09 17:02:38,449 - INFO - Using categorical units to plot a list of strings that are all parsable as floats or dates. If these strings should be plotted as numbers, cast to the appropriate data type before plotting.
2026-04-09 17:02:38,467 - INFO - Using categorical units to plot a list of strings that are all parsable as floats or dates. If these strings should be plotted as numbers, cast to the appropriate data type before plotting.
2026-04-09 17:02:38,896 - INFO - Saved plot: distribution\freq_RADIOTHERAPY EXPOSURE_norm.png
2026-04-09 17:02:39,261 - INFO - Using categorical units to plot a list of strings that are all parsable as floats or dates. If these strings should be plotted as numbers, cast to the appropriate data type before plotting.
2026-04-09 17:02:39,283 - INFO - Using categorical units to plot a list of strings that are all parsable as floats or dates. If these strings should be plotted as numbers, cast to the appropriate data type before plotting.
2026-04-09 17:02:39,785 - INFO - Saved plot: distribution\freq_FAMILY HISTORY OF THYROID CANCER_norm.png
2026-04-09 17:02:40,698 - INFO - Using categorical units to plot a list of strings that are all parsable as floats or dates. If these strings should be plotted as numbers, cast to the appropriate data type before plotting.
2026-04-09 17:02:40,717 - INFO - Using categorical units to plot a list of strings that are all parsable as floats or dates. If these strings should be plotted as numbers, cast to the appropriate data type before plotting.
2026-04-09 17:02:41,201 - INFO - Saved plot: distribution\freq_THYROID DISEASE PREOP_norm.png
2026-04-09 17:02:42,223 - INFO - Saved plot: distribution\freq_BMI_norm.png
2026-04-09 17:02:42,511 - INFO - Using categorical units to plot a list of strings that are all parsable as floats or dates. If these strings should be plotted as numbers, cast to the appropriate data type before plotting.
2026-04-09 17:02:42,528 - INFO - Using categorical units to plot a list of strings that are all parsable as floats or dates. If these strings should be plotted as numbers, cast to the appropriate data type before plotting.
2026-04-09 17:02:42,961 - INFO - Saved plot: distribution\freq_THYROIDECTOMY APPROACH_norm.png
2026-04-09 17:02:43,275 - INFO - Using categorical units to plot a list of strings that are all parsable as floats or dates. If these strings should be plotted as numbers, cast to the appropriate data type before plotting.
2026-04-09 17:02:43,290 - INFO - Using categorical units to plot a list of strings that are all parsable as floats or dates. If these strings should be plotted as numbers, cast to the appropriate data type before plotting.
2026-04-09 17:02:43,742 - INFO - Saved plot: distribution\freq_TYPEOFRESECTION_norm.png
2026-04-09 17:02:44,021 - INFO - Using categorical units to plot a list of strings that are all parsable as floats or dates. If these strings should be plotted as numbers, cast to the appropriate data type before plotting.
2026-04-09 17:02:44,038 - INFO - Using categorical units to plot a list of strings that are all parsable as floats or dates. If these strings should be plotted as numbers, cast to the appropriate data type before plotting.
2026-04-09 17:02:44,447 - INFO - Saved plot: distribution\freq_HISTOLOGY_norm.png
2026-04-09 17:02:45,234 - INFO - Saved plot: distribution\freq_TUMORSIZE (cm)_norm.png
2026-04-09 17:02:45,488 - INFO - Using categorical units to plot a list of strings that are all parsable as floats or dates. If these strings should be plotted as numbers, cast to the appropriate data type before plotting.
2026-04-09 17:02:45,503 - INFO - Using categorical units to plot a list of strings that are all parsable as floats or dates. If these strings should be plotted as numbers, cast to the appropriate data type before plotting.
2026-04-09 17:02:45,916 - INFO - Saved plot: distribution\freq_EXTRATHYROIDALEXTENSION_norm.png
2026-04-09 17:02:46,160 - INFO - Using categorical units to plot a list of strings that are all parsable as floats or dates. If these strings should be plotted as numbers, cast to the appropriate data type before plotting.
2026-04-09 17:02:46,174 - INFO - Using categorical units to plot a list of strings that are all parsable as floats or dates. If these strings should be plotted as numbers, cast to the appropriate data type before plotting.
2026-04-09 17:02:46,552 - INFO - Saved plot: distribution\freq_MULTICENTRIC_norm.png
2026-04-09 17:02:46,821 - INFO - Using categorical units to plot a list of strings that are all parsable as floats or dates. If these strings should be plotted as numbers, cast to the appropriate data type before plotting.
2026-04-09 17:02:46,839 - INFO - Using categorical units to plot a list of strings that are all parsable as floats or dates. If these strings should be plotted as numbers, cast to the appropriate data type before plotting.
2026-04-09 17:02:47,320 - INFO - Saved plot: distribution\freq_MULTICENTER_BILATERAL_norm.png
2026-04-09 17:02:47,661 - INFO - Using categorical units to plot a list of strings that are all parsable as floats or dates. If these strings should be plotted as numbers, cast to the appropriate data type before plotting.
2026-04-09 17:02:47,681 - INFO - Using categorical units to plot a list of strings that are all parsable as floats or dates. If these strings should be plotted as numbers, cast to the appropriate data type before plotting.
2026-04-09 17:02:48,276 - INFO - Saved plot: distribution\freq_VASCULARINVASION_norm.png
2026-04-09 17:02:48,564 - INFO - Using categorical units to plot a list of strings that are all parsable as floats or dates. If these strings should be plotted as numbers, cast to the appropriate data type before plotting.
2026-04-09 17:02:48,577 - INFO - Using categorical units to plot a list of strings that are all parsable as floats or dates. If these strings should be plotted as numbers, cast to the appropriate data type before plotting.
2026-04-09 17:02:48,889 - INFO - Saved plot: distribution\freq_PERINEURALINVASION_norm.png
2026-04-09 17:02:49,151 - INFO - Using categorical units to plot a list of strings that are all parsable as floats or dates. If these strings should be plotted as numbers, cast to the appropriate data type before plotting.
2026-04-09 17:02:49,166 - INFO - Using categorical units to plot a list of strings that are all parsable as floats or dates. If these strings should be plotted as numbers, cast to the appropriate data type before plotting.
2026-04-09 17:02:49,573 - INFO - Saved plot: distribution\freq_POSITIVELYMPHNODEN1_norm.png
2026-04-09 17:02:50,269 - INFO - Saved plot: distribution\freq_NUMBEROFLYMPHNODEEXCISION_norm.png
2026-04-09 17:02:51,039 - INFO - Saved plot: distribution\freq_NUMBEROFPOSITIVELYMPHNODEEXCISION_norm.png
2026-04-09 17:02:51,801 - INFO - Saved plot: distribution\freq_LN RATIO_norm.png
2026-04-09 17:02:52,628 - INFO - Saved plot: distribution\freq_SIZEOFPOSITIVELYMPHNODE(cm)_norm.png
2026-04-09 17:02:52,920 - INFO - Using categorical units to plot a list of strings that are all parsable as floats or dates. If these strings should be plotted as numbers, cast to the appropriate data type before plotting.
2026-04-09 17:02:52,934 - INFO - Using categorical units to plot a list of strings that are all parsable as floats or dates. If these strings should be plotted as numbers, cast to the appropriate data type before plotting.
2026-04-09 17:02:53,342 - INFO - Saved plot: distribution\freq_EXTRANODALEXTENSION_norm.png
2026-04-09 17:02:53,811 - INFO - Using categorical units to plot a list of strings that are all parsable as floats or dates. If these strings should be plotted as numbers, cast to the appropriate data type before plotting.
2026-04-09 17:02:53,844 - INFO - Using categorical units to plot a list of strings that are all parsable as floats or dates. If these strings should be plotted as numbers, cast to the appropriate data type before plotting.
2026-04-09 17:02:54,375 - INFO - Saved plot: distribution\freq_HASHIMOTO THYROIDITIS_norm.png
2026-04-09 17:02:54,699 - INFO - Using categorical units to plot a list of strings that are all parsable as floats or dates. If these strings should be plotted as numbers, cast to the appropriate data type before plotting.
2026-04-09 17:02:54,722 - INFO - Using categorical units to plot a list of strings that are all parsable as floats or dates. If these strings should be plotted as numbers, cast to the appropriate data type before plotting.
2026-04-09 17:02:55,510 - INFO - Saved plot: distribution\freq_TNMT_norm.png
2026-04-09 17:02:55,876 - INFO - Using categorical units to plot a list of strings that are all parsable as floats or dates. If these strings should be plotted as numbers, cast to the appropriate data type before plotting.
2026-04-09 17:02:55,931 - INFO - Using categorical units to plot a list of strings that are all parsable as floats or dates. If these strings should be plotted as numbers, cast to the appropriate data type before plotting.
2026-04-09 17:02:56,596 - INFO - Saved plot: distribution\freq_TNMN_norm.png
2026-04-09 17:02:56,988 - INFO - Using categorical units to plot a list of strings that are all parsable as floats or dates. If these strings should be plotted as numbers, cast to the appropriate data type before plotting.
2026-04-09 17:02:57,004 - INFO - Using categorical units to plot a list of strings that are all parsable as floats or dates. If these strings should be plotted as numbers, cast to the appropriate data type before plotting.
2026-04-09 17:02:57,415 - INFO - Saved plot: distribution\freq_TNMM_norm.png
2026-04-09 17:02:57,683 - INFO - Using categorical units to plot a list of strings that are all parsable as floats or dates. If these strings should be plotted as numbers, cast to the appropriate data type before plotting.
2026-04-09 17:02:57,697 - INFO - Using categorical units to plot a list of strings that are all parsable as floats or dates. If these strings should be plotted as numbers, cast to the appropriate data type before plotting.
2026-04-09 17:02:58,143 - INFO - Saved plot: distribution\freq_STAGE_norm.png
2026-04-09 17:02:58,390 - INFO - Using categorical units to plot a list of strings that are all parsable as floats or dates. If these strings should be plotted as numbers, cast to the appropriate data type before plotting.
2026-04-09 17:02:58,406 - INFO - Using categorical units to plot a list of strings that are all parsable as floats or dates. If these strings should be plotted as numbers, cast to the appropriate data type before plotting.
2026-04-09 17:02:58,803 - INFO - Saved plot: distribution\freq_ATA_2015_RISCO_INICIAL_norm.png
2026-04-09 17:02:59,121 - INFO - Using categorical units to plot a list of strings that are all parsable as floats or dates. If these strings should be plotted as numbers, cast to the appropriate data type before plotting.
2026-04-09 17:02:59,149 - INFO - Using categorical units to plot a list of strings that are all parsable as floats or dates. If these strings should be plotted as numbers, cast to the appropriate data type before plotting.
2026-04-09 17:02:59,697 - INFO - Saved plot: distribution\freq_ATA_2025_RISCO_INICIAL_norm.png
2026-04-09 17:03:00,097 - INFO - Using categorical units to plot a list of strings that are all parsable as floats or dates. If these strings should be plotted as numbers, cast to the appropriate data type before plotting.
2026-04-09 17:03:00,115 - INFO - Using categorical units to plot a list of strings that are all parsable as floats or dates. If these strings should be plotted as numbers, cast to the appropriate data type before plotting.
2026-04-09 17:03:00,716 - INFO - Saved plot: distribution\freq_RAI_norm.png
2026-04-09 17:03:01,591 - INFO - Saved plot: distribution\freq_RAIDOSE_norm.png
2026-04-09 17:03:02,577 - INFO - Saved plot: distribution\freq_TSH PRE RAI_norm.png
2026-04-09 17:03:03,787 - INFO - Saved plot: distribution\freq_TG PRE RAI_norm.png
2026-04-09 17:03:04,256 - INFO - Using categorical units to plot a list of strings that are all parsable as floats or dates. If these strings should be plotted as numbers, cast to the appropriate data type before plotting.
2026-04-09 17:03:04,274 - INFO - Using categorical units to plot a list of strings that are all parsable as floats or dates. If these strings should be plotted as numbers, cast to the appropriate data type before plotting.
2026-04-09 17:03:04,933 - INFO - Saved plot: distribution\freq_ANTI TG PRE RAI (POSITIVE or NEGATIVE)_norm.png
2026-04-09 17:03:05,934 - INFO - Saved plot: distribution\freq_ANTI TG PRE RAI _norm.png
2026-04-09 17:03:06,951 - INFO - Saved plot: distribution\freq_OUTCOMEFOLLOWUP_MONTHSPOSTSURGERY_norm.png
2026-04-09 17:03:07,882 - INFO - Saved plot: distribution\freq_TSH FOLLOW UP_norm.png
2026-04-09 17:03:08,725 - INFO - Saved plot: distribution\freq_TG FOLLOW UP_norm.png
2026-04-09 17:03:09,024 - INFO - Using categorical units to plot a list of strings that are all parsable as floats or dates. If these strings should be plotted as numbers, cast to the appropriate data type before plotting.
2026-04-09 17:03:09,042 - INFO - Using categorical units to plot a list of strings that are all parsable as floats or dates. If these strings should be plotted as numbers, cast to the appropriate data type before plotting.
2026-04-09 17:03:09,472 - INFO - Saved plot: distribution\freq_ANTI TG FOLLOW UP (POSITIVE or NEGATIVE)_norm.png
2026-04-09 17:03:12,394 - INFO - Saved plot: distribution\freq_ANTI TG FOLLOW UP_norm.png
2026-04-09 17:03:13,076 - INFO - Using categorical units to plot a list of strings that are all parsable as floats or dates. If these strings should be plotted as numbers, cast to the appropriate data type before plotting.
2026-04-09 17:03:13,094 - INFO - Using categorical units to plot a list of strings that are all parsable as floats or dates. If these strings should be plotted as numbers, cast to the appropriate data type before plotting.
2026-04-09 17:03:13,927 - INFO - Saved plot: distribution\freq_SUBTYPE_FOLLI_PAPIL_norm.png
2026-04-09 17:03:19,023 - INFO - Starting LASSO feature selection with cv=10
2026-04-09 17:03:19,927 - INFO - LassoCV best alpha: 0.00950941503072799
2026-04-09 17:03:19,930 - INFO - Selected 16 features via LASSO
2026-04-09 17:03:19,931 - INFO - Training 16 features with LASSO.
2026-04-09 17:03:26,341 - INFO - Training models...
2026-04-09 17:03:26,360 - INFO - 
======================================================================
2026-04-09 17:03:26,361 - INFO - TRAINING MODELS ON IMBALANCED DATA
2026-04-09 17:03:26,362 - INFO - ======================================================================
2026-04-09 17:03:26,363 - INFO - 
--- Training LogisticRegression (Imbalanced) ---
2026-04-09 17:03:26,499 - INFO - 
LogisticRegression - Base
2026-04-09 17:03:26,500 - INFO - Train Accuracy: 0.9230
2026-04-09 17:03:26,500 - INFO - Train ROC AUC: 0.9325
2026-04-09 17:03:26,501 - INFO - Test Accuracy: 0.9186
2026-04-09 17:03:26,501 - INFO - Test Precision: 0.8571
2026-04-09 17:03:26,502 - INFO - Test Recall: 0.5000
2026-04-09 17:03:26,502 - INFO - Test F1: 0.6316
2026-04-09 17:03:26,503 - INFO - Test ROC AUC: 0.9234
2026-04-09 17:03:28,573 - INFO - Confusion matrix saved: results\confusion_matrix\Imbalanced\16_variables\cm_LogisticRegression_base.png
2026-04-09 17:03:28,574 - INFO - GridSearchCV for LogisticRegression
2026-04-09 17:03:53,390 - INFO - Best params: {'C': 0.1, 'penalty': 'l2', 'solver': 'liblinear'}
2026-04-09 17:03:53,391 - INFO - Best CV score: 0.9192
2026-04-09 17:03:53,454 - INFO - 
LogisticRegression - Tuned
2026-04-09 17:03:53,455 - INFO - Train Accuracy: 0.9204
2026-04-09 17:03:53,456 - INFO - Train ROC AUC: 0.9322
2026-04-09 17:03:53,457 - INFO - Test Accuracy: 0.9070
2026-04-09 17:03:53,458 - INFO - Test Precision: 0.8333
2026-04-09 17:03:53,459 - INFO - Test Recall: 0.4167
2026-04-09 17:03:53,459 - INFO - Test F1: 0.5556
2026-04-09 17:03:53,460 - INFO - Test ROC AUC: 0.9245
2026-04-09 17:03:56,277 - INFO - Confusion matrix saved: results\confusion_matrix\Imbalanced\16_variables\cm_LogisticRegression_tuned.png
2026-04-09 17:03:56,280 - INFO - 
--- Training RandomForest (Imbalanced) ---
2026-04-09 17:03:57,401 - INFO - 
RandomForest - Base
2026-04-09 17:03:57,402 - INFO - Train Accuracy: 1.0000
2026-04-09 17:03:57,403 - INFO - Train ROC AUC: 1.0000
2026-04-09 17:03:57,403 - INFO - Test Accuracy: 0.9186
2026-04-09 17:03:57,404 - INFO - Test Precision: 0.8571
2026-04-09 17:03:57,404 - INFO - Test Recall: 0.5000
2026-04-09 17:03:57,405 - INFO - Test F1: 0.6316
2026-04-09 17:03:57,405 - INFO - Test ROC AUC: 0.8986
2026-04-09 17:03:58,841 - INFO - Confusion matrix saved: results\confusion_matrix\Imbalanced\16_variables\cm_RandomForest_base.png
2026-04-09 17:03:58,844 - INFO - GridSearchCV for RandomForestClassifier
2026-04-09 17:04:45,326 - INFO - Best params: {'max_depth': 15, 'min_samples_leaf': 1, 'min_samples_split': 2, 'n_estimators': 200}
2026-04-09 17:04:45,336 - INFO - Best CV score: 0.9126
2026-04-09 17:04:45,847 - INFO - 
RandomForest - Tuned
2026-04-09 17:04:45,849 - INFO - Train Accuracy: 1.0000
2026-04-09 17:04:45,851 - INFO - Train ROC AUC: 1.0000
2026-04-09 17:04:45,853 - INFO - Test Accuracy: 0.9070
2026-04-09 17:04:45,853 - INFO - Test Precision: 0.7500
2026-04-09 17:04:45,858 - INFO - Test Recall: 0.5000
2026-04-09 17:04:45,866 - INFO - Test F1: 0.6000
2026-04-09 17:04:45,867 - INFO - Test ROC AUC: 0.9099
2026-04-09 17:04:48,211 - INFO - Confusion matrix saved: results\confusion_matrix\Imbalanced\16_variables\cm_RandomForest_tuned.png
2026-04-09 17:04:48,216 - INFO - 
--- Training XGBoost (Imbalanced) ---
2026-04-09 17:04:51,543 - INFO - 
XGBoost - Base
2026-04-09 17:04:51,544 - INFO - Train Accuracy: 1.0000
2026-04-09 17:04:51,545 - INFO - Train ROC AUC: 1.0000
2026-04-09 17:04:51,546 - INFO - Test Accuracy: 0.9186
2026-04-09 17:04:51,546 - INFO - Test Precision: 0.7778
2026-04-09 17:04:51,547 - INFO - Test Recall: 0.5833
2026-04-09 17:04:51,547 - INFO - Test F1: 0.6667
2026-04-09 17:04:51,547 - INFO - Test ROC AUC: 0.9358
2026-04-09 17:04:55,720 - INFO - Confusion matrix saved: results\confusion_matrix\Imbalanced\16_variables\cm_XGBoost_base.png
2026-04-09 17:04:55,721 - INFO - GridSearchCV for XGBClassifier
2026-04-09 17:05:04,277 - INFO - Best params: {'learning_rate': 0.01, 'max_depth': 5, 'n_estimators': 100}
2026-04-09 17:05:04,278 - INFO - Best CV score: 0.9015
2026-04-09 17:05:04,365 - INFO - 
XGBoost - Tuned
2026-04-09 17:05:04,365 - INFO - Train Accuracy: 0.9256
2026-04-09 17:05:04,366 - INFO - Train ROC AUC: 0.9652
2026-04-09 17:05:04,366 - INFO - Test Accuracy: 0.9186
2026-04-09 17:05:04,367 - INFO - Test Precision: 0.8571
2026-04-09 17:05:04,370 - INFO - Test Recall: 0.5000
2026-04-09 17:05:04,370 - INFO - Test F1: 0.6316
2026-04-09 17:05:04,371 - INFO - Test ROC AUC: 0.7860
2026-04-09 17:05:06,125 - INFO - Confusion matrix saved: results\confusion_matrix\Imbalanced\16_variables\cm_XGBoost_tuned.png
2026-04-09 17:05:06,160 - INFO - Model saved with joblib: models\best_model_XGBoost_Imbalanced_selected.pkl
2026-04-09 17:05:06,179 - INFO - Pickle backup saved: models\best_model_XGBoost_Imbalanced_selected_pickle.pkl
2026-04-09 17:05:06,180 - INFO - 
--- Training KNN (Imbalanced) ---
2026-04-09 17:05:06,475 - INFO - 
KNN - Base
2026-04-09 17:05:06,476 - INFO - Train Accuracy: 0.9112
2026-04-09 17:05:06,477 - INFO - Train ROC AUC: 0.9572
2026-04-09 17:05:06,477 - INFO - Test Accuracy: 0.9070
2026-04-09 17:05:06,477 - INFO - Test Precision: 0.8333
2026-04-09 17:05:06,478 - INFO - Test Recall: 0.4167
2026-04-09 17:05:06,478 - INFO - Test F1: 0.5556
2026-04-09 17:05:06,479 - INFO - Test ROC AUC: 0.7432
2026-04-09 17:05:08,244 - INFO - Confusion matrix saved: results\confusion_matrix\Imbalanced\16_variables\cm_KNN_base.png
2026-04-09 17:05:08,245 - INFO - GridSearchCV for KNeighborsClassifier
2026-04-09 17:05:09,573 - INFO - Best params: {'n_neighbors': 9, 'weights': 'distance'}
2026-04-09 17:05:09,574 - INFO - Best CV score: 0.8644
2026-04-09 17:05:10,693 - INFO - 
KNN - Tuned
2026-04-09 17:05:10,694 - INFO - Train Accuracy: 1.0000
2026-04-09 17:05:10,695 - INFO - Train ROC AUC: 1.0000
2026-04-09 17:05:10,696 - INFO - Test Accuracy: 0.9186
2026-04-09 17:05:10,696 - INFO - Test Precision: 1.0000
2026-04-09 17:05:10,696 - INFO - Test Recall: 0.4167
2026-04-09 17:05:10,697 - INFO - Test F1: 0.5882
2026-04-09 17:05:10,698 - INFO - Test ROC AUC: 0.7477
2026-04-09 17:05:12,730 - INFO - Confusion matrix saved: results\confusion_matrix\Imbalanced\16_variables\cm_KNN_tuned.png
2026-04-09 17:05:12,732 - INFO - 
--- Training SVC (Imbalanced) ---
2026-04-09 17:05:13,120 - INFO - 
SVC - Base
2026-04-09 17:05:13,121 - INFO - Train Accuracy: 0.9295
2026-04-09 17:05:13,122 - INFO - Train ROC AUC: 0.9538
2026-04-09 17:05:13,123 - INFO - Test Accuracy: 0.9186
2026-04-09 17:05:13,123 - INFO - Test Precision: 0.8571
2026-04-09 17:05:13,124 - INFO - Test Recall: 0.5000
2026-04-09 17:05:13,125 - INFO - Test F1: 0.6316
2026-04-09 17:05:13,126 - INFO - Test ROC AUC: 0.8480
2026-04-09 17:05:15,132 - INFO - Confusion matrix saved: results\confusion_matrix\Imbalanced\16_variables\cm_SVC_base.png
2026-04-09 17:05:15,133 - INFO - GridSearchCV for SVC
2026-04-09 17:05:17,619 - INFO - Best params: {'C': 0.1, 'kernel': 'linear'}
2026-04-09 17:05:17,623 - INFO - Best CV score: 0.9150
2026-04-09 17:05:17,724 - INFO - 
SVC - Tuned
2026-04-09 17:05:17,725 - INFO - Train Accuracy: 0.9125
2026-04-09 17:05:17,725 - INFO - Train ROC AUC: 0.9315
2026-04-09 17:05:17,726 - INFO - Test Accuracy: 0.9186
2026-04-09 17:05:17,731 - INFO - Test Precision: 0.8571
2026-04-09 17:05:17,731 - INFO - Test Recall: 0.5000
2026-04-09 17:05:17,732 - INFO - Test F1: 0.6316
2026-04-09 17:05:17,732 - INFO - Test ROC AUC: 0.9291
2026-04-09 17:05:19,366 - INFO - Confusion matrix saved: results\confusion_matrix\Imbalanced\16_variables\cm_SVC_tuned.png
2026-04-09 17:05:19,368 - INFO - 
--- Training GaussianNB (Imbalanced) ---
2026-04-09 17:05:19,425 - INFO - 
GaussianNB - Base
2026-04-09 17:05:19,426 - INFO - Train Accuracy: 0.9008
2026-04-09 17:05:19,428 - INFO - Train ROC AUC: 0.8748
2026-04-09 17:05:19,429 - INFO - Test Accuracy: 0.8953
2026-04-09 17:05:19,430 - INFO - Test Precision: 0.6154
2026-04-09 17:05:19,440 - INFO - Test Recall: 0.6667
2026-04-09 17:05:19,443 - INFO - Test F1: 0.6400
2026-04-09 17:05:19,443 - INFO - Test ROC AUC: 0.8975
2026-04-09 17:05:21,030 - INFO - Confusion matrix saved: results\confusion_matrix\Imbalanced\16_variables\cm_GaussianNB_base.png
2026-04-09 17:05:21,030 - INFO - GridSearchCV for GaussianNB
2026-04-09 17:05:21,302 - INFO - Best params: {'var_smoothing': 1e-09}
2026-04-09 17:05:21,304 - INFO - Best CV score: 0.8534
2026-04-09 17:05:21,365 - INFO - 
GaussianNB - Tuned
2026-04-09 17:05:21,365 - INFO - Train Accuracy: 0.9008
2026-04-09 17:05:21,368 - INFO - Train ROC AUC: 0.8748
2026-04-09 17:05:21,370 - INFO - Test Accuracy: 0.8953
2026-04-09 17:05:21,371 - INFO - Test Precision: 0.6154
2026-04-09 17:05:21,376 - INFO - Test Recall: 0.6667
2026-04-09 17:05:21,376 - INFO - Test F1: 0.6400
2026-04-09 17:05:21,377 - INFO - Test ROC AUC: 0.8975
2026-04-09 17:05:23,416 - INFO - Confusion matrix saved: results\confusion_matrix\Imbalanced\16_variables\cm_GaussianNB_tuned.png
2026-04-09 17:05:23,419 - INFO - 
======================================================================
2026-04-09 17:05:23,420 - INFO - TRAINING MODELS ON BALANCED DATA (SMOTE)
2026-04-09 17:05:23,420 - INFO - ======================================================================
2026-04-09 17:05:23,421 - INFO - 
--- Training LogisticRegression (Balanced SMOTE) ---
2026-04-09 17:05:23,603 - INFO - 
LogisticRegression - Base
2026-04-09 17:05:23,604 - INFO - Train Accuracy: 0.8773
2026-04-09 17:05:23,604 - INFO - Train ROC AUC: 0.9485
2026-04-09 17:05:23,605 - INFO - Test Accuracy: 0.7326
2026-04-09 17:05:23,605 - INFO - Test Precision: 0.3226
2026-04-09 17:05:23,605 - INFO - Test Recall: 0.8333
2026-04-09 17:05:23,606 - INFO - Test F1: 0.4651
2026-04-09 17:05:23,606 - INFO - Test ROC AUC: 0.8874
2026-04-09 17:05:25,180 - INFO - Confusion matrix saved: results\confusion_matrix\Balanced_SMOTE\16_variables\cm_LogisticRegression_base.png
2026-04-09 17:05:25,181 - INFO - GridSearchCV for LogisticRegression
2026-04-09 17:05:25,626 - INFO - Best params: {'C': 0.1, 'penalty': 'l1', 'solver': 'liblinear'}
2026-04-09 17:05:25,629 - INFO - Best CV score: 0.9361
2026-04-09 17:05:25,712 - INFO - 
LogisticRegression - Tuned
2026-04-09 17:05:25,714 - INFO - Train Accuracy: 0.8720
2026-04-09 17:05:25,715 - INFO - Train ROC AUC: 0.9467
2026-04-09 17:05:25,716 - INFO - Test Accuracy: 0.7442
2026-04-09 17:05:25,719 - INFO - Test Precision: 0.3333
2026-04-09 17:05:25,727 - INFO - Test Recall: 0.8333
2026-04-09 17:05:25,731 - INFO - Test F1: 0.4762
2026-04-09 17:05:25,734 - INFO - Test ROC AUC: 0.8986
2026-04-09 17:05:27,462 - INFO - Confusion matrix saved: results\confusion_matrix\Balanced_SMOTE\16_variables\cm_LogisticRegression_tuned.png
2026-04-09 17:05:27,463 - INFO - 
--- Training RandomForest (Balanced SMOTE) ---
2026-04-09 17:05:28,439 - INFO - 
RandomForest - Base
2026-04-09 17:05:28,440 - INFO - Train Accuracy: 1.0000
2026-04-09 17:05:28,440 - INFO - Train ROC AUC: 1.0000
2026-04-09 17:05:28,441 - INFO - Test Accuracy: 0.7558
2026-04-09 17:05:28,441 - INFO - Test Precision: 0.3333
2026-04-09 17:05:28,442 - INFO - Test Recall: 0.7500
2026-04-09 17:05:28,443 - INFO - Test F1: 0.4615
2026-04-09 17:05:28,443 - INFO - Test ROC AUC: 0.8181
2026-04-09 17:05:30,042 - INFO - Confusion matrix saved: results\confusion_matrix\Balanced_SMOTE\16_variables\cm_RandomForest_base.png
2026-04-09 17:05:30,043 - INFO - GridSearchCV for RandomForestClassifier
2026-04-09 17:06:18,168 - INFO - Best params: {'max_depth': 15, 'min_samples_leaf': 1, 'min_samples_split': 2, 'n_estimators': 200}
2026-04-09 17:06:18,169 - INFO - Best CV score: 0.9853
2026-04-09 17:06:18,670 - INFO - 
RandomForest - Tuned
2026-04-09 17:06:18,674 - INFO - Train Accuracy: 1.0000
2026-04-09 17:06:18,675 - INFO - Train ROC AUC: 1.0000
2026-04-09 17:06:18,675 - INFO - Test Accuracy: 0.7558
2026-04-09 17:06:18,676 - INFO - Test Precision: 0.3333
2026-04-09 17:06:18,676 - INFO - Test Recall: 0.7500
2026-04-09 17:06:18,677 - INFO - Test F1: 0.4615
2026-04-09 17:06:18,678 - INFO - Test ROC AUC: 0.8080
2026-04-09 17:06:20,359 - INFO - Confusion matrix saved: results\confusion_matrix\Balanced_SMOTE\16_variables\cm_RandomForest_tuned.png
2026-04-09 17:06:20,361 - INFO - 
--- Training XGBoost (Balanced SMOTE) ---
2026-04-09 17:06:20,726 - INFO - 
XGBoost - Base
2026-04-09 17:06:20,727 - INFO - Train Accuracy: 1.0000
2026-04-09 17:06:20,728 - INFO - Train ROC AUC: 1.0000
2026-04-09 17:06:20,729 - INFO - Test Accuracy: 0.3488
2026-04-09 17:06:20,730 - INFO - Test Precision: 0.1765
2026-04-09 17:06:20,730 - INFO - Test Recall: 1.0000
2026-04-09 17:06:20,730 - INFO - Test F1: 0.3000
2026-04-09 17:06:20,731 - INFO - Test ROC AUC: 0.8502
2026-04-09 17:06:22,362 - INFO - Confusion matrix saved: results\confusion_matrix\Balanced_SMOTE\16_variables\cm_XGBoost_base.png
2026-04-09 17:06:22,363 - INFO - GridSearchCV for XGBClassifier
2026-04-09 17:06:28,799 - INFO - Best params: {'learning_rate': 0.1, 'max_depth': 7, 'n_estimators': 100}
2026-04-09 17:06:28,800 - INFO - Best CV score: 0.9818
2026-04-09 17:06:28,882 - INFO - 
XGBoost - Tuned
2026-04-09 17:06:28,882 - INFO - Train Accuracy: 0.9992
2026-04-09 17:06:28,883 - INFO - Train ROC AUC: 1.0000
2026-04-09 17:06:28,883 - INFO - Test Accuracy: 0.4651
2026-04-09 17:06:28,884 - INFO - Test Precision: 0.2069
2026-04-09 17:06:28,884 - INFO - Test Recall: 1.0000
2026-04-09 17:06:28,885 - INFO - Test F1: 0.3429
2026-04-09 17:06:28,888 - INFO - Test ROC AUC: 0.8491
2026-04-09 17:06:30,464 - INFO - Confusion matrix saved: results\confusion_matrix\Balanced_SMOTE\16_variables\cm_XGBoost_tuned.png
2026-04-09 17:06:30,479 - INFO - Model saved with joblib: models\best_model_XGBoost_Balanced_SMOTE_selected.pkl
2026-04-09 17:06:30,490 - INFO - Pickle backup saved: models\best_model_XGBoost_Balanced_SMOTE_selected_pickle.pkl
2026-04-09 17:06:30,492 - INFO - 
--- Training KNN (Balanced SMOTE) ---
2026-04-09 17:06:30,625 - INFO - 
KNN - Base
2026-04-09 17:06:30,629 - INFO - Train Accuracy: 0.9318
2026-04-09 17:06:30,630 - INFO - Train ROC AUC: 0.9860
2026-04-09 17:06:30,630 - INFO - Test Accuracy: 0.7674
2026-04-09 17:06:30,631 - INFO - Test Precision: 0.3333
2026-04-09 17:06:30,631 - INFO - Test Recall: 0.6667
2026-04-09 17:06:30,631 - INFO - Test F1: 0.4444
2026-04-09 17:06:30,632 - INFO - Test ROC AUC: 0.7325
2026-04-09 17:06:32,247 - INFO - Confusion matrix saved: results\confusion_matrix\Balanced_SMOTE\16_variables\cm_KNN_base.png
2026-04-09 17:06:32,249 - INFO - GridSearchCV for KNeighborsClassifier
2026-04-09 17:06:32,752 - INFO - Best params: {'n_neighbors': 9, 'weights': 'distance'}
2026-04-09 17:06:32,753 - INFO - Best CV score: 0.9593
2026-04-09 17:06:32,907 - INFO - 
KNN - Tuned
2026-04-09 17:06:32,912 - INFO - Train Accuracy: 1.0000
2026-04-09 17:06:32,912 - INFO - Train ROC AUC: 1.0000
2026-04-09 17:06:32,912 - INFO - Test Accuracy: 0.7558
2026-04-09 17:06:32,913 - INFO - Test Precision: 0.3200
2026-04-09 17:06:32,913 - INFO - Test Recall: 0.6667
2026-04-09 17:06:32,913 - INFO - Test F1: 0.4324
2026-04-09 17:06:32,914 - INFO - Test ROC AUC: 0.7635
2026-04-09 17:06:34,456 - INFO - Confusion matrix saved: results\confusion_matrix\Balanced_SMOTE\16_variables\cm_KNN_tuned.png
2026-04-09 17:06:34,459 - INFO - 
--- Training SVC (Balanced SMOTE) ---
2026-04-09 17:06:35,533 - INFO - 
SVC - Base
2026-04-09 17:06:35,533 - INFO - Train Accuracy: 0.9341
2026-04-09 17:06:35,534 - INFO - Train ROC AUC: 0.9775
2026-04-09 17:06:35,536 - INFO - Test Accuracy: 0.7791
2026-04-09 17:06:35,536 - INFO - Test Precision: 0.3600
2026-04-09 17:06:35,537 - INFO - Test Recall: 0.7500
2026-04-09 17:06:35,537 - INFO - Test F1: 0.4865
2026-04-09 17:06:35,538 - INFO - Test ROC AUC: 0.8356
2026-04-09 17:06:37,221 - INFO - Confusion matrix saved: results\confusion_matrix\Balanced_SMOTE\16_variables\cm_SVC_base.png
2026-04-09 17:06:37,221 - INFO - GridSearchCV for SVC
2026-04-09 17:06:42,796 - INFO - Best params: {'C': 10, 'kernel': 'rbf'}
2026-04-09 17:06:42,797 - INFO - Best CV score: 0.9651
2026-04-09 17:06:43,113 - INFO - 
SVC - Tuned
2026-04-09 17:06:43,113 - INFO - Train Accuracy: 0.9629
2026-04-09 17:06:43,114 - INFO - Train ROC AUC: 0.9899
2026-04-09 17:06:43,114 - INFO - Test Accuracy: 0.8256
2026-04-09 17:06:43,115 - INFO - Test Precision: 0.4211
2026-04-09 17:06:43,115 - INFO - Test Recall: 0.6667
2026-04-09 17:06:43,115 - INFO - Test F1: 0.5161
2026-04-09 17:06:43,116 - INFO - Test ROC AUC: 0.8018
2026-04-09 17:06:44,867 - INFO - Confusion matrix saved: results\confusion_matrix\Balanced_SMOTE\16_variables\cm_SVC_tuned.png
2026-04-09 17:06:44,876 - INFO - 
--- Training GaussianNB (Balanced SMOTE) ---
2026-04-09 17:06:44,981 - INFO - 
GaussianNB - Base
2026-04-09 17:06:44,982 - INFO - Train Accuracy: 0.8091
2026-04-09 17:06:44,982 - INFO - Train ROC AUC: 0.8814
2026-04-09 17:06:44,983 - INFO - Test Accuracy: 0.7791
2026-04-09 17:06:44,983 - INFO - Test Precision: 0.3600
2026-04-09 17:06:44,989 - INFO - Test Recall: 0.7500
2026-04-09 17:06:44,992 - INFO - Test F1: 0.4865
2026-04-09 17:06:44,993 - INFO - Test ROC AUC: 0.8986
2026-04-09 17:06:46,911 - INFO - Confusion matrix saved: results\confusion_matrix\Balanced_SMOTE\16_variables\cm_GaussianNB_base.png
2026-04-09 17:06:46,912 - INFO - GridSearchCV for GaussianNB
2026-04-09 17:06:47,415 - INFO - Best params: {'var_smoothing': 1e-09}
2026-04-09 17:06:47,421 - INFO - Best CV score: 0.8737
2026-04-09 17:06:47,568 - INFO - 
GaussianNB - Tuned
2026-04-09 17:06:47,569 - INFO - Train Accuracy: 0.8091
2026-04-09 17:06:47,570 - INFO - Train ROC AUC: 0.8814
2026-04-09 17:06:47,571 - INFO - Test Accuracy: 0.7791
2026-04-09 17:06:47,572 - INFO - Test Precision: 0.3600
2026-04-09 17:06:47,572 - INFO - Test Recall: 0.7500
2026-04-09 17:06:47,573 - INFO - Test F1: 0.4865
2026-04-09 17:06:47,574 - INFO - Test ROC AUC: 0.8986
2026-04-09 17:06:49,850 - INFO - Confusion matrix saved: results\confusion_matrix\Balanced_SMOTE\16_variables\cm_GaussianNB_tuned.png
2026-04-09 17:06:52,584 - INFO - ROC plot saved: results\roc_curves\roc_Imbalanced_selected.png
2026-04-09 17:06:55,754 - INFO - ROC plot saved: results\roc_curves\roc_Balanced_SMOTE_selected.png
2026-04-09 17:06:58,332 - INFO - Feature importance plot saved: results\feature_importances\feature_importance_Imbalanced_selected.png
2026-04-09 17:07:00,996 - INFO - Feature importance plot saved: results\feature_importances\feature_importance_Balanced_SMOTE_selected.png
2026-04-09 17:07:01,301 - INFO - Training done!
2026-04-09 17:08:53,603 - INFO - Loading data from: ./database/hee_brazil_ambato_peru_base.csv
2026-04-09 17:08:53,659 - INFO - Categorical variables: 26
2026-04-09 17:08:53,664 - INFO - Continuous variables: 15
2026-04-09 17:08:53,664 - INFO - Skipping distribution plots to save memory
2026-04-09 17:08:53,679 - INFO - 
Missing Data Report:
2026-04-09 17:08:53,709 - INFO - 
                                          Total  Percent
SIZEOFPOSITIVELYMPHNODE(cm)                 914    85.82
ANTI TG PRE RAI                             873    81.97
EXTRANODALEXTENSION                         835    78.40
ANTI TG PRE RAI (POSITIVE or NEGATIVE)      662    62.16
TSH PRE RAI                                 650    61.03
LN RATIO                                    616    57.84
ANTI TG FOLLOW UP                           606    56.90
TG PRE RAI                                  522    49.01
MULTICENTER_BILATERAL                       511    47.98
NUMBEROFLYMPHNODEEXCISION                   506    47.51
NUMBEROFPOSITIVELYMPHNODEEXCISION           500    46.95
ATA_2025_RISCO_INICIAL                      420    39.44
BMI                                         377    35.40
PERINEURALINVASION                          364    34.18
VASCULARINVASION                            324    30.42
RAIDOSE                                     286    26.85
TYPEOFRESECTION                             244    22.91
ANTI TG FOLLOW UP (POSITIVE or NEGATIVE)    213    20.00
HASHIMOTO THYROIDITIS                       209    19.62
EXTRATHYROIDALEXTENSION                     114    10.70
POSITIVELYMPHNODEN1                          93     8.73
THYROID DISEASE PREOP                        91     8.54
SUBTYPE_FOLLI_PAPIL                          67     6.29
TUMORSIZE (cm)                               60     5.63
RADIOTHERAPY EXPOSURE                        43     4.04
TG FOLLOW UP                                 26     2.44
STAGE                                        24     2.25
TSH FOLLOW UP                                22     2.07
FAMILY HISTORY OF THYROID CANCER             21     1.97
MULTICENTRIC                                 18     1.69
TNMN                                         14     1.31
OUTCOMEFOLLOWUP_MONTHSPOSTSURGERY            10     0.94
TNMM                                          6     0.56
RAI                                           5     0.47
TNMT                                          4     0.38
AGEATDIGNOSIS                                 2     0.19
SEX                                           2     0.19
HISTOLOGY                                     2     0.19
THYROIDECTOMY APPROACH                        2     0.19
ATA_2015_RISCO_INICIAL                        2     0.19
RECURRENCE                                    2     0.19
2026-04-09 17:08:53,738 - INFO - Imputed categorical 'SEX' with mode: 1.0
2026-04-09 17:08:53,754 - INFO - Imputed continuous 'AGEATDIGNOSIS' with median: 47.0
2026-04-09 17:08:53,758 - INFO - Imputed categorical 'RADIOTHERAPY EXPOSURE' with mode: 2.0
2026-04-09 17:08:53,762 - INFO - Imputed categorical 'FAMILY HISTORY OF THYROID CANCER' with mode: 2.0
2026-04-09 17:08:53,771 - INFO - Imputed categorical 'THYROID DISEASE PREOP' with mode: 1.0
2026-04-09 17:08:53,774 - INFO - Imputed continuous 'BMI' with median: 28.0
2026-04-09 17:08:53,788 - INFO - Imputed categorical 'THYROIDECTOMY APPROACH' with mode: 1.0
2026-04-09 17:08:53,792 - INFO - Imputed categorical 'TYPEOFRESECTION' with mode: 1.0
2026-04-09 17:08:53,803 - INFO - Imputed categorical 'HISTOLOGY' with mode: 1.0
2026-04-09 17:08:53,807 - INFO - Imputed continuous 'TUMORSIZE (cm)' with median: 3.1
2026-04-09 17:08:53,819 - INFO - Imputed categorical 'EXTRATHYROIDALEXTENSION' with mode: 1.0
2026-04-09 17:08:53,822 - INFO - Imputed categorical 'MULTICENTRIC' with mode: 2.0
2026-04-09 17:08:53,825 - INFO - Imputed categorical 'MULTICENTER_BILATERAL' with mode: 2.0
2026-04-09 17:08:53,833 - INFO - Imputed categorical 'VASCULARINVASION' with mode: 2.0
2026-04-09 17:08:53,836 - INFO - Imputed categorical 'PERINEURALINVASION' with mode: 2.0
2026-04-09 17:08:53,839 - INFO - Imputed categorical 'POSITIVELYMPHNODEN1' with mode: 2.0
2026-04-09 17:08:53,841 - INFO - Imputed continuous 'NUMBEROFLYMPHNODEEXCISION' with median: 5.0
2026-04-09 17:08:53,852 - INFO - Imputed continuous 'NUMBEROFPOSITIVELYMPHNODEEXCISION' with median: 2.0
2026-04-09 17:08:53,855 - INFO - Imputed continuous 'LN RATIO' with median: 36.67
2026-04-09 17:08:53,857 - INFO - Imputed continuous 'SIZEOFPOSITIVELYMPHNODE(cm)' with median: 1.7
2026-04-09 17:08:53,863 - INFO - Imputed categorical 'EXTRANODALEXTENSION' with mode: 2.0
2026-04-09 17:08:53,869 - INFO - Imputed categorical 'HASHIMOTO THYROIDITIS' with mode: 2.0
2026-04-09 17:08:53,872 - INFO - Imputed categorical 'TNMT' with mode: 1.0
2026-04-09 17:08:53,874 - INFO - Imputed categorical 'TNMN' with mode: 0.0
2026-04-09 17:08:53,880 - INFO - Imputed categorical 'TNMM' with mode: 1.0
2026-04-09 17:08:53,884 - INFO - Imputed categorical 'STAGE' with mode: 1.0
2026-04-09 17:08:53,892 - INFO - Imputed categorical 'ATA_2015_RISCO_INICIAL' with mode: 1.0
2026-04-09 17:08:53,899 - INFO - Imputed categorical 'ATA_2025_RISCO_INICIAL' with mode: 3.0
2026-04-09 17:08:53,902 - INFO - Imputed categorical 'RAI' with mode: 1.0
2026-04-09 17:08:53,904 - INFO - Imputed continuous 'RAIDOSE' with median: 100.0
2026-04-09 17:08:53,906 - INFO - Imputed continuous 'TSH PRE RAI' with median: 85.0
2026-04-09 17:08:53,908 - INFO - Imputed continuous 'TG PRE RAI' with median: 4.11
2026-04-09 17:08:53,920 - INFO - Imputed categorical 'ANTI TG PRE RAI (POSITIVE or NEGATIVE)' with mode: 1.0
2026-04-09 17:08:53,922 - INFO - Imputed continuous 'ANTI TG PRE RAI ' with median: 10.0
2026-04-09 17:08:53,925 - INFO - Imputed continuous 'OUTCOMEFOLLOWUP_MONTHSPOSTSURGERY' with median: 87.0
2026-04-09 17:08:53,932 - INFO - Imputed continuous 'TSH FOLLOW UP' with median: 0.59
2026-04-09 17:08:53,934 - INFO - Imputed continuous 'TG FOLLOW UP' with median: 0.1
2026-04-09 17:08:53,938 - INFO - Imputed categorical 'ANTI TG FOLLOW UP (POSITIVE or NEGATIVE)' with mode: 2.0
2026-04-09 17:08:53,939 - INFO - Imputed continuous 'ANTI TG FOLLOW UP' with median: 15.0
2026-04-09 17:08:53,942 - INFO - Imputed categorical 'SUBTYPE_FOLLI_PAPIL' with mode: 1.0
2026-04-09 17:08:53,948 - INFO - Imputed categorical 'RECURRENCE' with mode: 0.0
2026-04-09 17:08:53,964 - WARNING - Column 'TUMORSIZE (cm)' had min value 0.0 in 0.19%. Shifted by 2.22e-16
2026-04-09 17:08:53,969 - WARNING - Column 'NUMBEROFLYMPHNODEEXCISION' had min value 0.0 in 9.95%. Shifted by 2.22e-16
2026-04-09 17:08:53,972 - WARNING - Column 'NUMBEROFPOSITIVELYMPHNODEEXCISION' had min value 0.0 in 17.65%. Shifted by 2.22e-16
2026-04-09 17:08:53,974 - WARNING - Column 'LN RATIO' had min value 0.0 in 7.61%. Shifted by 2.22e-16
2026-04-09 17:08:53,981 - WARNING - Column 'TG PRE RAI' had min value 0.0 in 1.31%. Shifted by 2.22e-16
2026-04-09 17:08:53,986 - WARNING - Column 'ANTI TG FOLLOW UP' had min value 0.0 in 0.09%. Shifted by 2.22e-16
2026-04-09 17:08:53,987 - INFO - Skipping distribution plots to save memory
2026-04-09 17:08:57,409 - INFO - Using all 38 features.
2026-04-09 17:09:00,938 - INFO - Training models...
2026-04-09 17:09:00,973 - INFO - 
======================================================================
2026-04-09 17:09:00,973 - INFO - TRAINING MODELS ON IMBALANCED DATA
2026-04-09 17:09:00,974 - INFO - ======================================================================
2026-04-09 17:09:00,974 - INFO - 
--- Training LogisticRegression (Imbalanced) ---
2026-04-09 17:09:01,043 - INFO - 
LogisticRegression - Base
2026-04-09 17:09:01,044 - INFO - Train Accuracy: 0.9243
2026-04-09 17:09:01,045 - INFO - Train ROC AUC: 0.9385
2026-04-09 17:09:01,046 - INFO - Test Accuracy: 0.9070
2026-04-09 17:09:01,047 - INFO - Test Precision: 0.8333
2026-04-09 17:09:01,048 - INFO - Test Recall: 0.4167
2026-04-09 17:09:01,048 - INFO - Test F1: 0.5556
2026-04-09 17:09:01,049 - INFO - Test ROC AUC: 0.9144
2026-04-09 17:09:02,437 - INFO - Confusion matrix saved: results\confusion_matrix\Imbalanced\38_variables\cm_LogisticRegression_base.png
2026-04-09 17:09:02,438 - INFO - RandomizedSearchCV for LogisticRegression
2026-04-09 17:09:16,188 - INFO - Best params: {'solver': 'liblinear', 'penalty': 'l1', 'C': 0.1}
2026-04-09 17:09:16,189 - INFO - Best CV score: 0.9022
2026-04-09 17:09:16,295 - INFO - 
LogisticRegression - Tuned
2026-04-09 17:09:16,295 - INFO - Train Accuracy: 0.9217
2026-04-09 17:09:16,296 - INFO - Train ROC AUC: 0.9247
2026-04-09 17:09:16,296 - INFO - Test Accuracy: 0.9070
2026-04-09 17:09:16,297 - INFO - Test Precision: 0.8333
2026-04-09 17:09:16,297 - INFO - Test Recall: 0.4167
2026-04-09 17:09:16,297 - INFO - Test F1: 0.5556
2026-04-09 17:09:16,298 - INFO - Test ROC AUC: 0.9133
2026-04-09 17:09:17,717 - INFO - Confusion matrix saved: results\confusion_matrix\Imbalanced\38_variables\cm_LogisticRegression_tuned.png
2026-04-09 17:09:17,720 - INFO - 
--- Training RandomForest (Imbalanced) ---
2026-04-09 17:09:18,738 - INFO - 
RandomForest - Base
2026-04-09 17:09:18,739 - INFO - Train Accuracy: 1.0000
2026-04-09 17:09:18,740 - INFO - Train ROC AUC: 1.0000
2026-04-09 17:09:18,740 - INFO - Test Accuracy: 0.9186
2026-04-09 17:09:18,740 - INFO - Test Precision: 0.8571
2026-04-09 17:09:18,742 - INFO - Test Recall: 0.5000
2026-04-09 17:09:18,744 - INFO - Test F1: 0.6316
2026-04-09 17:09:18,744 - INFO - Test ROC AUC: 0.8148
2026-04-09 17:09:20,334 - INFO - Confusion matrix saved: results\confusion_matrix\Imbalanced\38_variables\cm_RandomForest_base.png
2026-04-09 17:09:20,335 - INFO - RandomizedSearchCV for RandomForestClassifier
2026-04-09 17:09:36,982 - INFO - Best params: {'n_estimators': 200, 'min_samples_split': 5, 'min_samples_leaf': 1, 'max_depth': 10}
2026-04-09 17:09:36,983 - INFO - Best CV score: 0.8991
2026-04-09 17:09:37,312 - INFO - 
RandomForest - Tuned
2026-04-09 17:09:37,313 - INFO - Train Accuracy: 0.9752
2026-04-09 17:09:37,314 - INFO - Train ROC AUC: 0.9975
2026-04-09 17:09:37,314 - INFO - Test Accuracy: 0.9186
2026-04-09 17:09:37,315 - INFO - Test Precision: 0.8571
2026-04-09 17:09:37,315 - INFO - Test Recall: 0.5000
2026-04-09 17:09:37,316 - INFO - Test F1: 0.6316
2026-04-09 17:09:37,316 - INFO - Test ROC AUC: 0.8457
2026-04-09 17:09:38,722 - INFO - Confusion matrix saved: results\confusion_matrix\Imbalanced\38_variables\cm_RandomForest_tuned.png
2026-04-09 17:09:38,724 - INFO - 
--- Training XGBoost (Imbalanced) ---
2026-04-09 17:09:39,871 - INFO - 
XGBoost - Base
2026-04-09 17:09:39,872 - INFO - Train Accuracy: 1.0000
2026-04-09 17:09:39,872 - INFO - Train ROC AUC: 1.0000
2026-04-09 17:09:39,873 - INFO - Test Accuracy: 0.9302
2026-04-09 17:09:39,873 - INFO - Test Precision: 0.8750
2026-04-09 17:09:39,873 - INFO - Test Recall: 0.5833
2026-04-09 17:09:39,874 - INFO - Test F1: 0.7000
2026-04-09 17:09:39,875 - INFO - Test ROC AUC: 0.8851
2026-04-09 17:09:41,754 - INFO - Confusion matrix saved: results\confusion_matrix\Imbalanced\38_variables\cm_XGBoost_base.png
2026-04-09 17:09:41,755 - INFO - RandomizedSearchCV for XGBClassifier
2026-04-09 17:09:49,946 - INFO - Best params: {'n_estimators': 200, 'max_depth': 3, 'learning_rate': 0.01}
2026-04-09 17:09:49,946 - INFO - Best CV score: 0.8984
2026-04-09 17:09:50,033 - INFO - 
XGBoost - Tuned
2026-04-09 17:09:50,034 - INFO - Train Accuracy: 0.9413
2026-04-09 17:09:50,036 - INFO - Train ROC AUC: 0.9543
2026-04-09 17:09:50,038 - INFO - Test Accuracy: 0.9186
2026-04-09 17:09:50,039 - INFO - Test Precision: 0.8571
2026-04-09 17:09:50,039 - INFO - Test Recall: 0.5000
2026-04-09 17:09:50,048 - INFO - Test F1: 0.6316
2026-04-09 17:09:50,052 - INFO - Test ROC AUC: 0.8789
2026-04-09 17:09:51,807 - INFO - Confusion matrix saved: results\confusion_matrix\Imbalanced\38_variables\cm_XGBoost_tuned.png
2026-04-09 17:09:51,838 - INFO - Model saved with joblib: models\best_model_XGBoost_Imbalanced_all.pkl
2026-04-09 17:09:51,870 - INFO - Pickle backup saved: models\best_model_XGBoost_Imbalanced_all_pickle.pkl
2026-04-09 17:09:51,871 - INFO - 
--- Training KNN (Imbalanced) ---
2026-04-09 17:09:52,096 - INFO - 
KNN - Base
2026-04-09 17:09:52,097 - INFO - Train Accuracy: 0.8982
2026-04-09 17:09:52,097 - INFO - Train ROC AUC: 0.9493
2026-04-09 17:09:52,098 - INFO - Test Accuracy: 0.8837
2026-04-09 17:09:52,099 - INFO - Test Precision: 0.7500
2026-04-09 17:09:52,099 - INFO - Test Recall: 0.2500
2026-04-09 17:09:52,100 - INFO - Test F1: 0.3750
2026-04-09 17:09:52,100 - INFO - Test ROC AUC: 0.7111
2026-04-09 17:09:53,507 - INFO - Confusion matrix saved: results\confusion_matrix\Imbalanced\38_variables\cm_KNN_base.png
2026-04-09 17:09:53,507 - INFO - RandomizedSearchCV for KNeighborsClassifier
2026-04-09 17:09:54,387 - INFO - Best params: {'weights': 'uniform', 'n_neighbors': 9}
2026-04-09 17:09:54,388 - INFO - Best CV score: 0.7924
2026-04-09 17:09:54,571 - INFO - 
KNN - Tuned
2026-04-09 17:09:54,572 - INFO - Train Accuracy: 0.8930
2026-04-09 17:09:54,572 - INFO - Train ROC AUC: 0.9356
2026-04-09 17:09:54,573 - INFO - Test Accuracy: 0.8837
2026-04-09 17:09:54,573 - INFO - Test Precision: 1.0000
2026-04-09 17:09:54,574 - INFO - Test Recall: 0.1667
2026-04-09 17:09:54,575 - INFO - Test F1: 0.2857
2026-04-09 17:09:54,575 - INFO - Test ROC AUC: 0.8401
2026-04-09 17:09:56,032 - INFO - Confusion matrix saved: results\confusion_matrix\Imbalanced\38_variables\cm_KNN_tuned.png
2026-04-09 17:09:56,036 - INFO - 
--- Training SVC (Imbalanced) ---
2026-04-09 17:09:56,474 - INFO - 
SVC - Base
2026-04-09 17:09:56,474 - INFO - Train Accuracy: 0.9491
2026-04-09 17:09:56,475 - INFO - Train ROC AUC: 0.9701
2026-04-09 17:09:56,476 - INFO - Test Accuracy: 0.9070
2026-04-09 17:09:56,476 - INFO - Test Precision: 0.8333
2026-04-09 17:09:56,477 - INFO - Test Recall: 0.4167
2026-04-09 17:09:56,477 - INFO - Test F1: 0.5556
2026-04-09 17:09:56,478 - INFO - Test ROC AUC: 0.8592
2026-04-09 17:09:58,131 - INFO - Confusion matrix saved: results\confusion_matrix\Imbalanced\38_variables\cm_SVC_base.png
2026-04-09 17:09:58,131 - INFO - RandomizedSearchCV for SVC
2026-04-09 17:10:04,382 - INFO - Best params: {'kernel': 'rbf', 'C': 1}
2026-04-09 17:10:04,383 - INFO - Best CV score: 0.8824
2026-04-09 17:10:04,584 - INFO - 
SVC - Tuned
2026-04-09 17:10:04,585 - INFO - Train Accuracy: 0.9491
2026-04-09 17:10:04,586 - INFO - Train ROC AUC: 0.9701
2026-04-09 17:10:04,586 - INFO - Test Accuracy: 0.9070
2026-04-09 17:10:04,587 - INFO - Test Precision: 0.8333
2026-04-09 17:10:04,588 - INFO - Test Recall: 0.4167
2026-04-09 17:10:04,588 - INFO - Test F1: 0.5556
2026-04-09 17:10:04,589 - INFO - Test ROC AUC: 0.8592
2026-04-09 17:10:05,929 - INFO - Confusion matrix saved: results\confusion_matrix\Imbalanced\38_variables\cm_SVC_tuned.png
2026-04-09 17:10:05,931 - INFO - 
--- Training GaussianNB (Imbalanced) ---
2026-04-09 17:10:06,008 - INFO - 
GaussianNB - Base
2026-04-09 17:10:06,009 - INFO - Train Accuracy: 0.8799
2026-04-09 17:10:06,010 - INFO - Train ROC AUC: 0.8587
2026-04-09 17:10:06,011 - INFO - Test Accuracy: 0.8953
2026-04-09 17:10:06,011 - INFO - Test Precision: 0.6154
2026-04-09 17:10:06,012 - INFO - Test Recall: 0.6667
2026-04-09 17:10:06,012 - INFO - Test F1: 0.6400
2026-04-09 17:10:06,012 - INFO - Test ROC AUC: 0.8716
2026-04-09 17:10:07,398 - INFO - Confusion matrix saved: results\confusion_matrix\Imbalanced\38_variables\cm_GaussianNB_base.png
2026-04-09 17:10:07,398 - INFO - RandomizedSearchCV for GaussianNB
2026-04-09 17:10:07,729 - INFO - Best params: {'var_smoothing': 1e-09}
2026-04-09 17:10:07,731 - INFO - Best CV score: 0.8117
2026-04-09 17:10:07,798 - INFO - 
GaussianNB - Tuned
2026-04-09 17:10:07,800 - INFO - Train Accuracy: 0.8799
2026-04-09 17:10:07,802 - INFO - Train ROC AUC: 0.8587
2026-04-09 17:10:07,804 - INFO - Test Accuracy: 0.8953
2026-04-09 17:10:07,811 - INFO - Test Precision: 0.6154
2026-04-09 17:10:07,814 - INFO - Test Recall: 0.6667
2026-04-09 17:10:07,819 - INFO - Test F1: 0.6400
2026-04-09 17:10:07,822 - INFO - Test ROC AUC: 0.8716
2026-04-09 17:10:09,202 - INFO - Confusion matrix saved: results\confusion_matrix\Imbalanced\38_variables\cm_GaussianNB_tuned.png
2026-04-09 17:10:09,205 - INFO - 
======================================================================
2026-04-09 17:10:09,205 - INFO - TRAINING MODELS ON BALANCED DATA (SMOTE)
2026-04-09 17:10:09,206 - INFO - ======================================================================
2026-04-09 17:10:09,207 - INFO - 
--- Training LogisticRegression (Balanced SMOTE) ---
2026-04-09 17:10:09,285 - INFO - 
LogisticRegression - Base
2026-04-09 17:10:09,285 - INFO - Train Accuracy: 0.9015
2026-04-09 17:10:09,286 - INFO - Train ROC AUC: 0.9637
2026-04-09 17:10:09,287 - INFO - Test Accuracy: 0.7558
2026-04-09 17:10:09,288 - INFO - Test Precision: 0.3333
2026-04-09 17:10:09,288 - INFO - Test Recall: 0.7500
2026-04-09 17:10:09,288 - INFO - Test F1: 0.4615
2026-04-09 17:10:09,289 - INFO - Test ROC AUC: 0.8694
2026-04-09 17:10:10,672 - INFO - Confusion matrix saved: results\confusion_matrix\Balanced_SMOTE\38_variables\cm_LogisticRegression_base.png
2026-04-09 17:10:10,673 - INFO - RandomizedSearchCV for LogisticRegression
2026-04-09 17:10:11,297 - INFO - Best params: {'solver': 'liblinear', 'penalty': 'l1', 'C': 0.1}
2026-04-09 17:10:11,298 - INFO - Best CV score: 0.9482
2026-04-09 17:10:11,364 - INFO - 
LogisticRegression - Tuned
2026-04-09 17:10:11,364 - INFO - Train Accuracy: 0.8932
2026-04-09 17:10:11,365 - INFO - Train ROC AUC: 0.9593
2026-04-09 17:10:11,366 - INFO - Test Accuracy: 0.7674
2026-04-09 17:10:11,367 - INFO - Test Precision: 0.3462
2026-04-09 17:10:11,368 - INFO - Test Recall: 0.7500
2026-04-09 17:10:11,368 - INFO - Test F1: 0.4737
2026-04-09 17:10:11,371 - INFO - Test ROC AUC: 0.8885
2026-04-09 17:10:13,016 - INFO - Confusion matrix saved: results\confusion_matrix\Balanced_SMOTE\38_variables\cm_LogisticRegression_tuned.png
2026-04-09 17:10:13,019 - INFO - 
--- Training RandomForest (Balanced SMOTE) ---
2026-04-09 17:10:14,551 - INFO - 
RandomForest - Base
2026-04-09 17:10:14,552 - INFO - Train Accuracy: 1.0000
2026-04-09 17:10:14,552 - INFO - Train ROC AUC: 1.0000
2026-04-09 17:10:14,553 - INFO - Test Accuracy: 0.6977
2026-04-09 17:10:14,553 - INFO - Test Precision: 0.2667
2026-04-09 17:10:14,554 - INFO - Test Recall: 0.6667
2026-04-09 17:10:14,554 - INFO - Test F1: 0.3810
2026-04-09 17:10:14,555 - INFO - Test ROC AUC: 0.7641
2026-04-09 17:10:17,350 - INFO - Confusion matrix saved: results\confusion_matrix\Balanced_SMOTE\38_variables\cm_RandomForest_base.png
2026-04-09 17:10:17,351 - INFO - RandomizedSearchCV for RandomForestClassifier
2026-04-09 17:10:40,258 - INFO - Best params: {'n_estimators': 100, 'min_samples_split': 2, 'min_samples_leaf': 1, 'max_depth': 15}
2026-04-09 17:10:40,259 - INFO - Best CV score: 0.9891
2026-04-09 17:10:40,584 - INFO - 
RandomForest - Tuned
2026-04-09 17:10:40,588 - INFO - Train Accuracy: 1.0000
2026-04-09 17:10:40,591 - INFO - Train ROC AUC: 1.0000
2026-04-09 17:10:40,593 - INFO - Test Accuracy: 0.6977
2026-04-09 17:10:40,595 - INFO - Test Precision: 0.2667
2026-04-09 17:10:40,596 - INFO - Test Recall: 0.6667
2026-04-09 17:10:40,597 - INFO - Test F1: 0.3810
2026-04-09 17:10:40,599 - INFO - Test ROC AUC: 0.7669
2026-04-09 17:10:42,928 - INFO - Confusion matrix saved: results\confusion_matrix\Balanced_SMOTE\38_variables\cm_RandomForest_tuned.png
2026-04-09 17:10:42,931 - INFO - 
--- Training XGBoost (Balanced SMOTE) ---
2026-04-09 17:10:47,053 - INFO - 
XGBoost - Base
2026-04-09 17:10:47,056 - INFO - Train Accuracy: 1.0000
2026-04-09 17:10:47,068 - INFO - Train ROC AUC: 1.0000
2026-04-09 17:10:47,075 - INFO - Test Accuracy: 0.2442
2026-04-09 17:10:47,080 - INFO - Test Precision: 0.1558
2026-04-09 17:10:47,080 - INFO - Test Recall: 1.0000
2026-04-09 17:10:47,081 - INFO - Test F1: 0.2697
2026-04-09 17:10:47,082 - INFO - Test ROC AUC: 0.8153
2026-04-09 17:10:49,104 - INFO - Confusion matrix saved: results\confusion_matrix\Balanced_SMOTE\38_variables\cm_XGBoost_base.png
2026-04-09 17:10:49,107 - INFO - RandomizedSearchCV for XGBClassifier
2026-04-09 17:10:57,903 - INFO - Best params: {'n_estimators': 200, 'max_depth': 5, 'learning_rate': 0.1}
2026-04-09 17:10:57,912 - INFO - Best CV score: 0.9854
2026-04-09 17:10:58,102 - INFO - 
XGBoost - Tuned
2026-04-09 17:10:58,106 - INFO - Train Accuracy: 1.0000
2026-04-09 17:10:58,107 - INFO - Train ROC AUC: 1.0000
2026-04-09 17:10:58,108 - INFO - Test Accuracy: 0.3605
2026-04-09 17:10:58,115 - INFO - Test Precision: 0.1791
2026-04-09 17:10:58,130 - INFO - Test Recall: 1.0000
2026-04-09 17:10:58,154 - INFO - Test F1: 0.3038
2026-04-09 17:10:58,160 - INFO - Test ROC AUC: 0.8187
2026-04-09 17:10:59,660 - INFO - Confusion matrix saved: results\confusion_matrix\Balanced_SMOTE\38_variables\cm_XGBoost_tuned.png
2026-04-09 17:10:59,681 - INFO - Model saved with joblib: models\best_model_XGBoost_Balanced_SMOTE_all.pkl
2026-04-09 17:10:59,701 - INFO - Pickle backup saved: models\best_model_XGBoost_Balanced_SMOTE_all_pickle.pkl
2026-04-09 17:10:59,733 - INFO - 
--- Training KNN (Balanced SMOTE) ---
2026-04-09 17:10:59,907 - INFO - 
KNN - Base
2026-04-09 17:10:59,908 - INFO - Train Accuracy: 0.9295
2026-04-09 17:10:59,910 - INFO - Train ROC AUC: 0.9902
2026-04-09 17:10:59,911 - INFO - Test Accuracy: 0.8023
2026-04-09 17:10:59,911 - INFO - Test Precision: 0.3913
2026-04-09 17:10:59,912 - INFO - Test Recall: 0.7500
2026-04-09 17:10:59,912 - INFO - Test F1: 0.5143
2026-04-09 17:10:59,912 - INFO - Test ROC AUC: 0.7534
2026-04-09 17:11:01,903 - INFO - Confusion matrix saved: results\confusion_matrix\Balanced_SMOTE\38_variables\cm_KNN_base.png
2026-04-09 17:11:01,906 - INFO - RandomizedSearchCV for KNeighborsClassifier
2026-04-09 17:11:02,357 - INFO - Best params: {'weights': 'distance', 'n_neighbors': 7}
2026-04-09 17:11:02,358 - INFO - Best CV score: 0.9697
2026-04-09 17:11:02,496 - INFO - 
KNN - Tuned
2026-04-09 17:11:02,497 - INFO - Train Accuracy: 1.0000
2026-04-09 17:11:02,501 - INFO - Train ROC AUC: 1.0000
2026-04-09 17:11:02,501 - INFO - Test Accuracy: 0.7791
2026-04-09 17:11:02,502 - INFO - Test Precision: 0.3600
2026-04-09 17:11:02,502 - INFO - Test Recall: 0.7500
2026-04-09 17:11:02,504 - INFO - Test F1: 0.4865
2026-04-09 17:11:02,506 - INFO - Test ROC AUC: 0.7635
2026-04-09 17:11:04,035 - INFO - Confusion matrix saved: results\confusion_matrix\Balanced_SMOTE\38_variables\cm_KNN_tuned.png
2026-04-09 17:11:04,038 - INFO - 
--- Training SVC (Balanced SMOTE) ---
2026-04-09 17:11:05,155 - INFO - 
SVC - Base
2026-04-09 17:11:05,156 - INFO - Train Accuracy: 0.9682
2026-04-09 17:11:05,157 - INFO - Train ROC AUC: 0.9956
2026-04-09 17:11:05,157 - INFO - Test Accuracy: 0.7907
2026-04-09 17:11:05,158 - INFO - Test Precision: 0.3636
2026-04-09 17:11:05,158 - INFO - Test Recall: 0.6667
2026-04-09 17:11:05,159 - INFO - Test F1: 0.4706
2026-04-09 17:11:05,159 - INFO - Test ROC AUC: 0.8468
2026-04-09 17:11:07,139 - INFO - Confusion matrix saved: results\confusion_matrix\Balanced_SMOTE\38_variables\cm_SVC_base.png
2026-04-09 17:11:07,143 - INFO - RandomizedSearchCV for SVC
2026-04-09 17:11:24,426 - INFO - Best params: {'kernel': 'rbf', 'C': 10}
2026-04-09 17:11:24,433 - INFO - Best CV score: 0.9846
2026-04-09 17:11:24,888 - INFO - 
SVC - Tuned
2026-04-09 17:11:24,889 - INFO - Train Accuracy: 0.9985
2026-04-09 17:11:24,890 - INFO - Train ROC AUC: 1.0000
2026-04-09 17:11:24,890 - INFO - Test Accuracy: 0.8372
2026-04-09 17:11:24,891 - INFO - Test Precision: 0.4375
2026-04-09 17:11:24,891 - INFO - Test Recall: 0.5833
2026-04-09 17:11:24,892 - INFO - Test F1: 0.5000
2026-04-09 17:11:24,892 - INFO - Test ROC AUC: 0.8086
2026-04-09 17:11:26,364 - INFO - Confusion matrix saved: results\confusion_matrix\Balanced_SMOTE\38_variables\cm_SVC_tuned.png
2026-04-09 17:11:26,367 - INFO - 
--- Training GaussianNB (Balanced SMOTE) ---
2026-04-09 17:11:26,431 - INFO - 
GaussianNB - Base
2026-04-09 17:11:26,432 - INFO - Train Accuracy: 0.8030
2026-04-09 17:11:26,432 - INFO - Train ROC AUC: 0.8742
2026-04-09 17:11:26,433 - INFO - Test Accuracy: 0.7326
2026-04-09 17:11:26,434 - INFO - Test Precision: 0.3226
2026-04-09 17:11:26,435 - INFO - Test Recall: 0.8333
2026-04-09 17:11:26,435 - INFO - Test F1: 0.4651
2026-04-09 17:11:26,436 - INFO - Test ROC AUC: 0.8891
2026-04-09 17:11:28,112 - INFO - Confusion matrix saved: results\confusion_matrix\Balanced_SMOTE\38_variables\cm_GaussianNB_base.png
2026-04-09 17:11:28,113 - INFO - RandomizedSearchCV for GaussianNB
2026-04-09 17:11:28,524 - INFO - Best params: {'var_smoothing': 1e-09}
2026-04-09 17:11:28,544 - INFO - Best CV score: 0.8623
2026-04-09 17:11:28,701 - INFO - 
GaussianNB - Tuned
2026-04-09 17:11:28,712 - INFO - Train Accuracy: 0.8030
2026-04-09 17:11:28,813 - INFO - Train ROC AUC: 0.8742
2026-04-09 17:11:28,839 - INFO - Test Accuracy: 0.7326
2026-04-09 17:11:28,915 - INFO - Test Precision: 0.3226
2026-04-09 17:11:28,975 - INFO - Test Recall: 0.8333
2026-04-09 17:11:29,007 - INFO - Test F1: 0.4651
2026-04-09 17:11:29,034 - INFO - Test ROC AUC: 0.8891
2026-04-09 17:11:30,401 - INFO - Confusion matrix saved: results\confusion_matrix\Balanced_SMOTE\38_variables\cm_GaussianNB_tuned.png
2026-04-09 17:11:32,017 - INFO - ROC plot saved: results\roc_curves\roc_Imbalanced_all.png
2026-04-09 17:11:34,357 - INFO - ROC plot saved: results\roc_curves\roc_Balanced_SMOTE_all.png
2026-04-09 17:11:36,062 - INFO - Feature importance plot saved: results\feature_importances\feature_importance_Imbalanced_all.png
2026-04-09 17:11:37,764 - INFO - Feature importance plot saved: results\feature_importances\feature_importance_Balanced_SMOTE_all.png
2026-04-09 17:11:37,782 - INFO - Training done!
2026-04-09 17:14:45,534 - INFO - Loading data from: ./database/hee_brazil_ambato_peru_base.csv
2026-04-09 17:14:45,577 - INFO - Categorical variables: 26
2026-04-09 17:14:45,589 - INFO - Continuous variables: 15
2026-04-09 17:14:46,147 - INFO - Using categorical units to plot a list of strings that are all parsable as floats or dates. If these strings should be plotted as numbers, cast to the appropriate data type before plotting.
2026-04-09 17:14:46,169 - INFO - Using categorical units to plot a list of strings that are all parsable as floats or dates. If these strings should be plotted as numbers, cast to the appropriate data type before plotting.
2026-04-09 17:14:46,649 - INFO - Saved plot: distribution\freq_SEX.png
2026-04-09 17:14:47,415 - INFO - Saved plot: distribution\freq_AGEATDIGNOSIS.png
2026-04-09 17:14:47,688 - INFO - Using categorical units to plot a list of strings that are all parsable as floats or dates. If these strings should be plotted as numbers, cast to the appropriate data type before plotting.
2026-04-09 17:14:47,705 - INFO - Using categorical units to plot a list of strings that are all parsable as floats or dates. If these strings should be plotted as numbers, cast to the appropriate data type before plotting.
2026-04-09 17:14:48,181 - INFO - Saved plot: distribution\freq_RADIOTHERAPY EXPOSURE.png
2026-04-09 17:14:48,448 - INFO - Using categorical units to plot a list of strings that are all parsable as floats or dates. If these strings should be plotted as numbers, cast to the appropriate data type before plotting.
2026-04-09 17:14:48,469 - INFO - Using categorical units to plot a list of strings that are all parsable as floats or dates. If these strings should be plotted as numbers, cast to the appropriate data type before plotting.
2026-04-09 17:14:48,908 - INFO - Saved plot: distribution\freq_FAMILY HISTORY OF THYROID CANCER.png
2026-04-09 17:14:49,180 - INFO - Using categorical units to plot a list of strings that are all parsable as floats or dates. If these strings should be plotted as numbers, cast to the appropriate data type before plotting.
2026-04-09 17:14:49,200 - INFO - Using categorical units to plot a list of strings that are all parsable as floats or dates. If these strings should be plotted as numbers, cast to the appropriate data type before plotting.
2026-04-09 17:14:49,645 - INFO - Saved plot: distribution\freq_THYROID DISEASE PREOP.png
2026-04-09 17:14:50,442 - INFO - Saved plot: distribution\freq_BMI.png
2026-04-09 17:14:50,717 - INFO - Using categorical units to plot a list of strings that are all parsable as floats or dates. If these strings should be plotted as numbers, cast to the appropriate data type before plotting.
2026-04-09 17:14:50,734 - INFO - Using categorical units to plot a list of strings that are all parsable as floats or dates. If these strings should be plotted as numbers, cast to the appropriate data type before plotting.
2026-04-09 17:14:51,134 - INFO - Saved plot: distribution\freq_THYROIDECTOMY APPROACH.png
2026-04-09 17:14:51,406 - INFO - Using categorical units to plot a list of strings that are all parsable as floats or dates. If these strings should be plotted as numbers, cast to the appropriate data type before plotting.
2026-04-09 17:14:51,422 - INFO - Using categorical units to plot a list of strings that are all parsable as floats or dates. If these strings should be plotted as numbers, cast to the appropriate data type before plotting.
2026-04-09 17:14:51,873 - INFO - Saved plot: distribution\freq_TYPEOFRESECTION.png
2026-04-09 17:14:52,166 - INFO - Using categorical units to plot a list of strings that are all parsable as floats or dates. If these strings should be plotted as numbers, cast to the appropriate data type before plotting.
2026-04-09 17:14:52,188 - INFO - Using categorical units to plot a list of strings that are all parsable as floats or dates. If these strings should be plotted as numbers, cast to the appropriate data type before plotting.
2026-04-09 17:14:52,628 - INFO - Saved plot: distribution\freq_HISTOLOGY.png
2026-04-09 17:14:53,326 - INFO - Saved plot: distribution\freq_TUMORSIZE (cm).png
2026-04-09 17:14:53,601 - INFO - Using categorical units to plot a list of strings that are all parsable as floats or dates. If these strings should be plotted as numbers, cast to the appropriate data type before plotting.
2026-04-09 17:14:53,615 - INFO - Using categorical units to plot a list of strings that are all parsable as floats or dates. If these strings should be plotted as numbers, cast to the appropriate data type before plotting.
2026-04-09 17:14:54,047 - INFO - Saved plot: distribution\freq_EXTRATHYROIDALEXTENSION.png
2026-04-09 17:14:54,311 - INFO - Using categorical units to plot a list of strings that are all parsable as floats or dates. If these strings should be plotted as numbers, cast to the appropriate data type before plotting.
2026-04-09 17:14:54,328 - INFO - Using categorical units to plot a list of strings that are all parsable as floats or dates. If these strings should be plotted as numbers, cast to the appropriate data type before plotting.
2026-04-09 17:14:54,741 - INFO - Saved plot: distribution\freq_MULTICENTRIC.png
2026-04-09 17:14:55,015 - INFO - Using categorical units to plot a list of strings that are all parsable as floats or dates. If these strings should be plotted as numbers, cast to the appropriate data type before plotting.
2026-04-09 17:14:55,028 - INFO - Using categorical units to plot a list of strings that are all parsable as floats or dates. If these strings should be plotted as numbers, cast to the appropriate data type before plotting.
2026-04-09 17:14:55,459 - INFO - Saved plot: distribution\freq_MULTICENTER_BILATERAL.png
2026-04-09 17:14:55,735 - INFO - Using categorical units to plot a list of strings that are all parsable as floats or dates. If these strings should be plotted as numbers, cast to the appropriate data type before plotting.
2026-04-09 17:14:55,760 - INFO - Using categorical units to plot a list of strings that are all parsable as floats or dates. If these strings should be plotted as numbers, cast to the appropriate data type before plotting.
2026-04-09 17:14:56,159 - INFO - Saved plot: distribution\freq_VASCULARINVASION.png
2026-04-09 17:14:56,422 - INFO - Using categorical units to plot a list of strings that are all parsable as floats or dates. If these strings should be plotted as numbers, cast to the appropriate data type before plotting.
2026-04-09 17:14:56,437 - INFO - Using categorical units to plot a list of strings that are all parsable as floats or dates. If these strings should be plotted as numbers, cast to the appropriate data type before plotting.
2026-04-09 17:14:56,866 - INFO - Saved plot: distribution\freq_PERINEURALINVASION.png
2026-04-09 17:14:57,125 - INFO - Using categorical units to plot a list of strings that are all parsable as floats or dates. If these strings should be plotted as numbers, cast to the appropriate data type before plotting.
2026-04-09 17:14:57,142 - INFO - Using categorical units to plot a list of strings that are all parsable as floats or dates. If these strings should be plotted as numbers, cast to the appropriate data type before plotting.
2026-04-09 17:14:57,550 - INFO - Saved plot: distribution\freq_POSITIVELYMPHNODEN1.png
2026-04-09 17:14:58,245 - INFO - Saved plot: distribution\freq_NUMBEROFLYMPHNODEEXCISION.png
2026-04-09 17:14:58,945 - INFO - Saved plot: distribution\freq_NUMBEROFPOSITIVELYMPHNODEEXCISION.png
2026-04-09 17:14:59,628 - INFO - Saved plot: distribution\freq_LN RATIO.png
2026-04-09 17:15:00,430 - INFO - Saved plot: distribution\freq_SIZEOFPOSITIVELYMPHNODE(cm).png
2026-04-09 17:15:00,701 - INFO - Using categorical units to plot a list of strings that are all parsable as floats or dates. If these strings should be plotted as numbers, cast to the appropriate data type before plotting.
2026-04-09 17:15:00,720 - INFO - Using categorical units to plot a list of strings that are all parsable as floats or dates. If these strings should be plotted as numbers, cast to the appropriate data type before plotting.
2026-04-09 17:15:01,155 - INFO - Saved plot: distribution\freq_EXTRANODALEXTENSION.png
2026-04-09 17:15:01,441 - INFO - Using categorical units to plot a list of strings that are all parsable as floats or dates. If these strings should be plotted as numbers, cast to the appropriate data type before plotting.
2026-04-09 17:15:01,460 - INFO - Using categorical units to plot a list of strings that are all parsable as floats or dates. If these strings should be plotted as numbers, cast to the appropriate data type before plotting.
2026-04-09 17:15:01,869 - INFO - Saved plot: distribution\freq_HASHIMOTO THYROIDITIS.png
2026-04-09 17:15:02,137 - INFO - Using categorical units to plot a list of strings that are all parsable as floats or dates. If these strings should be plotted as numbers, cast to the appropriate data type before plotting.
2026-04-09 17:15:02,159 - INFO - Using categorical units to plot a list of strings that are all parsable as floats or dates. If these strings should be plotted as numbers, cast to the appropriate data type before plotting.
2026-04-09 17:15:02,596 - INFO - Saved plot: distribution\freq_TNMT.png
2026-04-09 17:15:02,879 - INFO - Using categorical units to plot a list of strings that are all parsable as floats or dates. If these strings should be plotted as numbers, cast to the appropriate data type before plotting.
2026-04-09 17:15:02,896 - INFO - Using categorical units to plot a list of strings that are all parsable as floats or dates. If these strings should be plotted as numbers, cast to the appropriate data type before plotting.
2026-04-09 17:15:03,352 - INFO - Saved plot: distribution\freq_TNMN.png
2026-04-09 17:15:03,691 - INFO - Using categorical units to plot a list of strings that are all parsable as floats or dates. If these strings should be plotted as numbers, cast to the appropriate data type before plotting.
2026-04-09 17:15:03,713 - INFO - Using categorical units to plot a list of strings that are all parsable as floats or dates. If these strings should be plotted as numbers, cast to the appropriate data type before plotting.
2026-04-09 17:15:04,125 - INFO - Saved plot: distribution\freq_TNMM.png
2026-04-09 17:15:04,392 - INFO - Using categorical units to plot a list of strings that are all parsable as floats or dates. If these strings should be plotted as numbers, cast to the appropriate data type before plotting.
2026-04-09 17:15:04,417 - INFO - Using categorical units to plot a list of strings that are all parsable as floats or dates. If these strings should be plotted as numbers, cast to the appropriate data type before plotting.
2026-04-09 17:15:04,903 - INFO - Saved plot: distribution\freq_STAGE.png
2026-04-09 17:15:05,169 - INFO - Using categorical units to plot a list of strings that are all parsable as floats or dates. If these strings should be plotted as numbers, cast to the appropriate data type before plotting.
2026-04-09 17:15:05,185 - INFO - Using categorical units to plot a list of strings that are all parsable as floats or dates. If these strings should be plotted as numbers, cast to the appropriate data type before plotting.
2026-04-09 17:15:05,595 - INFO - Saved plot: distribution\freq_ATA_2015_RISCO_INICIAL.png
2026-04-09 17:15:05,875 - INFO - Using categorical units to plot a list of strings that are all parsable as floats or dates. If these strings should be plotted as numbers, cast to the appropriate data type before plotting.
2026-04-09 17:15:05,891 - INFO - Using categorical units to plot a list of strings that are all parsable as floats or dates. If these strings should be plotted as numbers, cast to the appropriate data type before plotting.
2026-04-09 17:15:06,304 - INFO - Saved plot: distribution\freq_ATA_2025_RISCO_INICIAL.png
2026-04-09 17:15:06,602 - INFO - Using categorical units to plot a list of strings that are all parsable as floats or dates. If these strings should be plotted as numbers, cast to the appropriate data type before plotting.
2026-04-09 17:15:06,621 - INFO - Using categorical units to plot a list of strings that are all parsable as floats or dates. If these strings should be plotted as numbers, cast to the appropriate data type before plotting.
2026-04-09 17:15:07,051 - INFO - Saved plot: distribution\freq_RAI.png
2026-04-09 17:15:07,757 - INFO - Saved plot: distribution\freq_RAIDOSE.png
2026-04-09 17:15:08,472 - INFO - Saved plot: distribution\freq_TSH PRE RAI.png
2026-04-09 17:15:09,165 - INFO - Saved plot: distribution\freq_TG PRE RAI.png
2026-04-09 17:15:09,439 - INFO - Using categorical units to plot a list of strings that are all parsable as floats or dates. If these strings should be plotted as numbers, cast to the appropriate data type before plotting.
2026-04-09 17:15:09,480 - INFO - Using categorical units to plot a list of strings that are all parsable as floats or dates. If these strings should be plotted as numbers, cast to the appropriate data type before plotting.
2026-04-09 17:15:09,915 - INFO - Saved plot: distribution\freq_ANTI TG PRE RAI (POSITIVE or NEGATIVE).png
2026-04-09 17:15:10,847 - INFO - Saved plot: distribution\freq_ANTI TG PRE RAI .png
2026-04-09 17:15:11,641 - INFO - Saved plot: distribution\freq_OUTCOMEFOLLOWUP_MONTHSPOSTSURGERY.png
2026-04-09 17:15:12,377 - INFO - Saved plot: distribution\freq_TSH FOLLOW UP.png
2026-04-09 17:15:13,256 - INFO - Saved plot: distribution\freq_TG FOLLOW UP.png
2026-04-09 17:15:13,540 - INFO - Using categorical units to plot a list of strings that are all parsable as floats or dates. If these strings should be plotted as numbers, cast to the appropriate data type before plotting.
2026-04-09 17:15:13,560 - INFO - Using categorical units to plot a list of strings that are all parsable as floats or dates. If these strings should be plotted as numbers, cast to the appropriate data type before plotting.
2026-04-09 17:15:14,070 - INFO - Saved plot: distribution\freq_ANTI TG FOLLOW UP (POSITIVE or NEGATIVE).png
2026-04-09 17:15:14,885 - INFO - Saved plot: distribution\freq_ANTI TG FOLLOW UP.png
2026-04-09 17:15:15,187 - INFO - Using categorical units to plot a list of strings that are all parsable as floats or dates. If these strings should be plotted as numbers, cast to the appropriate data type before plotting.
2026-04-09 17:15:15,207 - INFO - Using categorical units to plot a list of strings that are all parsable as floats or dates. If these strings should be plotted as numbers, cast to the appropriate data type before plotting.
2026-04-09 17:15:15,992 - INFO - Saved plot: distribution\freq_SUBTYPE_FOLLI_PAPIL.png
2026-04-09 17:15:15,997 - INFO - 
Missing Data Report:
2026-04-09 17:15:16,024 - INFO - 
                                          Total  Percent
SIZEOFPOSITIVELYMPHNODE(cm)                 914    85.82
ANTI TG PRE RAI                             873    81.97
EXTRANODALEXTENSION                         835    78.40
ANTI TG PRE RAI (POSITIVE or NEGATIVE)      662    62.16
TSH PRE RAI                                 650    61.03
LN RATIO                                    616    57.84
ANTI TG FOLLOW UP                           606    56.90
TG PRE RAI                                  522    49.01
MULTICENTER_BILATERAL                       511    47.98
NUMBEROFLYMPHNODEEXCISION                   506    47.51
NUMBEROFPOSITIVELYMPHNODEEXCISION           500    46.95
ATA_2025_RISCO_INICIAL                      420    39.44
BMI                                         377    35.40
PERINEURALINVASION                          364    34.18
VASCULARINVASION                            324    30.42
RAIDOSE                                     286    26.85
TYPEOFRESECTION                             244    22.91
ANTI TG FOLLOW UP (POSITIVE or NEGATIVE)    213    20.00
HASHIMOTO THYROIDITIS                       209    19.62
EXTRATHYROIDALEXTENSION                     114    10.70
POSITIVELYMPHNODEN1                          93     8.73
THYROID DISEASE PREOP                        91     8.54
SUBTYPE_FOLLI_PAPIL                          67     6.29
TUMORSIZE (cm)                               60     5.63
RADIOTHERAPY EXPOSURE                        43     4.04
TG FOLLOW UP                                 26     2.44
STAGE                                        24     2.25
TSH FOLLOW UP                                22     2.07
FAMILY HISTORY OF THYROID CANCER             21     1.97
MULTICENTRIC                                 18     1.69
TNMN                                         14     1.31
OUTCOMEFOLLOWUP_MONTHSPOSTSURGERY            10     0.94
TNMM                                          6     0.56
RAI                                           5     0.47
TNMT                                          4     0.38
AGEATDIGNOSIS                                 2     0.19
SEX                                           2     0.19
HISTOLOGY                                     2     0.19
THYROIDECTOMY APPROACH                        2     0.19
ATA_2015_RISCO_INICIAL                        2     0.19
RECURRENCE                                    2     0.19
2026-04-09 17:15:16,045 - INFO - Imputed categorical 'SEX' with mode: 1.0
2026-04-09 17:15:16,055 - INFO - Imputed continuous 'AGEATDIGNOSIS' with median: 47.0
2026-04-09 17:15:16,059 - INFO - Imputed categorical 'RADIOTHERAPY EXPOSURE' with mode: 2.0
2026-04-09 17:15:16,064 - INFO - Imputed categorical 'FAMILY HISTORY OF THYROID CANCER' with mode: 2.0
2026-04-09 17:15:16,071 - INFO - Imputed categorical 'THYROID DISEASE PREOP' with mode: 1.0
2026-04-09 17:15:16,075 - INFO - Imputed continuous 'BMI' with median: 28.0
2026-04-09 17:15:16,079 - INFO - Imputed categorical 'THYROIDECTOMY APPROACH' with mode: 1.0
2026-04-09 17:15:16,082 - INFO - Imputed categorical 'TYPEOFRESECTION' with mode: 1.0
2026-04-09 17:15:16,088 - INFO - Imputed categorical 'HISTOLOGY' with mode: 1.0
2026-04-09 17:15:16,089 - INFO - Imputed continuous 'TUMORSIZE (cm)' with median: 3.1
2026-04-09 17:15:16,092 - INFO - Imputed categorical 'EXTRATHYROIDALEXTENSION' with mode: 1.0
2026-04-09 17:15:16,099 - INFO - Imputed categorical 'MULTICENTRIC' with mode: 2.0
2026-04-09 17:15:16,107 - INFO - Imputed categorical 'MULTICENTER_BILATERAL' with mode: 2.0
2026-04-09 17:15:16,111 - INFO - Imputed categorical 'VASCULARINVASION' with mode: 2.0
2026-04-09 17:15:16,118 - INFO - Imputed categorical 'PERINEURALINVASION' with mode: 2.0
2026-04-09 17:15:16,121 - INFO - Imputed categorical 'POSITIVELYMPHNODEN1' with mode: 2.0
2026-04-09 17:15:16,123 - INFO - Imputed continuous 'NUMBEROFLYMPHNODEEXCISION' with median: 5.0
2026-04-09 17:15:16,126 - INFO - Imputed continuous 'NUMBEROFPOSITIVELYMPHNODEEXCISION' with median: 2.0
2026-04-09 17:15:16,130 - INFO - Imputed continuous 'LN RATIO' with median: 36.67
2026-04-09 17:15:16,133 - INFO - Imputed continuous 'SIZEOFPOSITIVELYMPHNODE(cm)' with median: 1.7
2026-04-09 17:15:16,138 - INFO - Imputed categorical 'EXTRANODALEXTENSION' with mode: 2.0
2026-04-09 17:15:16,142 - INFO - Imputed categorical 'HASHIMOTO THYROIDITIS' with mode: 2.0
2026-04-09 17:15:16,147 - INFO - Imputed categorical 'TNMT' with mode: 1.0
2026-04-09 17:15:16,151 - INFO - Imputed categorical 'TNMN' with mode: 0.0
2026-04-09 17:15:16,155 - INFO - Imputed categorical 'TNMM' with mode: 1.0
2026-04-09 17:15:16,158 - INFO - Imputed categorical 'STAGE' with mode: 1.0
2026-04-09 17:15:16,162 - INFO - Imputed categorical 'ATA_2015_RISCO_INICIAL' with mode: 1.0
2026-04-09 17:15:16,169 - INFO - Imputed categorical 'ATA_2025_RISCO_INICIAL' with mode: 3.0
2026-04-09 17:15:16,176 - INFO - Imputed categorical 'RAI' with mode: 1.0
2026-04-09 17:15:16,180 - INFO - Imputed continuous 'RAIDOSE' with median: 100.0
2026-04-09 17:15:16,184 - INFO - Imputed continuous 'TSH PRE RAI' with median: 85.0
2026-04-09 17:15:16,187 - INFO - Imputed continuous 'TG PRE RAI' with median: 4.11
2026-04-09 17:15:16,191 - INFO - Imputed categorical 'ANTI TG PRE RAI (POSITIVE or NEGATIVE)' with mode: 1.0
2026-04-09 17:15:16,194 - INFO - Imputed continuous 'ANTI TG PRE RAI ' with median: 10.0
2026-04-09 17:15:16,205 - INFO - Imputed continuous 'OUTCOMEFOLLOWUP_MONTHSPOSTSURGERY' with median: 87.0
2026-04-09 17:15:16,207 - INFO - Imputed continuous 'TSH FOLLOW UP' with median: 0.59
2026-04-09 17:15:16,210 - INFO - Imputed continuous 'TG FOLLOW UP' with median: 0.1
2026-04-09 17:15:16,216 - INFO - Imputed categorical 'ANTI TG FOLLOW UP (POSITIVE or NEGATIVE)' with mode: 2.0
2026-04-09 17:15:16,218 - INFO - Imputed continuous 'ANTI TG FOLLOW UP' with median: 15.0
2026-04-09 17:15:16,221 - INFO - Imputed categorical 'SUBTYPE_FOLLI_PAPIL' with mode: 1.0
2026-04-09 17:15:16,226 - INFO - Imputed categorical 'RECURRENCE' with mode: 0.0
2026-04-09 17:15:16,244 - WARNING - Column 'TUMORSIZE (cm)' had min value 0.0 in 0.19%. Shifted by 2.22e-16
2026-04-09 17:15:16,249 - WARNING - Column 'NUMBEROFLYMPHNODEEXCISION' had min value 0.0 in 9.95%. Shifted by 2.22e-16
2026-04-09 17:15:16,256 - WARNING - Column 'NUMBEROFPOSITIVELYMPHNODEEXCISION' had min value 0.0 in 17.65%. Shifted by 2.22e-16
2026-04-09 17:15:16,258 - WARNING - Column 'LN RATIO' had min value 0.0 in 7.61%. Shifted by 2.22e-16
2026-04-09 17:15:16,264 - WARNING - Column 'TG PRE RAI' had min value 0.0 in 1.31%. Shifted by 2.22e-16
2026-04-09 17:15:16,272 - WARNING - Column 'ANTI TG FOLLOW UP' had min value 0.0 in 0.09%. Shifted by 2.22e-16
2026-04-09 17:15:16,578 - INFO - Using categorical units to plot a list of strings that are all parsable as floats or dates. If these strings should be plotted as numbers, cast to the appropriate data type before plotting.
2026-04-09 17:15:16,600 - INFO - Using categorical units to plot a list of strings that are all parsable as floats or dates. If these strings should be plotted as numbers, cast to the appropriate data type before plotting.
2026-04-09 17:15:17,047 - INFO - Saved plot: distribution\freq_SEX_norm.png
2026-04-09 17:15:17,788 - INFO - Saved plot: distribution\freq_AGEATDIGNOSIS_norm.png
2026-04-09 17:15:18,071 - INFO - Using categorical units to plot a list of strings that are all parsable as floats or dates. If these strings should be plotted as numbers, cast to the appropriate data type before plotting.
2026-04-09 17:15:18,141 - INFO - Using categorical units to plot a list of strings that are all parsable as floats or dates. If these strings should be plotted as numbers, cast to the appropriate data type before plotting.
2026-04-09 17:15:18,862 - INFO - Saved plot: distribution\freq_RADIOTHERAPY EXPOSURE_norm.png
2026-04-09 17:15:19,143 - INFO - Using categorical units to plot a list of strings that are all parsable as floats or dates. If these strings should be plotted as numbers, cast to the appropriate data type before plotting.
2026-04-09 17:15:19,159 - INFO - Using categorical units to plot a list of strings that are all parsable as floats or dates. If these strings should be plotted as numbers, cast to the appropriate data type before plotting.
2026-04-09 17:15:19,954 - INFO - Saved plot: distribution\freq_FAMILY HISTORY OF THYROID CANCER_norm.png
2026-04-09 17:15:20,711 - INFO - Using categorical units to plot a list of strings that are all parsable as floats or dates. If these strings should be plotted as numbers, cast to the appropriate data type before plotting.
2026-04-09 17:15:20,758 - INFO - Using categorical units to plot a list of strings that are all parsable as floats or dates. If these strings should be plotted as numbers, cast to the appropriate data type before plotting.
2026-04-09 17:15:21,327 - INFO - Saved plot: distribution\freq_THYROID DISEASE PREOP_norm.png
2026-04-09 17:15:22,236 - INFO - Saved plot: distribution\freq_BMI_norm.png
2026-04-09 17:15:22,520 - INFO - Using categorical units to plot a list of strings that are all parsable as floats or dates. If these strings should be plotted as numbers, cast to the appropriate data type before plotting.
2026-04-09 17:15:22,540 - INFO - Using categorical units to plot a list of strings that are all parsable as floats or dates. If these strings should be plotted as numbers, cast to the appropriate data type before plotting.
2026-04-09 17:15:22,996 - INFO - Saved plot: distribution\freq_THYROIDECTOMY APPROACH_norm.png
2026-04-09 17:15:23,280 - INFO - Using categorical units to plot a list of strings that are all parsable as floats or dates. If these strings should be plotted as numbers, cast to the appropriate data type before plotting.
2026-04-09 17:15:23,299 - INFO - Using categorical units to plot a list of strings that are all parsable as floats or dates. If these strings should be plotted as numbers, cast to the appropriate data type before plotting.
2026-04-09 17:15:23,805 - INFO - Saved plot: distribution\freq_TYPEOFRESECTION_norm.png
2026-04-09 17:15:24,098 - INFO - Using categorical units to plot a list of strings that are all parsable as floats or dates. If these strings should be plotted as numbers, cast to the appropriate data type before plotting.
2026-04-09 17:15:24,122 - INFO - Using categorical units to plot a list of strings that are all parsable as floats or dates. If these strings should be plotted as numbers, cast to the appropriate data type before plotting.
2026-04-09 17:15:24,741 - INFO - Saved plot: distribution\freq_HISTOLOGY_norm.png
2026-04-09 17:15:25,691 - INFO - Saved plot: distribution\freq_TUMORSIZE (cm)_norm.png
2026-04-09 17:15:26,026 - INFO - Using categorical units to plot a list of strings that are all parsable as floats or dates. If these strings should be plotted as numbers, cast to the appropriate data type before plotting.
2026-04-09 17:15:26,044 - INFO - Using categorical units to plot a list of strings that are all parsable as floats or dates. If these strings should be plotted as numbers, cast to the appropriate data type before plotting.
2026-04-09 17:15:26,535 - INFO - Saved plot: distribution\freq_EXTRATHYROIDALEXTENSION_norm.png
2026-04-09 17:15:26,831 - INFO - Using categorical units to plot a list of strings that are all parsable as floats or dates. If these strings should be plotted as numbers, cast to the appropriate data type before plotting.
2026-04-09 17:15:26,848 - INFO - Using categorical units to plot a list of strings that are all parsable as floats or dates. If these strings should be plotted as numbers, cast to the appropriate data type before plotting.
2026-04-09 17:15:27,282 - INFO - Saved plot: distribution\freq_MULTICENTRIC_norm.png
2026-04-09 17:15:27,576 - INFO - Using categorical units to plot a list of strings that are all parsable as floats or dates. If these strings should be plotted as numbers, cast to the appropriate data type before plotting.
2026-04-09 17:15:27,590 - INFO - Using categorical units to plot a list of strings that are all parsable as floats or dates. If these strings should be plotted as numbers, cast to the appropriate data type before plotting.
2026-04-09 17:15:28,067 - INFO - Saved plot: distribution\freq_MULTICENTER_BILATERAL_norm.png
2026-04-09 17:15:28,380 - INFO - Using categorical units to plot a list of strings that are all parsable as floats or dates. If these strings should be plotted as numbers, cast to the appropriate data type before plotting.
2026-04-09 17:15:28,409 - INFO - Using categorical units to plot a list of strings that are all parsable as floats or dates. If these strings should be plotted as numbers, cast to the appropriate data type before plotting.
2026-04-09 17:15:28,918 - INFO - Saved plot: distribution\freq_VASCULARINVASION_norm.png
2026-04-09 17:15:29,208 - INFO - Using categorical units to plot a list of strings that are all parsable as floats or dates. If these strings should be plotted as numbers, cast to the appropriate data type before plotting.
2026-04-09 17:15:29,226 - INFO - Using categorical units to plot a list of strings that are all parsable as floats or dates. If these strings should be plotted as numbers, cast to the appropriate data type before plotting.
2026-04-09 17:15:29,656 - INFO - Saved plot: distribution\freq_PERINEURALINVASION_norm.png
2026-04-09 17:15:29,922 - INFO - Using categorical units to plot a list of strings that are all parsable as floats or dates. If these strings should be plotted as numbers, cast to the appropriate data type before plotting.
2026-04-09 17:15:29,942 - INFO - Using categorical units to plot a list of strings that are all parsable as floats or dates. If these strings should be plotted as numbers, cast to the appropriate data type before plotting.
2026-04-09 17:15:30,352 - INFO - Saved plot: distribution\freq_POSITIVELYMPHNODEN1_norm.png
2026-04-09 17:15:31,085 - INFO - Saved plot: distribution\freq_NUMBEROFLYMPHNODEEXCISION_norm.png
2026-04-09 17:15:31,840 - INFO - Saved plot: distribution\freq_NUMBEROFPOSITIVELYMPHNODEEXCISION_norm.png
2026-04-09 17:15:32,692 - INFO - Saved plot: distribution\freq_LN RATIO_norm.png
2026-04-09 17:15:33,524 - INFO - Saved plot: distribution\freq_SIZEOFPOSITIVELYMPHNODE(cm)_norm.png
2026-04-09 17:15:33,804 - INFO - Using categorical units to plot a list of strings that are all parsable as floats or dates. If these strings should be plotted as numbers, cast to the appropriate data type before plotting.
2026-04-09 17:15:33,832 - INFO - Using categorical units to plot a list of strings that are all parsable as floats or dates. If these strings should be plotted as numbers, cast to the appropriate data type before plotting.
2026-04-09 17:15:34,219 - INFO - Saved plot: distribution\freq_EXTRANODALEXTENSION_norm.png
2026-04-09 17:15:34,500 - INFO - Using categorical units to plot a list of strings that are all parsable as floats or dates. If these strings should be plotted as numbers, cast to the appropriate data type before plotting.
2026-04-09 17:15:34,513 - INFO - Using categorical units to plot a list of strings that are all parsable as floats or dates. If these strings should be plotted as numbers, cast to the appropriate data type before plotting.
2026-04-09 17:15:34,934 - INFO - Saved plot: distribution\freq_HASHIMOTO THYROIDITIS_norm.png
2026-04-09 17:15:35,194 - INFO - Using categorical units to plot a list of strings that are all parsable as floats or dates. If these strings should be plotted as numbers, cast to the appropriate data type before plotting.
2026-04-09 17:15:35,209 - INFO - Using categorical units to plot a list of strings that are all parsable as floats or dates. If these strings should be plotted as numbers, cast to the appropriate data type before plotting.
2026-04-09 17:15:35,653 - INFO - Saved plot: distribution\freq_TNMT_norm.png
2026-04-09 17:15:35,932 - INFO - Using categorical units to plot a list of strings that are all parsable as floats or dates. If these strings should be plotted as numbers, cast to the appropriate data type before plotting.
2026-04-09 17:15:35,947 - INFO - Using categorical units to plot a list of strings that are all parsable as floats or dates. If these strings should be plotted as numbers, cast to the appropriate data type before plotting.
2026-04-09 17:15:36,405 - INFO - Saved plot: distribution\freq_TNMN_norm.png
2026-04-09 17:15:36,773 - INFO - Using categorical units to plot a list of strings that are all parsable as floats or dates. If these strings should be plotted as numbers, cast to the appropriate data type before plotting.
2026-04-09 17:15:36,802 - INFO - Using categorical units to plot a list of strings that are all parsable as floats or dates. If these strings should be plotted as numbers, cast to the appropriate data type before plotting.
2026-04-09 17:15:37,225 - INFO - Saved plot: distribution\freq_TNMM_norm.png
2026-04-09 17:15:37,505 - INFO - Using categorical units to plot a list of strings that are all parsable as floats or dates. If these strings should be plotted as numbers, cast to the appropriate data type before plotting.
2026-04-09 17:15:37,519 - INFO - Using categorical units to plot a list of strings that are all parsable as floats or dates. If these strings should be plotted as numbers, cast to the appropriate data type before plotting.
2026-04-09 17:15:37,998 - INFO - Saved plot: distribution\freq_STAGE_norm.png
2026-04-09 17:15:38,284 - INFO - Using categorical units to plot a list of strings that are all parsable as floats or dates. If these strings should be plotted as numbers, cast to the appropriate data type before plotting.
2026-04-09 17:15:38,300 - INFO - Using categorical units to plot a list of strings that are all parsable as floats or dates. If these strings should be plotted as numbers, cast to the appropriate data type before plotting.
2026-04-09 17:15:38,730 - INFO - Saved plot: distribution\freq_ATA_2015_RISCO_INICIAL_norm.png
2026-04-09 17:15:39,008 - INFO - Using categorical units to plot a list of strings that are all parsable as floats or dates. If these strings should be plotted as numbers, cast to the appropriate data type before plotting.
2026-04-09 17:15:39,028 - INFO - Using categorical units to plot a list of strings that are all parsable as floats or dates. If these strings should be plotted as numbers, cast to the appropriate data type before plotting.
2026-04-09 17:15:39,478 - INFO - Saved plot: distribution\freq_ATA_2025_RISCO_INICIAL_norm.png
2026-04-09 17:15:39,745 - INFO - Using categorical units to plot a list of strings that are all parsable as floats or dates. If these strings should be plotted as numbers, cast to the appropriate data type before plotting.
2026-04-09 17:15:39,769 - INFO - Using categorical units to plot a list of strings that are all parsable as floats or dates. If these strings should be plotted as numbers, cast to the appropriate data type before plotting.
2026-04-09 17:15:40,194 - INFO - Saved plot: distribution\freq_RAI_norm.png
2026-04-09 17:15:41,052 - INFO - Saved plot: distribution\freq_RAIDOSE_norm.png
2026-04-09 17:15:41,823 - INFO - Saved plot: distribution\freq_TSH PRE RAI_norm.png
2026-04-09 17:15:42,526 - INFO - Saved plot: distribution\freq_TG PRE RAI_norm.png
2026-04-09 17:15:42,809 - INFO - Using categorical units to plot a list of strings that are all parsable as floats or dates. If these strings should be plotted as numbers, cast to the appropriate data type before plotting.
2026-04-09 17:15:42,830 - INFO - Using categorical units to plot a list of strings that are all parsable as floats or dates. If these strings should be plotted as numbers, cast to the appropriate data type before plotting.
2026-04-09 17:15:43,263 - INFO - Saved plot: distribution\freq_ANTI TG PRE RAI (POSITIVE or NEGATIVE)_norm.png
2026-04-09 17:15:44,028 - INFO - Saved plot: distribution\freq_ANTI TG PRE RAI _norm.png
2026-04-09 17:15:45,061 - INFO - Saved plot: distribution\freq_OUTCOMEFOLLOWUP_MONTHSPOSTSURGERY_norm.png
2026-04-09 17:15:45,975 - INFO - Saved plot: distribution\freq_TSH FOLLOW UP_norm.png
2026-04-09 17:15:46,946 - INFO - Saved plot: distribution\freq_TG FOLLOW UP_norm.png
2026-04-09 17:15:47,258 - INFO - Using categorical units to plot a list of strings that are all parsable as floats or dates. If these strings should be plotted as numbers, cast to the appropriate data type before plotting.
2026-04-09 17:15:47,278 - INFO - Using categorical units to plot a list of strings that are all parsable as floats or dates. If these strings should be plotted as numbers, cast to the appropriate data type before plotting.
2026-04-09 17:15:47,795 - INFO - Saved plot: distribution\freq_ANTI TG FOLLOW UP (POSITIVE or NEGATIVE)_norm.png
2026-04-09 17:15:48,668 - INFO - Saved plot: distribution\freq_ANTI TG FOLLOW UP_norm.png
2026-04-09 17:15:49,258 - INFO - Using categorical units to plot a list of strings that are all parsable as floats or dates. If these strings should be plotted as numbers, cast to the appropriate data type before plotting.
2026-04-09 17:15:49,277 - INFO - Using categorical units to plot a list of strings that are all parsable as floats or dates. If these strings should be plotted as numbers, cast to the appropriate data type before plotting.
2026-04-09 17:15:50,411 - INFO - Saved plot: distribution\freq_SUBTYPE_FOLLI_PAPIL_norm.png
2026-04-09 17:15:53,753 - INFO - Using all 38 features.
2026-04-09 17:15:57,065 - INFO - Training models...
2026-04-09 17:15:57,092 - INFO - 
======================================================================
2026-04-09 17:15:57,093 - INFO - TRAINING MODELS ON IMBALANCED DATA
2026-04-09 17:15:57,099 - INFO - ======================================================================
2026-04-09 17:15:57,100 - INFO - 
--- Training LogisticRegression (Imbalanced) ---
2026-04-09 17:15:57,173 - INFO - 
LogisticRegression - Base
2026-04-09 17:15:57,173 - INFO - Train Accuracy: 0.9243
2026-04-09 17:15:57,174 - INFO - Train ROC AUC: 0.9385
2026-04-09 17:15:57,174 - INFO - Test Accuracy: 0.9070
2026-04-09 17:15:57,175 - INFO - Test Precision: 0.8333
2026-04-09 17:15:57,175 - INFO - Test Recall: 0.4167
2026-04-09 17:15:57,175 - INFO - Test F1: 0.5556
2026-04-09 17:15:57,176 - INFO - Test ROC AUC: 0.9144
2026-04-09 17:15:58,488 - INFO - Confusion matrix saved: results\confusion_matrix\Imbalanced\38_variables\cm_LogisticRegression_base.png
2026-04-09 17:15:58,488 - INFO - GridSearchCV for LogisticRegression
2026-04-09 17:16:11,201 - INFO - Best params: {'C': 0.1, 'penalty': 'l1', 'solver': 'liblinear'}
2026-04-09 17:16:11,203 - INFO - Best CV score: 0.9022
2026-04-09 17:16:11,258 - INFO - 
LogisticRegression - Tuned
2026-04-09 17:16:11,268 - INFO - Train Accuracy: 0.9217
2026-04-09 17:16:11,269 - INFO - Train ROC AUC: 0.9247
2026-04-09 17:16:11,270 - INFO - Test Accuracy: 0.9070
2026-04-09 17:16:11,270 - INFO - Test Precision: 0.8333
2026-04-09 17:16:11,271 - INFO - Test Recall: 0.4167
2026-04-09 17:16:11,271 - INFO - Test F1: 0.5556
2026-04-09 17:16:11,272 - INFO - Test ROC AUC: 0.9133
2026-04-09 17:16:12,654 - INFO - Confusion matrix saved: results\confusion_matrix\Imbalanced\38_variables\cm_LogisticRegression_tuned.png
2026-04-09 17:16:12,656 - INFO - 
--- Training RandomForest (Imbalanced) ---
2026-04-09 17:16:13,567 - INFO - 
RandomForest - Base
2026-04-09 17:16:13,568 - INFO - Train Accuracy: 1.0000
2026-04-09 17:16:13,568 - INFO - Train ROC AUC: 1.0000
2026-04-09 17:16:13,569 - INFO - Test Accuracy: 0.9186
2026-04-09 17:16:13,571 - INFO - Test Precision: 0.8571
2026-04-09 17:16:13,571 - INFO - Test Recall: 0.5000
2026-04-09 17:16:13,572 - INFO - Test F1: 0.6316
2026-04-09 17:16:13,573 - INFO - Test ROC AUC: 0.8148
2026-04-09 17:16:15,130 - INFO - Confusion matrix saved: results\confusion_matrix\Imbalanced\38_variables\cm_RandomForest_base.png
2026-04-09 17:16:15,130 - INFO - GridSearchCV for RandomForestClassifier
2026-04-09 17:17:08,044 - INFO - Best params: {'max_depth': 15, 'min_samples_leaf': 1, 'min_samples_split': 5, 'n_estimators': 100}
2026-04-09 17:17:08,098 - INFO - Best CV score: 0.9018
2026-04-09 17:17:08,503 - INFO - 
RandomForest - Tuned
2026-04-09 17:17:08,503 - INFO - Train Accuracy: 0.9896
2026-04-09 17:17:08,504 - INFO - Train ROC AUC: 0.9997
2026-04-09 17:17:08,505 - INFO - Test Accuracy: 0.9186
2026-04-09 17:17:08,505 - INFO - Test Precision: 0.8571
2026-04-09 17:17:08,508 - INFO - Test Recall: 0.5000
2026-04-09 17:17:08,510 - INFO - Test F1: 0.6316
2026-04-09 17:17:08,515 - INFO - Test ROC AUC: 0.8311
2026-04-09 17:17:11,612 - INFO - Confusion matrix saved: results\confusion_matrix\Imbalanced\38_variables\cm_RandomForest_tuned.png
2026-04-09 17:17:11,615 - INFO - 
--- Training XGBoost (Imbalanced) ---
2026-04-09 17:17:17,119 - INFO - 
XGBoost - Base
2026-04-09 17:17:17,129 - INFO - Train Accuracy: 1.0000
2026-04-09 17:17:17,134 - INFO - Train ROC AUC: 1.0000
2026-04-09 17:17:17,135 - INFO - Test Accuracy: 0.9302
2026-04-09 17:17:17,138 - INFO - Test Precision: 0.8750
2026-04-09 17:17:17,167 - INFO - Test Recall: 0.5833
2026-04-09 17:17:17,199 - INFO - Test F1: 0.7000
2026-04-09 17:17:17,219 - INFO - Test ROC AUC: 0.8851
2026-04-09 17:17:22,491 - INFO - Confusion matrix saved: results\confusion_matrix\Imbalanced\38_variables\cm_XGBoost_base.png
2026-04-09 17:17:22,498 - INFO - GridSearchCV for XGBClassifier
2026-04-09 17:17:34,072 - INFO - Best params: {'learning_rate': 0.01, 'max_depth': 3, 'n_estimators': 200}
2026-04-09 17:17:34,073 - INFO - Best CV score: 0.8984
2026-04-09 17:17:34,167 - INFO - 
XGBoost - Tuned
2026-04-09 17:17:34,167 - INFO - Train Accuracy: 0.9413
2026-04-09 17:17:34,168 - INFO - Train ROC AUC: 0.9543
2026-04-09 17:17:34,168 - INFO - Test Accuracy: 0.9186
2026-04-09 17:17:34,169 - INFO - Test Precision: 0.8571
2026-04-09 17:17:34,169 - INFO - Test Recall: 0.5000
2026-04-09 17:17:34,169 - INFO - Test F1: 0.6316
2026-04-09 17:17:34,170 - INFO - Test ROC AUC: 0.8789
2026-04-09 17:17:35,809 - INFO - Confusion matrix saved: results\confusion_matrix\Imbalanced\38_variables\cm_XGBoost_tuned.png
2026-04-09 17:17:35,838 - INFO - Model saved with joblib: models\best_model_XGBoost_Imbalanced_all.pkl
2026-04-09 17:17:35,860 - INFO - Pickle backup saved: models\best_model_XGBoost_Imbalanced_all_pickle.pkl
2026-04-09 17:17:35,867 - INFO - 
--- Training KNN (Imbalanced) ---
2026-04-09 17:17:36,236 - INFO - 
KNN - Base
2026-04-09 17:17:36,241 - INFO - Train Accuracy: 0.8982
2026-04-09 17:17:36,244 - INFO - Train ROC AUC: 0.9493
2026-04-09 17:17:36,247 - INFO - Test Accuracy: 0.8837
2026-04-09 17:17:36,249 - INFO - Test Precision: 0.7500
2026-04-09 17:17:36,250 - INFO - Test Recall: 0.2500
2026-04-09 17:17:36,252 - INFO - Test F1: 0.3750
2026-04-09 17:17:36,256 - INFO - Test ROC AUC: 0.7111
2026-04-09 17:17:38,404 - INFO - Confusion matrix saved: results\confusion_matrix\Imbalanced\38_variables\cm_KNN_base.png
2026-04-09 17:17:38,408 - INFO - GridSearchCV for KNeighborsClassifier
2026-04-09 17:17:39,903 - INFO - Best params: {'n_neighbors': 9, 'weights': 'uniform'}
2026-04-09 17:17:39,906 - INFO - Best CV score: 0.7924
2026-04-09 17:17:40,167 - INFO - 
KNN - Tuned
2026-04-09 17:17:40,168 - INFO - Train Accuracy: 0.8930
2026-04-09 17:17:40,169 - INFO - Train ROC AUC: 0.9356
2026-04-09 17:17:40,169 - INFO - Test Accuracy: 0.8837
2026-04-09 17:17:40,170 - INFO - Test Precision: 1.0000
2026-04-09 17:17:40,170 - INFO - Test Recall: 0.1667
2026-04-09 17:17:40,171 - INFO - Test F1: 0.2857
2026-04-09 17:17:40,173 - INFO - Test ROC AUC: 0.8401
2026-04-09 17:17:42,137 - INFO - Confusion matrix saved: results\confusion_matrix\Imbalanced\38_variables\cm_KNN_tuned.png
2026-04-09 17:17:42,139 - INFO - 
--- Training SVC (Imbalanced) ---
2026-04-09 17:17:42,714 - INFO - 
SVC - Base
2026-04-09 17:17:42,715 - INFO - Train Accuracy: 0.9491
2026-04-09 17:17:42,717 - INFO - Train ROC AUC: 0.9701
2026-04-09 17:17:42,718 - INFO - Test Accuracy: 0.9070
2026-04-09 17:17:42,719 - INFO - Test Precision: 0.8333
2026-04-09 17:17:42,719 - INFO - Test Recall: 0.4167
2026-04-09 17:17:42,720 - INFO - Test F1: 0.5556
2026-04-09 17:17:42,722 - INFO - Test ROC AUC: 0.8592
2026-04-09 17:17:44,790 - INFO - Confusion matrix saved: results\confusion_matrix\Imbalanced\38_variables\cm_SVC_base.png
2026-04-09 17:17:44,812 - INFO - GridSearchCV for SVC
2026-04-09 17:17:51,876 - INFO - Best params: {'C': 1, 'kernel': 'rbf'}
2026-04-09 17:17:51,879 - INFO - Best CV score: 0.8824
2026-04-09 17:17:52,162 - INFO - 
SVC - Tuned
2026-04-09 17:17:52,162 - INFO - Train Accuracy: 0.9491
2026-04-09 17:17:52,163 - INFO - Train ROC AUC: 0.9701
2026-04-09 17:17:52,164 - INFO - Test Accuracy: 0.9070
2026-04-09 17:17:52,165 - INFO - Test Precision: 0.8333
2026-04-09 17:17:52,165 - INFO - Test Recall: 0.4167
2026-04-09 17:17:52,166 - INFO - Test F1: 0.5556
2026-04-09 17:17:52,166 - INFO - Test ROC AUC: 0.8592
2026-04-09 17:17:53,978 - INFO - Confusion matrix saved: results\confusion_matrix\Imbalanced\38_variables\cm_SVC_tuned.png
2026-04-09 17:17:53,980 - INFO - 
--- Training GaussianNB (Imbalanced) ---
2026-04-09 17:17:54,065 - INFO - 
GaussianNB - Base
2026-04-09 17:17:54,066 - INFO - Train Accuracy: 0.8799
2026-04-09 17:17:54,067 - INFO - Train ROC AUC: 0.8587
2026-04-09 17:17:54,068 - INFO - Test Accuracy: 0.8953
2026-04-09 17:17:54,070 - INFO - Test Precision: 0.6154
2026-04-09 17:17:54,070 - INFO - Test Recall: 0.6667
2026-04-09 17:17:54,072 - INFO - Test F1: 0.6400
2026-04-09 17:17:54,074 - INFO - Test ROC AUC: 0.8716
2026-04-09 17:17:57,567 - INFO - Confusion matrix saved: results\confusion_matrix\Imbalanced\38_variables\cm_GaussianNB_base.png
2026-04-09 17:17:57,568 - INFO - GridSearchCV for GaussianNB
2026-04-09 17:17:57,931 - INFO - Best params: {'var_smoothing': 1e-09}
2026-04-09 17:17:57,932 - INFO - Best CV score: 0.8117
2026-04-09 17:17:58,018 - INFO - 
GaussianNB - Tuned
2026-04-09 17:17:58,020 - INFO - Train Accuracy: 0.8799
2026-04-09 17:17:58,021 - INFO - Train ROC AUC: 0.8587
2026-04-09 17:17:58,021 - INFO - Test Accuracy: 0.8953
2026-04-09 17:17:58,022 - INFO - Test Precision: 0.6154
2026-04-09 17:17:58,025 - INFO - Test Recall: 0.6667
2026-04-09 17:17:58,028 - INFO - Test F1: 0.6400
2026-04-09 17:17:58,029 - INFO - Test ROC AUC: 0.8716
2026-04-09 17:18:00,066 - INFO - Confusion matrix saved: results\confusion_matrix\Imbalanced\38_variables\cm_GaussianNB_tuned.png
2026-04-09 17:18:00,074 - INFO - 
======================================================================
2026-04-09 17:18:00,076 - INFO - TRAINING MODELS ON BALANCED DATA (SMOTE)
2026-04-09 17:18:00,076 - INFO - ======================================================================
2026-04-09 17:18:00,077 - INFO - 
--- Training LogisticRegression (Balanced SMOTE) ---
2026-04-09 17:18:00,254 - INFO - 
LogisticRegression - Base
2026-04-09 17:18:00,257 - INFO - Train Accuracy: 0.9015
2026-04-09 17:18:00,259 - INFO - Train ROC AUC: 0.9637
2026-04-09 17:18:00,261 - INFO - Test Accuracy: 0.7558
2026-04-09 17:18:00,262 - INFO - Test Precision: 0.3333
2026-04-09 17:18:00,262 - INFO - Test Recall: 0.7500
2026-04-09 17:18:00,263 - INFO - Test F1: 0.4615
2026-04-09 17:18:00,265 - INFO - Test ROC AUC: 0.8694
2026-04-09 17:18:02,922 - INFO - Confusion matrix saved: results\confusion_matrix\Balanced_SMOTE\38_variables\cm_LogisticRegression_base.png
2026-04-09 17:18:02,923 - INFO - GridSearchCV for LogisticRegression
2026-04-09 17:18:03,798 - INFO - Best params: {'C': 0.1, 'penalty': 'l1', 'solver': 'liblinear'}
2026-04-09 17:18:03,801 - INFO - Best CV score: 0.9482
2026-04-09 17:18:03,913 - INFO - 
LogisticRegression - Tuned
2026-04-09 17:18:03,914 - INFO - Train Accuracy: 0.8932
2026-04-09 17:18:03,915 - INFO - Train ROC AUC: 0.9593
2026-04-09 17:18:03,915 - INFO - Test Accuracy: 0.7674
2026-04-09 17:18:03,916 - INFO - Test Precision: 0.3462
2026-04-09 17:18:03,917 - INFO - Test Recall: 0.7500
2026-04-09 17:18:03,917 - INFO - Test F1: 0.4737
2026-04-09 17:18:03,918 - INFO - Test ROC AUC: 0.8885
2026-04-09 17:18:06,064 - INFO - Confusion matrix saved: results\confusion_matrix\Balanced_SMOTE\38_variables\cm_LogisticRegression_tuned.png
2026-04-09 17:18:06,066 - INFO - 
--- Training RandomForest (Balanced SMOTE) ---
2026-04-09 17:18:07,945 - INFO - 
RandomForest - Base
2026-04-09 17:18:07,957 - INFO - Train Accuracy: 1.0000
2026-04-09 17:18:07,961 - INFO - Train ROC AUC: 1.0000
2026-04-09 17:18:07,966 - INFO - Test Accuracy: 0.6977
2026-04-09 17:18:07,996 - INFO - Test Precision: 0.2667
2026-04-09 17:18:08,003 - INFO - Test Recall: 0.6667
2026-04-09 17:18:08,041 - INFO - Test F1: 0.3810
2026-04-09 17:18:08,059 - INFO - Test ROC AUC: 0.7641
2026-04-09 17:18:10,425 - INFO - Confusion matrix saved: results\confusion_matrix\Balanced_SMOTE\38_variables\cm_RandomForest_base.png
2026-04-09 17:18:10,429 - INFO - GridSearchCV for RandomForestClassifier
2026-04-09 17:19:05,410 - INFO - Best params: {'max_depth': 15, 'min_samples_leaf': 1, 'min_samples_split': 2, 'n_estimators': 200}
2026-04-09 17:19:05,412 - INFO - Best CV score: 0.9901
2026-04-09 17:19:06,013 - INFO - 
RandomForest - Tuned
2026-04-09 17:19:06,014 - INFO - Train Accuracy: 1.0000
2026-04-09 17:19:06,014 - INFO - Train ROC AUC: 1.0000
2026-04-09 17:19:06,016 - INFO - Test Accuracy: 0.7209
2026-04-09 17:19:06,018 - INFO - Test Precision: 0.2857
2026-04-09 17:19:06,020 - INFO - Test Recall: 0.6667
2026-04-09 17:19:06,023 - INFO - Test F1: 0.4000
2026-04-09 17:19:06,023 - INFO - Test ROC AUC: 0.8080
2026-04-09 17:19:08,503 - INFO - Confusion matrix saved: results\confusion_matrix\Balanced_SMOTE\38_variables\cm_RandomForest_tuned.png
2026-04-09 17:19:08,505 - INFO - 
--- Training XGBoost (Balanced SMOTE) ---
2026-04-09 17:19:09,638 - INFO - 
XGBoost - Base
2026-04-09 17:19:09,639 - INFO - Train Accuracy: 1.0000
2026-04-09 17:19:09,640 - INFO - Train ROC AUC: 1.0000
2026-04-09 17:19:09,640 - INFO - Test Accuracy: 0.2442
2026-04-09 17:19:09,641 - INFO - Test Precision: 0.1558
2026-04-09 17:19:09,641 - INFO - Test Recall: 1.0000
2026-04-09 17:19:09,642 - INFO - Test F1: 0.2697
2026-04-09 17:19:09,643 - INFO - Test ROC AUC: 0.8153
2026-04-09 17:19:11,348 - INFO - Confusion matrix saved: results\confusion_matrix\Balanced_SMOTE\38_variables\cm_XGBoost_base.png
2026-04-09 17:19:11,352 - INFO - GridSearchCV for XGBClassifier
2026-04-09 17:19:32,905 - INFO - Best params: {'learning_rate': 0.1, 'max_depth': 5, 'n_estimators': 200}
2026-04-09 17:19:32,906 - INFO - Best CV score: 0.9854
2026-04-09 17:19:33,028 - INFO - 
XGBoost - Tuned
2026-04-09 17:19:33,032 - INFO - Train Accuracy: 1.0000
2026-04-09 17:19:33,032 - INFO - Train ROC AUC: 1.0000
2026-04-09 17:19:33,033 - INFO - Test Accuracy: 0.3605
2026-04-09 17:19:33,034 - INFO - Test Precision: 0.1791
2026-04-09 17:19:33,035 - INFO - Test Recall: 1.0000
2026-04-09 17:19:33,043 - INFO - Test F1: 0.3038
2026-04-09 17:19:33,047 - INFO - Test ROC AUC: 0.8187
2026-04-09 17:19:35,394 - INFO - Confusion matrix saved: results\confusion_matrix\Balanced_SMOTE\38_variables\cm_XGBoost_tuned.png
2026-04-09 17:19:35,436 - INFO - Model saved with joblib: models\best_model_XGBoost_Balanced_SMOTE_all.pkl
2026-04-09 17:19:35,464 - INFO - Pickle backup saved: models\best_model_XGBoost_Balanced_SMOTE_all_pickle.pkl
2026-04-09 17:19:35,475 - INFO - 
--- Training KNN (Balanced SMOTE) ---
2026-04-09 17:19:35,681 - INFO - 
KNN - Base
2026-04-09 17:19:35,682 - INFO - Train Accuracy: 0.9295
2026-04-09 17:19:35,682 - INFO - Train ROC AUC: 0.9902
2026-04-09 17:19:35,683 - INFO - Test Accuracy: 0.8023
2026-04-09 17:19:35,684 - INFO - Test Precision: 0.3913
2026-04-09 17:19:35,684 - INFO - Test Recall: 0.7500
2026-04-09 17:19:35,684 - INFO - Test F1: 0.5143
2026-04-09 17:19:35,685 - INFO - Test ROC AUC: 0.7534
2026-04-09 17:19:37,927 - INFO - Confusion matrix saved: results\confusion_matrix\Balanced_SMOTE\38_variables\cm_KNN_base.png
2026-04-09 17:19:37,927 - INFO - GridSearchCV for KNeighborsClassifier
2026-04-09 17:19:38,537 - INFO - Best params: {'n_neighbors': 7, 'weights': 'distance'}
2026-04-09 17:19:38,538 - INFO - Best CV score: 0.9697
2026-04-09 17:19:38,725 - INFO - 
KNN - Tuned
2026-04-09 17:19:38,725 - INFO - Train Accuracy: 1.0000
2026-04-09 17:19:38,726 - INFO - Train ROC AUC: 1.0000
2026-04-09 17:19:38,727 - INFO - Test Accuracy: 0.7791
2026-04-09 17:19:38,727 - INFO - Test Precision: 0.3600
2026-04-09 17:19:38,728 - INFO - Test Recall: 0.7500
2026-04-09 17:19:38,728 - INFO - Test F1: 0.4865
2026-04-09 17:19:38,729 - INFO - Test ROC AUC: 0.7635
2026-04-09 17:19:40,461 - INFO - Confusion matrix saved: results\confusion_matrix\Balanced_SMOTE\38_variables\cm_KNN_tuned.png
2026-04-09 17:19:40,464 - INFO - 
--- Training SVC (Balanced SMOTE) ---
2026-04-09 17:19:41,999 - INFO - 
SVC - Base
2026-04-09 17:19:42,004 - INFO - Train Accuracy: 0.9682
2026-04-09 17:19:42,004 - INFO - Train ROC AUC: 0.9956
2026-04-09 17:19:42,005 - INFO - Test Accuracy: 0.7907
2026-04-09 17:19:42,005 - INFO - Test Precision: 0.3636
2026-04-09 17:19:42,005 - INFO - Test Recall: 0.6667
2026-04-09 17:19:42,006 - INFO - Test F1: 0.4706
2026-04-09 17:19:42,007 - INFO - Test ROC AUC: 0.8468
2026-04-09 17:19:43,813 - INFO - Confusion matrix saved: results\confusion_matrix\Balanced_SMOTE\38_variables\cm_SVC_base.png
2026-04-09 17:19:43,814 - INFO - GridSearchCV for SVC
2026-04-09 17:20:01,533 - INFO - Best params: {'C': 10, 'kernel': 'rbf'}
2026-04-09 17:20:01,535 - INFO - Best CV score: 0.9846
2026-04-09 17:20:02,125 - INFO - 
SVC - Tuned
2026-04-09 17:20:02,125 - INFO - Train Accuracy: 0.9985
2026-04-09 17:20:02,127 - INFO - Train ROC AUC: 1.0000
2026-04-09 17:20:02,131 - INFO - Test Accuracy: 0.8372
2026-04-09 17:20:02,132 - INFO - Test Precision: 0.4375
2026-04-09 17:20:02,133 - INFO - Test Recall: 0.5833
2026-04-09 17:20:02,134 - INFO - Test F1: 0.5000
2026-04-09 17:20:02,136 - INFO - Test ROC AUC: 0.8086
2026-04-09 17:20:04,220 - INFO - Confusion matrix saved: results\confusion_matrix\Balanced_SMOTE\38_variables\cm_SVC_tuned.png
2026-04-09 17:20:04,224 - INFO - 
--- Training GaussianNB (Balanced SMOTE) ---
2026-04-09 17:20:04,307 - INFO - 
GaussianNB - Base
2026-04-09 17:20:04,311 - INFO - Train Accuracy: 0.8030
2026-04-09 17:20:04,313 - INFO - Train ROC AUC: 0.8742
2026-04-09 17:20:04,313 - INFO - Test Accuracy: 0.7326
2026-04-09 17:20:04,314 - INFO - Test Precision: 0.3226
2026-04-09 17:20:04,315 - INFO - Test Recall: 0.8333
2026-04-09 17:20:04,315 - INFO - Test F1: 0.4651
2026-04-09 17:20:04,316 - INFO - Test ROC AUC: 0.8891
2026-04-09 17:20:06,664 - INFO - Confusion matrix saved: results\confusion_matrix\Balanced_SMOTE\38_variables\cm_GaussianNB_base.png
2026-04-09 17:20:06,665 - INFO - GridSearchCV for GaussianNB
2026-04-09 17:20:07,080 - INFO - Best params: {'var_smoothing': 1e-09}
2026-04-09 17:20:07,103 - INFO - Best CV score: 0.8623
2026-04-09 17:20:07,236 - INFO - 
GaussianNB - Tuned
2026-04-09 17:20:07,236 - INFO - Train Accuracy: 0.8030
2026-04-09 17:20:07,237 - INFO - Train ROC AUC: 0.8742
2026-04-09 17:20:07,237 - INFO - Test Accuracy: 0.7326
2026-04-09 17:20:07,238 - INFO - Test Precision: 0.3226
2026-04-09 17:20:07,239 - INFO - Test Recall: 0.8333
2026-04-09 17:20:07,240 - INFO - Test F1: 0.4651
2026-04-09 17:20:07,240 - INFO - Test ROC AUC: 0.8891
2026-04-09 17:20:08,925 - INFO - Confusion matrix saved: results\confusion_matrix\Balanced_SMOTE\38_variables\cm_GaussianNB_tuned.png
2026-04-09 17:20:11,804 - INFO - ROC plot saved: results\roc_curves\roc_Imbalanced_all.png
2026-04-09 17:20:14,925 - INFO - ROC plot saved: results\roc_curves\roc_Balanced_SMOTE_all.png
2026-04-09 17:20:18,535 - INFO - Feature importance plot saved: results\feature_importances\feature_importance_Imbalanced_all.png
2026-04-09 17:20:22,468 - INFO - Feature importance plot saved: results\feature_importances\feature_importance_Balanced_SMOTE_all.png
2026-04-09 17:20:22,571 - INFO - Training done!
